id	disposition	evidence	current_class
cex-2z-is-not-a-subring	pending		
cex-a-bernstein-set	pending		
cex-a-biholomorphism-between-the-disc-and-the-punctured-disc-cannot-exist	pending		
cex-a-bijection-of-hom-sets-that-does-not-exhibit-a-cotensor	pending		
cex-a-bijection-of-underlying-hom-sets-does-not-establish-a-cotensor	pending		
cex-a-bijective-smooth-map-with-nonsmooth-inverse	pending		
cex-a-bivector-in-r-four-need-not-be-decomposable	pending		
cex-a-c-one-bijection-of-the-line-that-is-not-a-diffeomorphism	pending		
cex-a-c1-map-whose-critical-values-have-positive-measure	pending		
cex-a-category-that-is-not-well-powered	pending		
cex-a-category-with-enough-injectives-but-not-enough-projectives	pending		
cex-a-category-with-products-and-a-diagram-without-a-limit	pending		
cex-a-cauchy-sequence-in-calligraphic-l-p-can-converge-to-two-distinct-functions	pending		
cex-a-cell-decomposition-without-the-weak-topology-need-not-be-a-cw-complex	pending		
cex-a-character-modulus-need-not-be-its-conductor	pending		
cex-a-chart-dependent-coordinate-vector-is-not-an-intrinsic-tangent-vector	pending		
cex-a-closed-graph-without-continuity	pending		
cex-a-closed-subspace-need-not-have-a-best-approximation	pending		
cex-a-coequalizer-not-preserved-by-a-forgetful-functor	pending		
cex-a-comb-can-have-an-edge-between-two-blocks	pending		
cex-a-comb-fails-when-a-tooth-sees-a-foreign-block	pending		
cex-a-complement-in-a-semidirect-product-need-not-be-normal	pending		
cex-a-complete-category-whose-coseparating-sets-are-never-small	pending		
cex-a-complete-graph-has-no-large-sparse-set	pending		
cex-a-complex-linear-map-can-fail-to-preserve-a-chosen-real-form	pending		
cex-a-componentwise-family-that-is-not-a-unit	pending		
cex-a-composition-of-integrable-functions-that-is-not-integrable	pending		
cex-a-conservative-functor-that-is-not-monadic	pending		
cex-a-continuous-function-on-a-non-closed-subspace-with-no-extension	pending		
cex-a-continuous-image-of-a-locally-compact-space	pending		
cex-a-continuous-preimage-can-break-lebesgue-measurability	pending		
cex-a-count-that-double-counts	pending		
cex-a-covariant-hom-functor-on-an-additive-category-need-not-preserve-cokernels	pending		
cex-a-critical-point-free-noncompact-band-need-not-be-a-global-product	pending		
cex-a-curl-free-c1-field-on-an-open-subset-of-r3-that-is-not-conservative	pending		
cex-a-defective-jordan-block-has-ill-conditioned-eigenvectors	pending		
cex-a-defective-jordan-block-produces-square-root-eigenvalue-splitting	pending		
cex-a-degenerate-isolated-critical-point	pending		
cex-a-degenerate-nonisolated-critical-set	pending		
cex-a-degreewise-split-cone-sequence-with-no-chain-splitting	pending		
cex-a-dfa-transition-diagram-may-omit-a-sink-without-changing-totality	pending		
cex-a-difference-of-nested-modules-need-not-be-a-module	pending		
cex-a-disconnected-base-allows-variable-sheet-number	pending		
cex-a-distribution-function-need-not-have-a-density	pending		
cex-a-domain-of-holomorphy-need-not-be-convex	pending		
cex-a-family-of-components-need-not-be-natural	pending		
cex-a-finitely-additive-finite-valued-set-function-can-have-infinite-total-variation	pending		
cex-a-full-subcategory-limit-can-differ-from-ambient-limit	pending		
cex-a-function-can-have-measurable-level-sets-without-being-measurable	pending		
cex-a-function-with-a-primitive-that-is-not-integrable	pending		
cex-a-functor-preserving-monomorphisms-but-not-pullbacks	pending		
cex-a-general-member-of-an-abelian-group-need-not-come-from-an-element	pending		
cex-a-harmonic-function-can-vanish-on-a-line-without-vanishing-identically	pending		
cex-a-kan-extension-that-is-not-pointwise	pending		
cex-a-laurent-series-on-a-punctured-disc-can-have-infinitely-many-negative-terms	pending		
cex-a-list-of-length-mn-with-no-long-monotone-sublist	pending		
cex-a-map-between-two-catalan-families-that-is-not-injective	pending		
cex-a-maximal-antichain-that-is-not-maximum	pending		
cex-a-meromorphic-function-on-the-plane-can-omit-two-sphere-values	pending		
cex-a-monoidal-category-need-not-be-closed	pending		
cex-a-monomorphism-need-not-split	pending		
cex-a-multiple-traversal-has-the-same-circle-trace-but-greater-length	pending		
cex-a-nearest-point-projection-is-not-unique-outside-the-tubular-radius	pending		
cex-a-no-proper-power-presentation-with-torsion-outside-small-cancellation	pending		
cex-a-non-disjoint-union-does-not-satisfy-the-sum-rule	pending		
cex-a-non-locally-finite-poset	pending		
cex-a-non-locally-finite-sum-can-be-discontinuous	no_candidate_found	root-partitions-examples-01-receipts.json	
cex-a-non-split-short-exact-sequence-of-abelian-groups	pending		
cex-a-noncommutative-handedness-error-in-tor	no_candidate_found	tor-pilot.json	
cex-a-noncompactly-supported-form-with-divergent-chart-integral	pending		
cex-a-noncoprime-residue-class-has-no-dirichlet-conclusion	pending		
cex-a-noncylinder-path-functional-may-fail-measurability	pending		
cex-a-noninvariant-quadratic-pbw-element-is-not-central	pending		
cex-a-nonnatural-choice-of-connecting-maps-does-not-form-a-delta-functor	pending		
cex-a-nonnatural-choice-of-uct-splitting	pending		
cex-a-nonproper-pullback-destroys-compact-support	pending		
cex-a-nonzero-function-on-a-null-set-has-zero-l-p-seminorm	pending		
cex-a-nonzero-polynomial-vanishing-on-a-grid-of-exactly-its-degree	pending		
cex-a-null-set-that-is-no-functions-discontinuity-set	pending		
cex-a-partition-that-is-not-self-conjugate	pending		
cex-a-path-connected-space-that-is-not-locally-connected	pending		
cex-a-pointwise-finite-smooth-family-whose-sum-is-not-continuous	pending		
cex-a-preconditioner-can-worsen-the-preconditioned-condition-number	pending		
cex-a-product-without-unique-factorisation-does-not-satisfy-the-product-rule	pending		
cex-a-proper-subgroup-of-r-can-be-nonmeasurable	pending		
cex-a-quasi-isometry-need-not-be-continuous-injective-or-surjective	pending		
cex-a-quasi-isomorphism-that-is-not-an-isomorphism-of-complexes	pending		
cex-a-quasi-isomorphism-with-no-homotopy-inverse	pending		
cex-a-random-variable-need-not-have-a-finite-expectation	pending		
cex-a-rank-drop-at-a-point-need-not-persist-locally	pending		
cex-a-rank-jumping-kernel-is-not-a-vector-subbundle	pending		
cex-a-rational-recurrence-may-need-a-proper-splitting-field	pending		
cex-a-reflective-inclusion-need-not-preserve-colimits	pending		
cex-a-reflexive-pair-whose-coequalizer-is-not-preserved	pending		
cex-a-root-field-need-not-be-a-splitting-field	pending		
cex-a-round-annulus-is-connected-but-not-simply-connected	pending		
cex-a-set-theoretic-section-of-c-four-onto-c-two-need-not-be-homomorphic	pending		
cex-a-sieve-computation-that-omits-a-term	pending		
cex-a-singular-cochain-is-not-a-finite-singular-chain	pending		
cex-a-smooth-approximation-without-relative-control-destroys-prescribed-values	pending		U-P
cex-a-snake-configuration-whose-kernel-row-is-not-short-exact	pending		
cex-a-special-p-group-that-is-not-extraspecial	pending		
cex-a-stable-letter-word-that-is-not-britton-reduced	pending		
cex-a-start-vector-orthogonal-to-the-dominant-left-eigendirection-can-defeat-power-iteration	pending		
cex-a-step-set-for-which-the-reflection-argument-fails	pending		
cex-a-subgraph-copy-need-not-be-induced	pending		
cex-a-subgroup-of-an-abelian-group-need-not-be-characteristic	pending		
cex-a-submanifold-meeting-the-ambient-boundary-nonneatly	pending		
cex-a-subobject-lattice-need-not-be-distributive	pending		
cex-a-surjective-local-homeomorphism-need-not-be-a-covering-map	pending		
cex-a-symmetric-design-need-not-be-a-projective-plane	pending		
cex-a-symmetric-transitive-relation-that-is-not-reflexive	pending		
cex-a-tangent-intersection-whose-set-theoretic-intersection-is-not-of-the-expected-dimension	pending		
cex-a-three-term-zero-composite-diagram-that-is-not-distinguished	pending		
cex-a-tiny-residual-does-not-force-a-small-forward-error	pending		
cex-a-tree-cayley-graph-need-not-come-from-a-free-generating-set	pending		
cex-a-union-of-two-disjoint-modules-need-not-be-a-module	pending		
cex-a-variable-rank-involutive-family-outside-regular-frobenius	pending		
cex-a-vector-field-with-no-pullback-under-a-noninjective-map	pending		
cex-a-vertex-map-need-not-be-simplicial	pending		
cex-a-vitali-set	pending		
cex-a-weight-module-with-unbounded-upward-support-is-not-in-o	pending		
cex-a-wild-arc-drawing-is-not-a-plane-graph	pending		
cex-a-zero-kernel-does-not-force-monicity-in-a-merely-semiadditive-category	pending		
cex-abel-summability-does-not-imply-ordinary-convergence	pending		
cex-abel-test-needs-monotonicity	pending		
cex-abelian-groups-do-not-satisfy-ab5-star	pending		
cex-absolute-value-integrable-without-the-function	pending		
cex-absolute-value-is-not-differentiable-at-zero	pending		
cex-acyclic-disconnected-graph	pending		
cex-additive-rationals-show-finiteness-is-essential	pending		
cex-ae-equality-can-fail-on-an-incomplete-space	pending		
cex-ae-zero-derivative-does-not-determine-endpoint-change	pending		
cex-affine-intersection-bound-singular-ambient	pending		
cex-almost-sure-convergence-does-not-imply-convergence-of-expectations	pending		
cex-almost-sure-convergence-need-not-imply-lp-convergence	pending		
cex-amenability-does-not-imply-subexponential-growth	pending		
cex-an-abelian-category-with-no-nonzero-projective-object	pending		
cex-an-abscissa-need-not-be-a-line-of-convergence	pending		
cex-an-absolutely-continuous-finite-measure-can-have-an-unbounded-radon-nikodym-derivative	pending		
cex-an-abstractly-dense-proper-subgroup-of-zp	pending		
cex-an-acyclic-noncontractible-complex-from-a-nonsplit-extension	pending		
cex-an-acyclic-noncontractible-cone	pending		
cex-an-adjunction-whose-triangle-identities-fail-for-a-wrong-counit	pending		
cex-an-algebra-that-is-not-free	pending		
cex-an-algebraic-complement-need-not-be-topological	pending		
cex-an-algebraic-extension-need-not-be-finite	pending		
cex-an-ambiguous-cfg-need-not-generate-an-inherently-ambiguous-language	pending		
cex-an-annihilating-polynomial-need-not-be-minimal	pending		
cex-an-arbitrary-transversal-does-not-give-the-reduced-schreier-basis	pending		
cex-an-averaging-bound-that-is-not-attained	pending		
cex-an-eigenvector-branch-cannot-stay-differentiable-through-a-symmetric-crossing	pending		
cex-an-exact-functor-need-not-be-faithful	pending		
cex-an-excellent-approximation-at-the-legendre-boundary	pending		
cex-an-incidence-function-with-nonunit-diagonal	pending		
cex-an-incomplete-gradient-flow-on-a-noncompact-manifold	pending		
cex-an-incomplete-subspace-need-not-be-closed	pending		A-P
cex-an-indefinite-nondegenerate-form-need-not-split-off-orthogonal-complements	pending		
cex-an-index-one-moduli-space-can-be-infinite-without-compactness	pending		
cex-an-infinite-coproduct-need-not-agree-with-the-infinite-product	pending		
cex-an-infinite-dimensional-vector-space-has-no-dual-object	pending		
cex-an-infinite-direct-sum-of-verma-modules-is-not-in-category-o	pending		
cex-an-infinite-generating-set-destroys-the-comparison-of-word-metrics	pending		
cex-an-infinite-level-is-not-a-combinatorial-class	pending		
cex-an-integrable-function-with-no-primitive	pending		
cex-an-intersection-of-cyclotomic-extensions-larger-than-the-gcd-case	pending		
cex-an-inward-pointing-field-with-no-negative-time-flow-in-the-half-line	pending		
cex-an-odd-three-mod-four-valuation-obstructs-two-squares	pending		
cex-an-oracle-machine-reads-the-infinite-oracle-at-once	pending		
cex-an-ordered-eigenvector-branch-need-not-be-differentiable-through-a-crossing	pending		
cex-an-ordinary-irreducible-with-reducible-mod-p-reduction	pending		A-R
cex-an-overlap-at-exactly-one-sixth-under-the-strict-convention	pending		
cex-an-unbounded-complex-of-projectives-that-is-not-k-projective	pending		
cex-an-unbounded-harmonic-function-need-not-extend-across-a-puncture	pending		
cex-an-uncountable-disjoint-union-of-points-is-not-second-countable	pending		
cex-an-uncountable-supremum-of-indicators-need-not-be-measurable	pending		
cex-an-unordered-infinite-zero-sum-is-not-a-formula	pending		
cex-annulus-is-connected-but-not-homologically-simply-connected	pending		
cex-annulus-needs-a-pole-in-each-bounded-complementary-component	pending		
cex-antidiagonal-of-the-sorgenfrey-plane	pending		
cex-antisymmetric-need-not-be-alternating-in-characteristic-two	no_candidate_found	root-determinants-02-receipts.json	
cex-arc-length-is-not-continuous-under-uniform-convergence	pending		
cex-arcsine-not-differentiable-at-endpoints	pending		
cex-arcsine-of-sine-is-not-the-identity	pending		
cex-based-circle-loops-with-the-same-endpoints-need-not-be-path-homotopic	pending		
cex-boundary-accumulation-does-not-force-holomorphic-identity	pending		
cex-boundary-convergent-power-series-no-larger-holomorphic-disc	pending		
cex-bounded-not-totally-bounded	pending		
cex-bounded-open-set-with-nonnull-boundary	pending		
cex-bounded-total-derivative-on-a-nonconvex-domain-need-not-give-global-lipschitz	pending		
cex-boundedness-does-not-replace-pointwise-relative-compactness	pending		
cex-boundedness-is-not-topological	pending		
cex-box-topology-diagonal-not-continuous	pending		
cex-c-four-and-v-four-can-share-a-nonfaithful-cycle-index	pending		
cex-c-two-minus-a-complex-line-is-a-domain-of-holomorphy	pending		
cex-c6-and-two-triangles-share-a-degree-sequence	pending		
cex-calling-one-prime-destroys-uniqueness	pending		
cex-cancellative-monoid-not-a-group	pending		
cex-canonical-bidual-map-need-not-be-surjective	pending		
cex-cantor-intersection-needs-vanishing-diameters	pending		U-P
cex-cantor-measure-is-atomless-but-not-absolutely-continuous	pending		
cex-cantor-point-that-is-not-an-endpoint	pending		
cex-carleson-maximal-operator-is-not-strong-type-one-one	pending		
cex-category-o-is-not-extension-closed-in-all-g-modules	pending		
cex-cauchy-davenport-fails-for-a-composite-modulus	pending		
cex-cauchy-mean-value-quotient-form-needs-a-nonvanishing-derivative	pending		
cex-cauchy-product-of-convergent-series-diverges	pending		
cex-cauchy-rationals-no-rational-limit	pending		
cex-cauchys-theorem-does-not-extend-to-composite-divisors	pending		
cex-characteristic-cauchy-data-may-be-nonunique-or-incompatible	pending		
cex-characteristic-initial-data-for-a-fully-nonlinear-equation	pending		
cex-chebyshev-bounds-do-not-give-the-prime-number-theorem	pending		
cex-chinese-remainder-without-coprimality	pending		
cex-circular-curve-defeats-vector-valued-mean-value-equality	pending		
cex-closed-and-bounded-not-compact-in-the-sup-metric	pending		
cex-closed-bounded-in-q-not-compact	pending		
cex-closed-graph-fails-without-completeness	pending		
cex-closed-set-with-an-isolated-point-is-not-perfect	pending		
cex-closed-subset-does-not-determine-closed-subscheme	pending		
cex-closed-unbounded-euclidean-subset-not-compact	pending		
cex-closure-of-ball-smaller-than-closed-ball	pending		
cex-common-divisors-of-zero-have-no-greatest-element	pending		
cex-common-jump-prevents-riemann-stieltjes-integrability	pending		
cex-commutative-monoids-are-semiadditive-and-not-additive	pending		
cex-commuting-endomorphisms-need-not-be-diagonalisable	pending		
cex-compact-convergence-without-uniform-convergence	pending		
cex-compact-set-without-jordan-content	pending		
cex-compact-solid-without-jordan-volume	pending		
cex-comparison-needs-nonnegativity	pending		
cex-completed-product-sections-need-not-be-pointwise-measurable	pending		A-P
cex-completeness-is-not-topological	pending		
cex-complex-conjugation-is-a-sphere-homeomorphism-not-holomorphic	pending		
cex-complex-conjugation-preserves-unoriented-angles-but-is-not-conformal	pending		
cex-complex-continuous-multiplicative-map-not-the-standard-exponential	pending		
cex-complex-power-series-not-uniform-on-its-open-disc	pending		
cex-complex-squaring-is-not-globally-invertible	pending		
cex-components-differ-from-quasicomponents	pending		
cex-composition-factors-do-not-determine-the-extension	pending		
cex-composition-of-limits-fails	pending		
cex-composition-of-relations-is-not-commutative	pending		
cex-condensation-needs-monotonicity	pending		
cex-condition-number-depends-on-the-chosen-norm-and-scaling	pending		
cex-conditional-linear-sum-does-not-force-product-convergence	pending		
cex-conditionally-convergent-euler-product-rearrangement	pending		
cex-cone-level-set-has-a-rank-drop-at-the-apex	pending		
cex-congruence-need-not-preserve-trace-or-determinant	pending		
cex-conjugate-gradients-can-break-on-a-symmetric-indefinite-system	pending		
cex-conjugate-gradients-does-not-apply-to-a-nonsymmetric-invertible-matrix	pending		
cex-conjugation-does-not-send-distinct-parts-to-odd-parts	pending		
cex-connected-domain-need-not-be-star-shaped	pending		
cex-connected-even-degree-bowtie-is-not-a-cycle	pending		
cex-connected-graphs-are-not-hereditary	pending		
cex-consistent-marginals-alone-do-not-specify-joint-laws	pending		
cex-constant-functions-are-equicontinuous-not-pointwise-bounded	pending		
cex-constant-presheaf-not-sheaf-disconnected-open	pending		
cex-continuity-alone-does-not-satisfy-a-dini-modulus	pending		
cex-continuity-does-not-imply-absolute-fourier-convergence	pending		
cex-continuity-from-above-without-finite-first-measure	pending		
cex-continuous-bijection-not-a-homeomorphism	pending		
cex-continuous-cantor-image-raises-hausdorff-dimension	pending		
cex-continuous-fourier-series-need-not-converge-everywhere	pending		
cex-continuous-function-of-unbounded-variation	pending		
cex-continuous-function-with-divergent-fourier-series-at-a-point	pending		
cex-continuous-injection-on-a-non-interval-need-not-be-monotone	pending		
cex-continuous-map-destroying-cauchyness	pending		
cex-continuous-ode-with-nonunique-delayed-solutions	pending		
cex-contraction-on-an-incomplete-space	pending		
cex-contravariant-hom-need-not-be-right-exact	pending		
cex-convergence-in-distribution-need-not-be-in-probability	pending		
cex-convergence-in-probability-need-not-be-almost-sure	pending		
cex-convergence-in-probability-need-not-imply-lp-convergence	pending		
cex-convex-function-on-closed-convex-set-discontinuous-at-the-boundary	pending		
cex-convex-function-with-empty-subdifferential-at-a-boundary-point	pending		
cex-coset-multiplication-by-a-nonnormal-subgroup	pending		
cex-cospectral-graphs-need-not-be-isomorphic	no_candidate_found	root-spectral-02-receipts.json	
cex-countable-partitions-can-be-strictly-better-than-finite-ones-for-a-complex-measure	pending		
cex-countably-many-concentric-circles-give-an-injective-immersion-not-an-embedding	pending		
cex-counting-measure-on-zero-one-shows-the-dominating-measure-needs-sigma-finiteness	pending		
cex-critical-value-can-have-a-smooth-level-set	pending		
cex-cube-root-of-two-is-not-algebraically-constructible	pending		
cex-cusp-level-set-has-a-rank-drop-at-the-origin	pending		
cex-cyclic-prime-square-extension-does-not-split	pending		
cex-cyclic-subgroups-do-not-give-integral-induction-in-general	pending		
cex-decreasing-convergence-without-an-integrable-start-does-not-preserve-the-integral	pending		
cex-dedekind-kummer-without-the-index-hypothesis	pending		
cex-degenerate-surface-parametrization-collapses-to-a-curve	pending		
cex-degree-is-not-defined-by-top-homology-for-self-maps-of-s-zero	pending		
cex-degree-p-squared-purely-inseparable-extension-is-not-simple	pending		
cex-degree-zero-does-not-imply-a-sphere-map-is-constant	pending		
cex-delete-only-relator-rewriting-can-require-lengthening	pending		
cex-delete-only-relator-rewriting-is-order-dependent	pending		
cex-delete-only-relator-rewriting-misses-ba	pending		
cex-dense-set-of-measure-zero	pending		
cex-dependent-variables-need-not-factor-expectation	pending		
cex-dieudonne-borel-measure-on-omega-one-plus-one-is-not-regular	pending		
cex-differentiable-with-unbounded-derivative-is-not-lipschitz	pending		
cex-differentiation-under-an-improper-integral-without-domination	pending		
cex-dimension-empty-set-minus-infinity-needed	pending		
cex-dimension-formula-fails-for-three-subspaces	pending		
cex-dimension-one-binary-digit-set-with-zero-length	pending		
cex-dini-needs-a-compact-domain	pending		
cex-dini-needs-a-continuous-limit	pending		
cex-dini-needs-continuous-approximants	pending		
cex-dini-needs-monotonicity	pending		
cex-dirac-threshold-sharp	pending		
cex-directional-derivatives-without-total-differentiability	pending		
cex-directional-sparsity-is-not-symmetric	pending		
cex-dirichlet-density-alone-does-not-give-a-counting-asymptotic	pending		
cex-dirichlet-density-does-not-mean-integer-natural-density	pending		
cex-dirichlet-function-is-positive-but-has-zero-lebesgue-integral	pending		
cex-dirichlet-has-no-limit-anywhere	pending		
cex-dirichlet-is-not-riemann-integrable	pending		
cex-dirichlet-is-nowhere-continuous	pending		
cex-disc-algebra-is-not-dense-without-self-adjointness	pending		
cex-discontinuous-logarithmic-functional-equation	pending		
cex-discontinuous-midpoint-convex-hamel-function	pending		
cex-discontinuous-multiplicative-cauchy-solution	pending		
cex-discontinuous-right-hand-side-with-no-local-solution	pending		
cex-distinct-borel-measures-can-represent-the-same-c-c-functional	pending		
cex-distinct-polynomials-can-induce-the-same-finite-field-function	pending		
cex-distinct-quadratic-forms-have-the-same-polar-form-in-characteristic-two	pending		
cex-distinct-subspaces-of-the-dual-can-have-the-same-preannihilator	pending		
cex-divergent-probability-sum-without-independence	pending		
cex-divides-a-product-without-dividing-a-factor	pending		
cex-domain-tensor-algebraic-closure-reducible	pending		
cex-dual-functor-is-not-covariant	pending		
cex-e-to-n-z-converges-chordally-to-infinity-on-the-right-half-plane	pending		
cex-e-to-one-over-z-shows-essential-singularities-break-the-argument-principle	pending		
cex-e-to-z-is-meromorphic-on-c-but-not-on-the-riemann-sphere	pending		
cex-edge-deletion-alone-cannot-prove-induced-removal	pending		
cex-embedding-not-order-preserving	pending		
cex-empty-set-has-no-sup	pending		
cex-enumerating-relator-consequences-does-not-decide-nontriviality	pending		
cex-equal-central-character-does-not-give-every-verma-embedding-direction	pending		
cex-equal-dominant-moduli-can-make-power-iteration-cycle	pending		
cex-equal-homology-does-not-imply-homotopy-equivalence	pending		
cex-equal-iterated-integrals-do-not-imply-l-one-integrability	pending		
cex-equal-probability-events-need-not-be-independent	pending		
cex-equal-size-intervals-with-different-mobius-values	pending		
cex-equality-almost-surely-is-not-pointwise-equality	pending		
cex-equivalent-categories-need-not-be-isomorphic	pending		
cex-equivalent-metrics-need-not-come-from-equivalent-norms	pending		
cex-erdos-ko-rado-fails-below-two-k	pending		
cex-euler-totient-need-not-be-the-unit-group-exponent	pending		
cex-eulerian-not-hamiltonian	pending		
cex-eulerian-statistic-need-not-be-mahonian	pending		
cex-even-polynomial-algebra-is-not-dense	pending		
cex-evt-and-ivt-fail-over-a-non-complete-field	pending		
cex-evt-fails-on-the-open-interval-and-on-the-half-line	pending		A-R
cex-evt-fails-without-compactness	pending		
cex-excision-fails-without-the-closure-inside-interior-hypothesis	pending		
cex-exp-one-over-z-is-essential-and-omits-zero	pending		
cex-exp-z-one-z-two-has-invertible-complex-jacobian-and-is-not-injective	pending		
cex-exponential-is-a-holomorphic-surjection-of-c-onto-c-times-not-an-automorphism	pending		
cex-exponential-not-uniformly-continuous-on-r	pending		
cex-exponential-product-limit-not-uniform-on-r	pending		
cex-extension-by-zero-differs-direct-image	pending		
cex-extension-by-zero-without-support-away-from-the-boundary-is-not-smooth	pending		A-R
cex-extensionality-is-needed-for-injective-collapse	pending		
cex-factorial-generating-series-is-not-rational	pending		
cex-factorial-power-series-has-radius-zero	pending		
cex-faithful-transitive-action-need-not-be-free	pending		
cex-fatou-can-be-strict-and-domination-can-fail-simultaneously	pending		
cex-fejer-means-need-not-converge-uniformly-for-discontinuous-data	pending		
cex-fermat-fails-at-an-endpoint	pending		
cex-filtered-colimits-need-not-commute-with-infinite-products-in-set	pending		
cex-filtered-vector-spaces-fail-the-coimage-image-axiom	pending		
cex-filtered-vector-spaces-form-an-additive-category-with-all-kernels-and-cokernels-that-is-not-abelian	pending		
cex-finite-additivity-alone-does-not-prove-infinite-cw-uniqueness	pending		
cex-finite-cofinite-set-function-is-not-a-premeasure	pending		
cex-finite-dimensional-does-not-imply-finite-or-locally-finite	pending		
cex-finite-fibres-not-finite-morphism	pending		
cex-finite-type-not-finite-presentation-nonnoetherian-base	pending		
cex-first-moment-threshold-one-is-not-enough	pending		
cex-fitting-centralizer-without-solvability	pending		
cex-fixed-point-congruence-fails-without-p-group-hypothesis	pending		
cex-flat-smooth-function-has-no-holomorphic-extension	pending		
cex-formal-composition-with-nonzero-constant	pending		
cex-formal-nonunit-has-no-inverse	pending		
cex-four-closed-sets-can-cover-s2-without-antipodal-pairs	pending		
cex-four-dividing-n-forces-a-nonprimitive-two-square-representation	pending		
cex-frattini-image-under-a-nonsurjective-homomorphism	pending		
cex-free-action-need-not-be-transitive	pending		
cex-free-module-rank-fails-over-an-endomorphism-ring	pending		
cex-free-ultrafilter-finitely-additive-probability	pending		
cex-frobenius-cycle-type-needs-good-reduction	pending		
cex-fubini-fails-without-l-one-integrability	pending		
cex-fully-faithful-need-not-be-essentially-surjective	pending		
cex-functors-need-not-preserve-monomorphisms	pending		
cex-gadget-correctness-needs-only-one-direction	pending		
cex-gaps-tending-to-infinity-need-not-be-hadamard-lacunary	pending		
cex-gauge-of-a-nonbalanced-set-is-not-a-seminorm	pending		
cex-gauss-sum-sign-is-not-canonical-without-conventions	pending		A-P
cex-generalized-pell-solutions-need-not-all-be-convergents	pending		
cex-generating-family-without-pi-system	pending		
cex-geometric-power-series-not-uniform-on-its-open-interval	pending		
cex-global-sections-not-right-exact	pending		
cex-gmres-can-stagnate-on-a-nonnormal-matrix-with-moderate-conditioning	pending		
cex-grandi-series-abel-summable-but-divergent	pending		
cex-graph-of-x-sin-one-over-x-is-not-rectifiable	pending		
cex-greedy-order-on-p-four	pending		
cex-grouped-series-converges-original-diverges	pending		
cex-groups-of-order-p-cubed-need-not-be-abelian	pending		
cex-hahn-banach-extension-need-not-be-unique	pending		
cex-half-graph-pairs-have-macroscopic-irregularity	pending		
cex-half-norm-fails-the-triangle-inequality-on-two-indicators	pending		
cex-half-open-interval-neither-open-nor-closed	pending		
cex-hamilton-path-not-hamilton-cycle	pending		
cex-hamiltonian-not-eulerian	pending		
cex-harmonic-on-a-punctured-domain-need-not-extend	pending		
cex-heine-borel-fails-in-ell-two	pending		
cex-heine-cantor-fails-without-compactness	pending		
cex-henstock-kurzweil-integrability-is-not-absolute	pending		
cex-hilbert-monoid-factorisation-not-unique	pending		
cex-holomorphic-function-on-an-annulus-with-nonzero-closed-contour-integral	pending		
cex-holomorphic-zero-set-in-two-variables-is-neither-isolated-nor-bounded	pending		
cex-hom-is-not-exact	pending		
cex-homology-is-not-an-exact-functor	pending		
cex-hopf-conclusion-needs-a-strict-nonconstant-extremum	pending		
cex-hopf-lemma-needs-a-boundary-geometry-hypothesis	pending		
cex-iid-cauchy-averages-have-no-deterministic-weak-centering	pending		
cex-image-morphism-not-closed	pending		
cex-improper-filter	pending		
cex-incidence-vectors-dependent-over-the-two-element-field-and-independent-over-the-reals	pending		
cex-indefinite-and-semidefinite-matrices-fail-positive-diagonal-cholesky	pending		
cex-indefinite-classes-have-cycles-of-reduced-forms	pending		
cex-independent-events-need-not-be-closed-under-unions-of-overlapping-pairs	pending		
cex-independent-set-that-does-not-span	pending		A-P
cex-indicator-of-a-fat-cantor-set-is-not-integrable	pending		
cex-indicators-of-unit-interval-translates-converge-almost-everywhere-but-not-in-measure	pending		
cex-indicators-of-unit-interval-translates-show-egorov-needs-finite-measure	pending		
cex-induction-axiom-necessary	pending		
cex-infinite-branching-is-not-enough-for-konig	pending		
cex-infinite-product-diverges-though-the-series-converges	pending		
cex-infinite-ramsey-fails-with-infinitely-many-colours	pending		
cex-inhomogeneous-equation-not-projectively-well-defined	pending		
cex-injective-transpose-does-not-imply-surjectivity	pending		
cex-interior-of-a-union-is-larger	pending		
cex-intersection-of-shrinking-intervals-not-open	pending		
cex-intersection-of-ultrafilters-not-ultrafilter	pending		
cex-invertible-derivative-without-c-one-local-inverse	pending		
cex-invertible-matrix-can-fail-unpivoted-lu-at-the-first-pivot	pending		
cex-irrationals-are-not-f-sigma	pending		
cex-irregular-summability-matrix	pending		
cex-isomorphic-middle-groups-do-not-determine-equivalent-extensions	pending		
cex-jacobi-symbol-one-does-not-imply-a-square	pending		
cex-jensen-can-fail-without-probability-normalization	pending		
cex-k-four-is-planar-but-not-three-colourable	pending		
cex-k-three-three-satisfies-the-planar-edge-bound	pending		
cex-k-topology-is-not-uniformizable	pending		
cex-kolmogorov-complexity-is-an-absolute-integer	pending		
cex-konig-fails-on-triangle	pending		
cex-l-one-not-subset-l-two-on-the-line	pending		
cex-l-two-not-subset-l-one-on-the-line	pending		
cex-l-zero-of-a-non-right-exact-functor-need-not-recover-the-functor	pending		
cex-lagrange-multiplier-rule-needs-a-regular-constraint	pending		
cex-laurent-nested-intervals-empty	pending		
cex-lebesgue-null-sets-need-not-have-zero-jordan-outer-content	pending		
cex-lebesgue-plus-counting-measure-has-no-lebesgue-decomposition-relative-to-lebesgue-measure	pending		
cex-left-and-right-duals-and-double-duals-need-not-collapse	pending		
cex-left-coset-that-is-not-a-right-coset	pending		
cex-lex-leading-term-not-found-by-unbalanced-substitution	pending		
cex-lhopital-converse	pending		
cex-limit-comparison-l-zero-one-directional	pending		
cex-limit-differs-from-the-value	pending		
cex-limit-not-unique-at-an-isolated-point	pending		
cex-limit-point-compact-without-countable-compactness	pending		
cex-limsup-infinite-not-attained-in-r	pending		
cex-limsup-product-strict	pending		
cex-limsup-subadditivity-strict	pending		
cex-lindelofness-is-not-productive-worked	pending		
cex-line-with-two-origins	pending		
cex-linear-bijection-need-not-preserve-jordan-content	pending		
cex-linearity-can-fail-without-integrability	pending		
cex-liouville-needs-one-sided-boundedness	pending		
cex-local-global-fails-for-a-cubic-curve	pending		
cex-localisation-map-can-kill-a-nonzero-element	pending		
cex-localising-at-a-set-containing-zero-gives-the-zero-ring	pending		
cex-locally-finite-type-not-finite-type	pending		
cex-log-modulus-has-no-harmonic-conjugate-on-the-punctured-plane	pending		
cex-log-one-plus-x-series-at-minus-one	pending		
cex-logarithm-not-uniformly-continuous-on-positive-reals	pending		
cex-lower-semicontinuous-compact-function-without-a-maximum	pending		
cex-lp-convergence-need-not-imply-almost-sure-convergence	pending		
cex-lp-convergence-need-not-imply-lq-convergence-for-p-less-than-q	pending		
cex-luzin-property-n-does-not-imply-absolute-continuity	pending		
cex-m-over-m-plus-n-has-noncommuting-iterated-limits	pending		
cex-manipulating-the-euler-product-without-summability	pending		
cex-markov-inequality-fails-without-nonnegativity	pending		
cex-mass-escapes-to-infinity-under-pointwise-convergence	pending		
cex-maximal-matching-not-maximum-p4	pending		
cex-maximal-not-greatest	pending		
cex-maximal-proper-modules-need-not-be-disjoint-in-a-disconnected-graph	pending		
cex-maximum-principle-fails-for-superharmonic-maxima	pending		
cex-meager-set-of-full-measure	pending		
cex-mean-value-equality-fails-for-a-vector-valued-function	pending		
cex-mean-value-theorem-fails-without-continuity-at-the-endpoints	pending		
cex-measurable-sections-do-not-imply-product-measurability	pending		
cex-mercator-series-does-not-define-logarithm-globally	pending		
cex-minimum-spanning-tree-not-unique	pending		
cex-misidentifying-a-double-pole-gives-the-wrong-residue	pending		
cex-mixedness-of-blocks-is-not-transitive	pending		
cex-modification-need-not-be-indistinguishable	pending		
cex-modulus-is-nowhere-complex-differentiable	pending		
cex-modulus-squared-is-complex-differentiable-only-at-zero	pending		
cex-morera-without-continuity	pending		
cex-morse-functions-need-not-have-distinct-critical-values	pending		
cex-moving-a-total-variation-null-set-changes-a-hahn-decomposition	pending		
cex-multiplicative-does-not-mean-completely-multiplicative	pending		
cex-n-minus-one-edges-without-a-tree	pending		
cex-n-times-z-is-not-normal-near-zero	pending		
cex-naive-homogenization-adds-component	pending		
cex-naive-quaternion-determinant-is-not-row-alternating	no_candidate_found	root-determinants-02-receipts.json	A-P
cex-nested-open-intervals-empty	pending		
cex-nested-unbounded-closed-empty	pending		
cex-nl-equals-conl-follows-by-state-swapping	pending		
cex-no-roots-does-not-imply-irreducible-in-degree-four	pending		
cex-non-metrizable-topology	pending		
cex-nonclosed-scheme-point-no-k-valued-coordinate	pending		
cex-noncompact-domain-breaks-arzela-ascoli	pending		
cex-noncompact-smallness-without-the-strong-topology-can-create-critical-points-at-infinity	pending		
cex-nonconstant-blaschke-factor-has-constant-boundary-modulus	pending		
cex-nonconstant-units-and-degree-drop-with-zero-divisors	pending		
cex-nonconstructive-expanders-suffice-for-uniform-reductions	pending		
cex-noninjective-change-of-variables-double-counts	pending		
cex-nonintegral-reflection-does-not-produce-a-singular-power	pending		
cex-nonnegative-integrable-with-zero-integral-need-not-vanish	pending		
cex-nonsigma-finite-premeasure-has-distinct-extensions	pending		
cex-nonsplit-short-exact-sequence-of-integers-mod-two	pending		
cex-nonsummable-constant-family	pending		
cex-nonuniqueness-of-a-tr-three-completion	pending		
cex-nonuniqueness-of-schur-covering-groups	pending		A-R
cex-nonvanishing-holomorphic-function-with-no-holomorphic-logarithm	pending		
cex-nonzero-elements-of-a-ring-need-not-form-a-multiplicative-set	pending		
cex-normal-inseparable-extension-with-trivial-automorphism-group	pending		
cex-normality-is-not-finitely-productive	pending		
cex-normality-is-not-open-hereditary	pending		
cex-not-every-monoidal-category-is-rigid	pending		
cex-nowhere-dense-with-positive-measure	pending		
cex-np-means-not-polynomial	pending		
cex-null-set-not-of-content-zero	pending		
cex-numerical-rank-depends-on-the-declared-tolerance	pending		
cex-objectwise-image-not-sheaf	pending		
cex-omega-one-has-no-at-most-countable-cofinal-subset	pending		
cex-omitting-cross-block-purity-breaks-the-transversal-conclusion	pending		
cex-omitting-the-absolute-jacobian-reverses-sign	pending		
cex-one-centred-ball-mean-identity-does-not-force-harmonicity	pending		
cex-one-existing-iterated-integral-does-not-give-riemann-integrability	pending		
cex-one-minus-two-plus-three-is-abel-but-not-cesaro-summable	pending		
cex-one-over-sine-one-over-z-has-a-nonisolate-singularity-at-zero	pending		
cex-one-over-x-is-not-uniformly-continuous-on-the-unit-interval	pending		A-R
cex-one-over-z-defeats-the-large-semicircle-estimate	pending		
cex-one-over-z-has-a-nonremovable-puncture-in-one-variable	pending		
cex-one-point-compactification-of-n-is-not-beta-n	pending		
cex-one-subdivision-depth-does-not-make-all-singular-simplices-cover-small	pending		
cex-open-bounded-euclidean-subset-not-compact	pending		
cex-open-cover-of-unit-interval-no-finite-subcover	pending		
cex-open-cover-with-no-lebesgue-number	pending		
cex-open-mapping-fails-without-completeness	pending		
cex-opposite-boundary-orientation-gives-the-wrong-sign-in-stokes	pending		
cex-orbit-count-is-not-set-size-divided-by-group-order	pending		
cex-ordered-field-not-archimedean	pending		
cex-ordinary-trace-on-a-p-singular-unipotent-element	pending		
cex-oscillatory-step-function-improper-integral-diverges	pending		
cex-overlapping-cycles-need-not-commute	pending		
cex-pairwise-trivial-intersection-is-not-a-direct-sum	pending		
cex-paracompactness-is-not-open-hereditary	no_candidate_found	root-partitions-examples-01-receipts.json	
cex-paracompactness-is-not-productive	no_candidate_found	root-partitions-examples-01-receipts.json	
cex-partial-derivatives-without-continuity	pending		
cex-pasting-fails-for-an-infinite-closed-cover	pending		
cex-peano-surface-linewise-minimum-without-an-extremum	pending		
cex-peano-unequal-mixed-partials	pending		
cex-pell-units-need-not-be-all-quadratic-field-units	pending		
cex-periodic-perturbation-preserves-the-gamma-recurrence-and-factorial-values	pending		
cex-point-evaluation-at-zero-is-not-well-defined-on-l-p-of-unit-interval	pending		
cex-pointed-sets-are-not-additive	pending		
cex-pointwise-bounded-but-not-equicontinuous	pending		
cex-pointwise-limit-of-integrable-functions-can-be-nonintegrable	pending		
cex-pointwise-values-do-not-determine-the-lie-bracket-at-a-point	pending		
cex-polar-coordinates-are-not-globally-injective	pending		
cex-polar-coordinates-do-not-give-a-chart-at-the-origin	pending		
cex-polynomial-division-fails-for-a-nonunit-leading-coefficient	pending		
cex-polynomial-rodl-does-not-force-the-whole-graph-to-be-restricted	pending		
cex-polynomial-size-implies-uniform-generation	pending		
cex-polynomial-space-admits-no-complete-norm	pending		
cex-positive-determinant-does-not-imply-positive-definite	pending		
cex-positive-ext-does-not-vanish-for-an-injective-first-variable	pending		
cex-positive-gradient-reverses-stable-and-unstable-dimensions	pending		
cex-positive-pair-densities-alone-do-not-force-a-triangle	pending		
cex-positive-semidefinite-hessian-without-strict-convexity	pending		
cex-power-of-a-product-in-a-nonabelian-group	pending		
cex-power-sums-do-not-generate-in-characteristic-two	pending		
cex-powers-locally-uniform-not-uniform-on-closed-disc	pending		
cex-powers-on-the-unit-interval-converge-pointwise-not-uniformly	pending		
cex-presheaf-bounded-continuous-functions-not-sheaf	pending		
cex-presheaf-cokernel-needs-sheafification	pending		
cex-primality-is-not-inherited-by-induced-subgraphs	pending		
cex-principal-complex-powers-exponent-law	pending		
cex-principal-value-one-over-x-squared-diverges	pending		
cex-product-measure-need-not-be-unique-without-sigma-finiteness	pending		
cex-product-of-complete-measures-need-not-be-complete	pending		A-R
cex-product-of-two-infinite-groups-need-not-be-hyperbolic	pending		A-R
cex-product-of-two-quadratic-nonresidues-modulo-a-composite	pending		
cex-product-of-two-subgroups-not-a-subgroup	pending		
cex-product-of-uniformly-continuous-functions-need-not-be-uniformly-continuous	pending		
cex-progressive-map-without-fixed-point	pending		
cex-projection-is-not-closed	pending		
cex-proper-subspace-with-an-equinumerous-basis	pending		A-P
cex-pseudocompact-noncompact-particular-point-space	pending		
cex-pseudoinversion-is-discontinuous-at-a-rank-changing-diagonal-family	pending		
cex-psi-of-one-over-x-has-no-limit-at-zero	pending		
cex-purely-inseparable-base-change-nonreduced	pending		
cex-q-not-dense-in-an-ordered-field	pending		
cex-quadratic-residue-definition-excludes-nonunits	pending		
cex-quadratics-can-have-four-roots-over-composite-residue-rings	pending		
cex-quasi-isometric-spaces-without-bounded-geometry-need-not-have-comparable-ball-counts	pending		
cex-quasilinear-characteristics-can-cross-before-the-lifted-ode-blows-up	pending		
cex-quotient-map-neither-open-nor-closed	pending		
cex-r-mod-q-is-indiscrete-like	pending		
cex-radius-does-not-determine-boundary-convergence-of-a-complex-power-series	pending		
cex-ramified-frobenius-has-no-canonical-lift	pending		A-P
cex-ratio-inconclusive-root-decides	pending		
cex-rational-isotropy-is-not-integral-representation	pending		
cex-rational-points-in-unit-square-have-no-jordan-content	pending		
cex-rational-valued-character-need-not-be-defined-over-the-rationals	pending		
cex-rationals-in-an-interval-are-disconnected	pending		
cex-real-part-is-nowhere-complex-differentiable	pending		
cex-reducible-polynomial-quotient-is-not-a-field	pending		
cex-regular-graphs-are-not-hereditary	pending		
cex-relative-homology-is-not-the-homology-of-the-set-difference	pending		
cex-relativized-separations-prove-unrelativized-separations	pending		
cex-reversing-orientation-preserves-a-contour-integral	pending		
cex-riemann-sums-along-one-sequence-of-tagged-partitions-do-not-suffice	pending		
cex-right-continuity-is-necessary-for-lebesgue-stieltjes-measures	pending		
cex-right-continuous-psi-has-the-wrong-perron-endpoint	pending		
cex-ring-homomorphism-not-preserving-identity	pending		
cex-ringed-space-map-not-locally-ringed	pending		
cex-rolle-fails-over-a-non-complete-field	pending		
cex-root-limit-one-decides-nothing	pending		
cex-row-equivalent-matrices-can-have-different-column-spaces	pending		
cex-rudin-bounded-spikes-are-not-equicontinuous	pending		A-R
cex-s-three-has-trivial-center	pending		
cex-same-cardinality-without-a-canonical-bijection	pending		
cex-same-descent-set-different-inversion-number	pending		
cex-same-discriminant-does-not-imply-proper-equivalence	pending		
cex-same-finite-quotients-do-not-trivially-identify-abstract-groups	pending		
cex-same-middle-group-with-inequivalent-extension-maps	pending		
cex-same-represented-integers-do-not-imply-proper-equivalence	pending		
cex-same-topology-different-cauchy-sequences	pending		
cex-scheme-not-determined-by-underlying-space	pending		
cex-schwarz-lantern-polyhedral-areas-diverge	pending		
cex-semicontinuous-function-almost-everywhere-equal-to-no-riemann-integrable-function	pending		
cex-separability-is-not-hereditary-worked	pending		
cex-separable-nonnormal-extension-with-trivial-automorphism-group	pending		
cex-separately-continuous-not-jointly-continuous	pending		A-R
cex-separating-algebra-without-constants-is-not-dense	pending		
cex-sequential-closure-strictly-inside-closure	pending		
cex-sequential-limits-not-unique	pending		
cex-sequentially-continuous-not-continuous	pending		
cex-set-distance-is-not-a-metric	pending		
cex-set-partitions-with-the-same-block-sizes-can-be-distinct	pending		
cex-set-theoretic-fibre-loses-multiplicity	pending		
cex-sharpp-is-a-language-class	pending		
cex-shoups-product-bound-does-not-determine-mertens-constant	pending		
cex-shrinking-rectangles-have-integral-one	pending		
cex-sigma-n-and-pi-n-are-disjoint	pending		
cex-sine-of-one-over-x-has-no-limit-at-zero	pending		
cex-sine-one-over-z-is-essential	pending		
cex-sine-over-x-is-only-conditionally-convergent	pending		
cex-smooth-function-not-equal-to-its-maclaurin-series	pending		
cex-smooth-linewise-minimum-without-an-extremum	pending		
cex-solution-count-trichotomy-fails-over-a-finite-field	pending		
cex-soundness-quantifies-only-over-honest-provers	pending		
cex-spanning-set-that-is-not-independent	pending		
cex-sparsity-does-not-pass-to-subsets	pending		
cex-sphere-is-not-the-boundary-of-the-ball	pending		
cex-spikes-converge-almost-everywhere-and-in-measure-but-not-in-l-one	pending		
cex-spikes-with-integral-one-converging-pointwise-to-zero	pending		
cex-sqrt-k-differences-null-not-cauchy	pending		
cex-square-modulo-each-prime-does-not-ignore-the-two-part	pending		
cex-squaring-on-units-is-not-a-homomorphism-nonabelian-warning	pending		
cex-stolz-cesaro-converse-fails	pending		
cex-straight-line-continuity-tests-do-not-imply-continuity	pending		
cex-strict-contraction-without-a-fixed-point	pending		A-P
cex-strict-whitney-connectivity-inequalities	pending		
cex-strictly-convex-function-with-a-singular-hessian	pending		
cex-strictly-decreasing-gaps-no-limit	pending		
cex-strong-maximum-principle-needs-connectedness	pending		
cex-subgroup-of-an-infinite-group-equinumerous-with-it	pending		
cex-subset-closed-under-addition-but-not-scaling	pending		
cex-subset-closed-under-scaling-but-not-addition	pending		A-P
cex-subset-closed-under-the-operation-not-a-subgroup	pending		
cex-substituting-x-i-equals-x-power-i-loses-colour-profile-information	pending		
cex-successor-injective-necessary	pending		
cex-sum-check-computes-all-exponential-summands	pending		
cex-sum-of-variances-condition-is-sufficient-not-necessary-without-further-hypotheses	pending		
cex-sum-z-to-n-over-n-squared-is-continuous-on-the-closed-disc-but-singular-at-one	pending		
cex-sums-of-three-squares-are-not-closed-under-products	pending		
cex-sup-not-attained	pending		
cex-symmetric-form-need-not-have-an-orthogonal-basis-in-characteristic-two	pending		
cex-symmetric-torus-height-flow-is-not-morse-smale	pending		
cex-t1-free-regular-and-normal-conventions	pending		
cex-tangent-addition-formula-without-domain	pending		
cex-tensor-product-of-domains-not-domain	pending		
cex-tensor-products-of-two-verma-modules-need-not-lie-in-o	pending		
cex-the-bernstein-holder-one-half-endpoint-can-fail	pending		
cex-the-bidisc-minus-the-origin-is-not-holomorphically-convex	pending		
cex-the-box-topology-disconnects-a-product-of-connected-spaces	pending		
cex-the-braid-category-is-braided-but-not-symmetric	pending		
cex-the-cantor-function-fails-luzin-property-n	pending		
cex-the-cartesian-product-is-not-associative	pending		
cex-the-central-product-decomposition-of-an-extraspecial-group-is-not-unique	pending		
cex-the-classical-composition-of-absolutely-continuous-functions-is-not-absolutely-continuous	pending		
cex-the-closure-of-a-cw-cell-need-not-be-a-closed-ball	pending		
cex-the-composition-of-two-absolutely-continuous-functions-need-not-be-absolutely-continuous	pending		
cex-the-deleted-tychonoff-plank-is-not-normal	pending		
cex-the-diamond-and-pentagon-lattices-are-not-distributive	pending		
cex-the-doubling-functor-on-set-is-not-representable	pending		
cex-the-empty-family-is-not-erdos-hajnal	pending		
cex-the-eta-series-represents-the-continuation-where-the-dirichlet-series-diverges	pending		
cex-the-factorial-gap-series-has-the-unit-circle-as-a-natural-boundary	pending		
cex-the-figure-eight-is-an-immersed-image-not-an-embedded-submanifold	pending		
cex-the-first-mean-value-theorem-needs-a-one-signed-weight	pending		
cex-the-five-cycle-is-bull-free-but-not-perfect	pending		
cex-the-full-algebraic-dual-of-a-verma-module-is-not-in-o	pending		
cex-the-hardy-littlewood-maximal-operator-is-not-strong-type-one-one	pending		
cex-the-harmonic-series-shows-the-defining-series-diverges-at-one	pending		
cex-the-hawaiian-earring-is-not-a-cw-complex-with-its-circle-cells	pending		U-P
cex-the-ideal-x-y-in-a-bivariate-polynomial-ring-is-not-principal	pending		
cex-the-identity-on-f-two-has-no-cyclic-vector	pending		
cex-the-image-of-an-intersection-is-smaller-than-the-intersection-of-the-images	pending		
cex-the-integers-are-not-a-sidon-set	pending		
cex-the-inversion-crossed-homomorphism-of-c-two-to-z-is-not-a-homomorphism	pending		
cex-the-kernel-row-of-a-morphism-of-short-exact-sequences-need-not-be-short-exact	pending		
cex-the-koch-curve-is-not-rectifiable	pending		
cex-the-logarithmic-ramsey-bound-is-not-an-erdos-hajnal-bound	pending		
cex-the-long-line-is-locally-euclidean-and-hausdorff-but-not-a-manifold-under-the-library-convention	pending		
cex-the-mean-value-inequality-is-attained	pending		
cex-the-members-of-an-object-do-not-form-a-group	pending		
cex-the-mertens-conjecture-is-false	pending		
cex-the-one-form-y-dx-is-path-dependent	pending		
cex-the-one-norm-comes-from-no-inner-product	pending		
cex-the-opposite-of-abelian-groups-does-not-satisfy-ab5	pending		
cex-the-pointwise-limit-of-continuous-functions-need-not-be-continuous	pending		A-R
cex-the-power-set-of-a-union-is-larger-than-the-union-of-the-power-sets	pending		
cex-the-product-of-harmonic-functions-need-not-be-harmonic	pending		
cex-the-product-of-two-unions-is-larger-than-the-union-of-the-two-products	pending		
cex-the-punctured-disc-has-an-irregular-boundary-point-and-a-nonsolvable-datum	pending		
cex-the-punctured-disc-is-connected-but-not-simply-connected	pending		
cex-the-punctured-plane-separates-c-complement-from-spherical-complement	pending		
cex-the-quaternion-extension-of-c-two-by-c-four-does-not-split	pending		
cex-the-quotient-of-a-tree-can-have-cycles	pending		
cex-the-relative-floating-point-model-excludes-overflow-underflow-and-invalid-operations	pending		
cex-the-same-trace-can-have-different-path-lengths	pending		
cex-the-samuel-map-need-not-preserve-the-original-uniformity	pending		
cex-the-second-kind-inclusion-exclusion-formula-does-not-count-permutations-by-cycles	pending		
cex-the-shapovalov-form-is-not-positive-definite-in-general	pending		
cex-the-sine-integral-is-improperly-riemann-integrable-and-not-lebesgue-integrable	pending		
cex-the-skeleton-of-set-cannot-be-made-strict-by-identification	pending		
cex-the-standard-contact-plane-field-is-not-integrable	pending		
cex-the-underlying-bar-contraction-is-not-equivariant	pending		
cex-the-underlying-quotient-graph-does-not-determine-the-group	pending		
cex-the-unit-interval-indicator-has-nonintegrable-maximal-function	pending		
cex-the-universal-coefficient-splitting-cannot-in-general-be-chosen-naturally	pending		
cex-the-volume-coordinate-expression-changes-sign-under-a-reflection	pending		
cex-the-zero-countable-infinity-cocountable-measure-space-breaks-p-equals-one-duality	pending		
cex-there-is-no-field-with-six-elements	pending		
cex-three-point-outer-measure-has-only-trivial-caratheodory-sets	pending		
cex-three-squares-fail-for-seven-modulo-eight	pending		
cex-threefold-classification-is-not-global	pending		
cex-tietze-fails-in-a-t1-space-that-is-not-normal	pending		
cex-tonelli-fails-without-sigma-finiteness-on-the-diagonal	pending		
cex-topological-abelian-groups-are-additive-and-not-abelian	pending		
cex-topologically-not-uniformly-equivalent	pending		
cex-topologists-sine-curve-connected-not-path-connected	pending		
cex-torsion-free-abelian-groups-do-not-form-an-abelian-category	pending		
cex-total-quotient-ring-of-a-nondomain-need-not-be-a-field	pending		
cex-total-variation-can-exceed-the-absolute-value-of-the-set-value	pending		
cex-totally-bounded-not-compact	pending		
cex-transitive-does-not-force-minimal-normal-subgroups-transitive	pending		
cex-transpose-range-need-not-be-norm-dense	pending		
cex-trivial-kernel-does-not-imply-surjective	pending		
cex-truth-at-one-assignment-does-not-survive-substitution	pending		
cex-two-closed-convex-sets-need-not-be-strongly-separated	pending		
cex-two-disjoint-nonmeasurable-sets-can-have-a-measurable-union	pending		
cex-two-distinct-chain-maps-inducing-the-same-homology-map	pending		
cex-two-equivalent-higher-extensions-with-no-single-isomorphism-of-middle-terms	pending		
cex-two-formally-distinct-words-that-become-the-same-object	pending		
cex-two-homogeneous-need-not-be-two-transitive	pending		
cex-two-l-two-functions-can-have-convolution-outside-l-two	pending		
cex-two-latin-squares-need-not-be-orthogonal	pending		
cex-two-maps-into-an-indiscrete-space-agreeing-on-a-dense-set	pending		
cex-two-monomorphisms-representing-the-same-subobject	pending		
cex-two-morphisms-agreeing-on-every-member-need-not-be-equal	pending		
cex-two-noncompatible-atlases-on-the-real-line	pending		
cex-two-point-outer-measure-need-not-be-regular	pending		
cex-two-projective-resolutions-with-nonisomorphic-first-syzygies	pending		
cex-two-radon-nikodym-derivatives-can-differ-on-a-null-set	pending		
cex-unbounded-closed-set-not-compact	pending		
cex-unbounded-domain-does-not-suffice-for-fodor	pending		
cex-unbounded-punctured-harmonic-singularity-is-not-removable	pending		
cex-unbounded-set-has-no-sup	pending		
cex-unbounded-with-convergent-subsequence	pending		
cex-uncorrelated-random-variables-need-not-be-independent	pending		
cex-uncountable-zero-dimensional-binary-digit-set	pending		
cex-undecidable-means-no-instance-can-be-answered	pending		
cex-uniform-bijection-with-non-uniform-inverse	pending		
cex-uniform-boundedness-fails-on-an-incomplete-domain	pending		
cex-uniform-convergence-does-not-control-derivatives	pending		
cex-uniform-convergence-does-not-force-integral-convergence-on-an-infinite-measure-space	pending		
cex-uniformly-not-lipschitz-equivalent	pending		
cex-union-of-filters-not-filter	pending		
cex-unique-critical-point-is-a-nonglobal-strict-local-minimum	pending		
cex-uniqueness-does-not-require-local-lipschitz-continuity	pending		
cex-unit-group-modulo-fifteen-is-not-cyclic	pending		
cex-unit-length-interval-need-not-embed-in-real-line-mod-integers	pending		
cex-unrestricted-diagonalization-respects-any-bound	pending		
cex-unshifted-weyl-orbits-do-not-classify-central-characters	pending		
cex-unsigned-half-angle-formula	pending		
cex-upper-semicontinuous-need-not-attain-its-infimum	pending		
cex-variable-capture-changes-satisfaction	pending		
cex-vitali-covering-theorem-needs-a-fine-cover	pending		
cex-volterra-bounded-derivative-not-riemann-integrable	pending		
cex-vortex-field-is-closed-but-not-exact-on-the-punctured-plane	pending		
cex-weak-boundary-inequality-does-not-suffice-for-rouche	pending		
cex-weak-law-can-fail-without-tail-control	pending		
cex-weak-maximum-principle-needs-boundedness-or-control-at-infinity	pending		
cex-weak-sparsity-does-not-imply-directional-sparsity	pending		
cex-weak-sparsity-does-not-imply-sparsity	pending		
cex-wiener-inversion-needs-nonvanishing	pending		
cex-x-inverse-dlambda-on-zero-one-shows-finiteness-is-needed-in-the-epsilon-delta-criterion	pending		
cex-x-squared-is-not-uniformly-continuous-on-r	pending		
cex-x-squared-sine-one-over-x-squared-is-differentiable-everywhere-but-not-absolutely-continuous	pending		
cex-z-four-not-isomorphic-z-two-squared	pending		
cex-z-mod-n-is-not-a-free-z-module	pending		
cex-z-mod-one-is-not-a-field	pending		
cex-z-one-z-two-is-not-regular-in-z-two-at-the-origin	pending		
cex-z-over-n-shows-why-hurwitz-needs-the-or-constant-clause	pending		
cex-z-squared-is-not-hyperbolic	pending		
cex-zariski-product-topology-too-coarse	pending		
cex-zero-derivative-on-a-disconnected-open-set-without-constancy	pending		
cex-zero-directional-derivatives-without-continuity	pending		
cex-zero-hessian-does-not-classify-a-critical-point	pending		
cex-zero-ideal-prime-not-maximal-in-z	pending		
cex-zero-iterated-integrals-without-a-double-integral	pending		
cex-zero-residue-does-not-force-a-removable-singularity	pending		
cex-zero-times-infinity-indeterminate	pending		
cex-zorn-hypothesis-fails	pending		
cex-zp-is-not-the-integral-closure-of-z-in-qp	pending		
cor-a-bernstein-set-is-not-lebesgue-measurable	pending		
cor-a-bijective-quasi-isometry-between-finitely-generated-groups-is-a-bilipschitz-equivalence	pending		
cor-a-bounded-vector-field-on-all-of-euclidean-space-is-complete	pending		
cor-a-cartesian-closed-category-with-an-initial-object-has-strict-initial-objects	pending		
cor-a-chain-map-between-acyclic-complexes-has-acyclic-cone	pending		
cor-a-circle-loop-is-nullhomotopic-iff-its-degree-is-zero	pending		
cor-a-closed-euclidean-submanifold-has-a-smooth-neighbourhood-retraction	pending		U-P
cor-a-closed-form-is-flow-invariant-when-its-contraction-is-exactly-zero	pending		
cor-a-closed-oriented-manifold-has-no-top-form-with-nonzero-integral-that-is-exact	pending		
cor-a-cocomplete-locally-small-abelian-category-with-a-generator-satisfies-the-special-adjoint-functor-theorem-hypotheses-dually-with-representatives-supplied	pending		
cor-a-colimit-of-a-set-valued-functor-is-the-set-of-connected-components-of-its-category-of-elements	pending		
cor-a-compact-hausdorff-space-is-tychonoff	pending		
cor-a-compactly-supported-smooth-euclidean-vector-field-is-complete	pending		
cor-a-complete-locally-small-category-with-a-small-coseparating-set-and-saft-intersections-is-cocomplete	pending		
cor-a-complex-character-is-irreducible-iff-its-self-inner-product-is-one	pending		
cor-a-continuous-bijection-of-compact-hausdorff-spaces-is-a-homeomorphism-by-conservativity	pending		
cor-a-continuous-functor-to-set-from-a-chosen-well-powered-saft-category-is-representable	pending		
cor-a-continuous-image-of-a-lebesgue-measurable-set-can-be-nonmeasurable	pending		
cor-a-continuous-map-from-a-closed-subset-extends-smoothly-exactly-when-it-has-a-continuous-extension-and-is-smooth-near-the-subset	pending		U-P
cor-a-continuous-preimage-of-a-lebesgue-measurable-set-can-be-nonmeasurable	pending		
cor-a-contractible-complex-is-acyclic	pending		
cor-a-curl-free-c1-field-on-a-star-shaped-open-subset-of-r3-is-conservative	pending		
cor-a-cw-complex-with-no-cells-in-adjacent-dimensions-has-zero-cellular-boundary	pending		
cor-a-discrete-embedded-submanifold-is-closed-locally-and-countable	pending		
cor-a-divergence-free-field-has-zero-outward-flux-through-a-glued-elementary-solid	pending		
cor-a-finite-group-with-an-irreducible-complex-character-of-degree-greater-than-one-is-nonabelian	pending		
cor-a-finite-p-group-has-only-the-trivial-simple-module-in-characteristic-p	pending		
cor-a-finite-primitive-group-has-at-most-two-minimal-normal-subgroups	pending		
cor-a-finitely-generated-group-with-a-word-metric-is-a-quasi-geodesic-space	pending		
cor-a-fixed-point-free-sphere-map-has-antipodal-degree	pending		
cor-a-function-with-nonempty-domain-is-injective-exactly-when-it-has-a-left-inverse	pending		
cor-a-functor-between-additive-categories-preserving-finite-products-is-additive	pending		
cor-a-galois-connection-satisfies-fgf-equals-f-and-gfg-equals-g	pending		
cor-a-gradient-flow-has-no-nonconstant-periodic-or-recurrent-orbits	pending		
cor-a-graph-has-an-even-number-of-odd-degree-vertices	pending		
cor-a-group-acting-freely-on-a-positive-even-sphere-has-at-most-two-elements	pending		
cor-a-group-acting-freely-without-inversions-on-a-tree-is-free	pending		
cor-a-linear-subspace-has-a-complement	pending		
cor-a-map-homotopic-to-a-homotopy-equivalence-is-a-homotopy-equivalence	pending		
cor-a-measurable-function-on-a-finite-measure-subset-of-rn-agrees-off-a-small-set-with-a-continuous-function	pending		
cor-a-measurable-subgroup-of-rn-of-positive-measure-is-rn	pending		
cor-a-morphism-between-universal-delta-functors-is-determined-in-degree-zero	pending		
cor-a-morphism-in-an-abelian-category-is-monic-exactly-when-its-kernel-is-zero-and-epic-exactly-when-its-cokernel-is-zero	pending		
cor-a-morphism-of-short-exact-sequences-with-invertible-outer-maps-is-invertible	pending		
cor-a-morse-function-on-a-compact-manifold-has-finitely-many-critical-points	pending		
cor-a-nonreal-eigenvector-produces-an-invariant-real-two-plane	pending		
cor-a-nonvanishing-vector-field-has-locally-parallel-integral-curves	pending		
cor-a-nonzero-period-obstructs-exactness-and-bounding	pending		
cor-a-preadditive-category-with-a-zero-object-has-zero-morphisms-in-the-published-sense	pending		
cor-a-projective-or-injective-resolution-is-unique-up-to-nonunique-homotopy-equivalence	pending		
cor-a-reflective-subcategory-of-a-complete-category-is-complete	pending		
cor-a-restricted-set-contains-a-large-stable-set-or-clique	pending		
cor-a-retract-of-a-contractible-space-is-contractible	pending		
cor-a-right-adjoint-is-left-exact-and-a-left-adjoint-is-right-exact	pending		
cor-a-right-adjoint-preserves-ends-and-a-left-adjoint-preserves-coends	pending		
cor-a-row-reduction-is-a-product-of-elementary-matrices	pending		
cor-a-second-proof-that-adjoints-are-unique	pending		
cor-a-sequence-of-chain-maps-is-exact-exactly-when-it-is-exact-degreewise	pending		
cor-a-short-exact-sequence-stays-exact-after-tensoring-exactly-when-its-tor-boundary-obstruction-vanishes	pending		A-R
cor-a-short-exact-sequence-with-acyclic-middle-identifies-neighbouring-homology	pending		
cor-a-simple-eigenvalue-has-one-dimensional-eigenspace	pending		
cor-a-smooth-map-from-lower-to-higher-dimension-cannot-be-surjective	pending		
cor-a-smooth-section-can-be-perturbed-transverse-to-the-zero-section	pending		
cor-a-split-short-exact-sequence-admits-the-direct-sum-resolution	pending		
cor-a-submersion-is-transverse-to-every-embedded-submanifold	pending		
cor-a-unique-quadratic-subfield-of-the-p-th-cyclotomic-field	pending		
cor-a-vector-bundle-is-trivial-if-and-only-if-it-has-a-global-frame	pending		
cor-abel-ruffini-for-the-general-polynomial	pending		
cor-abel-test-for-improper-integrals	pending		
cor-abelian-normal-subgroups-of-faithful-primitive-actions-are-regular	pending		
cor-abelian-p-groups-of-order-pn-are-counted-by-partitions	pending		
cor-abelian-subgroups-of-hyperbolic-groups-are-virtually-cyclic	pending		A-P
cor-absolute-integral-of-one-is-path-length	pending		
cor-ac-iff-well-ordering	pending		
cor-ac-iff-zorn	pending		
cor-adapted-classes-compute-derived-functors	pending		
cor-additive-categories-are-closed-under-passage-to-the-opposite	pending		
cor-additivity-of-the-nonnegative-lebesgue-integral	pending		A-P
cor-adjoint-has-the-same-singular-values	pending		
cor-affine-algebra-maximal-ideals-as-points-over-algebraically-closed-field	pending		
cor-affine-closed-points-detect-radicals	pending		
cor-affine-domain-maximal-ideal-height-equals-dimension	pending		
cor-affine-radical-ideal-point-separation	pending		
cor-affine-scheme-isomorphism-ring-isomorphism	pending		
cor-affine-scheme-quasi-compact	pending		
cor-algebraic-closures-are-isomorphic-over-the-base	pending		
cor-algebraic-connectivity-characterises-connectedness	no_candidate_found	root-spectral-01-receipts.json	
cor-algebraic-extensions-of-perfect-fields-are-separable	pending		
cor-algebraic-integer-minimal-polynomial-criterion	pending		
cor-algebraically-constructible-numbers-have-power-of-two-degree	pending		
cor-algebras-for-a-closure-operator-monad-are-its-fixed-points	pending		
cor-all-abelian-groups-of-order-n-cyclic-iff-n-squarefree	pending		
cor-all-integral-pell-solutions	pending		
cor-almost-everywhere-monotone-convergence	pending		
cor-almost-sure-convergence-of-an-independent-series-is-a-zero-one-event	pending		
cor-alpha-narrow-graphs-have-large-cliques-or-stable-sets	pending		
cor-alternating-group-is-normal-and-has-half-the-elements	pending		
cor-amalgamation-along-an-isomorphism-recovers-the-other-factor	pending		
cor-an-abelian-category-that-is-a-preorder-is-trivial	pending		
cor-an-additive-category-is-an-ab-enriched-category-with-a-zero-object-and-finite-biproducts	pending		
cor-an-element-of-finite-order-acts-diagonalisably-over-an-algebraically-closed-field-of-characteristic-zero	pending		
cor-an-exact-functor-preserves-and-reflects-quasi-isomorphisms-when-conservative	pending		
cor-an-extension-determines-a-well-defined-h-two-class	pending		
cor-an-extraspecial-p-group-has-class-two-and-derived-subgroup-of-order-p	pending		
cor-an-extraspecial-p-group-has-no-complement-to-its-centre	pending		
cor-an-extraspecial-p-group-is-a-product-of-two-maximal-abelian-subgroups	pending		
cor-an-h-free-graph-has-a-linearly-large-induced-subgraph-whose-graph-or-complement-has-bounded-maximum-degree	pending		
cor-an-injective-immersion-from-a-compact-manifold-is-an-embedding	pending		
cor-an-operator-has-at-most-dimension-many-distinct-eigenvalues	pending		
cor-annihilator-detects-closure	pending		
cor-antidominant-verma-modules-are-simple	pending		
cor-any-adjoint-between-additive-categories-is-additive	pending		
cor-arbitrary-product-measure-for-standard-borel-probability-spaces	pending		
cor-arc-length-accumulation-derivative-is-speed	pending		
cor-archimedean-reciprocal	pending		
cor-area-as-a-line-integral-for-elementary-regions	pending		
cor-argument-principle-counts-preimages	pending		
cor-artin-tate-integral-form	pending		
cor-artinian-local-henselian-via-nilpotent-maximal-ideal	pending		
cor-artinian-quotients-and-localisations	pending		
cor-arzela-ascoli-subsequence-theorem-for-proper-metric-targets	pending		
cor-ascoli-arzela-for-compact-hausdorff-domains	pending		
cor-ascoli-arzela-for-compact-metric-domains	pending		
cor-associated-primes-empty-iff-module-zero-noetherian	pending		
cor-associated-primes-of-a-cyclic-module-are-primes-of-element-annihilators-modulo-ideal	pending		
cor-asymptotic-density-of-coprime-pairs	pending		
cor-average-order-of-divisor-counting-function	pending		
cor-average-order-of-divisor-sum-function	pending		
cor-average-order-of-euler-totient	pending		
cor-average-order-of-two-square-representations	pending		
cor-baire-sequence-space-is-homeomorphic-to-the-irrationals	pending		
cor-balanced-bracket-words-are-counted-by-the-catalan-numbers	pending		
cor-ball-mean-value-property-for-harmonic-functions	pending		
cor-banach-error-estimates	pending		
cor-base-change-finite-type-and-products	pending		
cor-based-connected-coverings-isomorphic-iff-equal-subgroups	pending		
cor-basel-sum-by-residues	pending		
cor-bell-number-binomial-recurrence	pending		
cor-beppo-levi-theorem	pending		
cor-best-affine-predictor-from-one-random-variable	pending		
cor-betti-number-is-rank-in-minimal-resolution	pending		
cor-bieberbach-second-coefficient-bound	pending		
cor-binary-quadratic-form-equivalence-is-decidable	pending		
cor-binary-trees-are-counted-by-the-catalan-numbers	pending		
cor-binary-trees-satisfy-b-equals-one-plus-z-b-squared	pending		
cor-binary-words-avoiding-a-fixed-factor-have-a-rational-generating-function	pending		
cor-binary-words-have-generating-function-one-over-one-minus-two-x	pending		
cor-binomial-theorem-consequences	pending		
cor-bipartite-extremal-density-zero	pending		
cor-blowing-up-a-vertex-preserves-the-erdos-hajnal-property	pending		
cor-bolzano-weierstrass-in-rn	pending		
cor-bounded-convergence-on-a-finite-measure-space	pending		
cor-bounded-derivative-implies-lipschitz	pending		
cor-bounded-domain-lusin-core-can-be-chosen-compact	pending		
cor-boundedly-many-restricted-sets-cover-all-but-a-small-fraction	pending		
cor-boundedness-theorem-r	pending		
cor-bracelet-count-via-cycle-index	pending		
cor-bull-free-graphs-have-the-erdos-hajnal-property-with-exponent-one-quarter	pending		A-P
cor-burgers-classical-solution-persists-for-monotone-data	pending		
cor-busy-beaver-is-not-computable	pending		
cor-bv-discontinuities-are-countable-and-of-first-kind	pending		
cor-bv-functions-are-riemann-integrable	pending		
cor-c-one-change-of-variables-for-l-one-functions	pending		A-R
cor-c-one-local-diffeomorphisms-are-open-maps	pending		
cor-c-prime-one-sixth-with-no-proper-power-relators-is-torsion-free	pending		A-P
cor-c2-holomorphic-components-have-nonpositive-hessian-determinant	pending		
cor-canonical-process-realizes-consistent-finite-dimensional-laws	pending		
cor-cantor-function-is-continuous	pending		
cor-cantor-set-is-an-uncountable-lebesgue-null-set	pending		
cor-cardinal-absorption	pending		
cor-cardinal-functions-detect-countability-axioms	pending		
cor-cardinality-of-the-power-set	pending		
cor-carmichael-exponent-theorem	pending		
cor-cartesian-and-polar-cauchy-riemann-equations	pending		
cor-catalan-closed-formula	pending		
cor-categories-of-models-for-algebraic-theories-are-complete-and-cocomplete	pending		
cor-cauchy-estimates-taylor-coefficients	pending		
cor-cauchy-inequalities	pending		
cor-cauchy-product-absolute	pending		
cor-cauchy-reals-lub-complete	pending		
cor-cauchy-schwarz-for-random-variables	pending		A-P
cor-cauchy-schwarz-inequality-for-l-two	pending		A-P
cor-cauchy-theorem-convex-domain	pending		
cor-cauchy-theorem-for-null-homotopic-loops	pending		
cor-cauchy-theorem-star-shaped-domain	pending		
cor-cavalieri-principle-for-jordan-content	pending		
cor-cayley-formula-from-the-matrix-tree-theorem	no_candidate_found	root-spectral-01-receipts.json	
cor-cayley-hamilton-recurrences-for-matrix-powers	pending		
cor-center-of-a-free-product-is-trivial	pending		
cor-center-of-symmetric-group-is-trivial	pending		
cor-centered-hardy-littlewood-maximal-operator-is-l-p-bounded	pending		
cor-central-binomial-coefficient-asymptotic-from-wallis	pending		
cor-central-characters-are-dot-weyl-orbits	existing_finding	terra-lie-01-receipts.json	A-P
cor-central-extensions-are-classified-by-h-two-with-trivial-action	pending		
cor-central-extensions-of-perfect-groups-are-controlled-by-hom-from-the-schur-multiplier	pending		
cor-cesaro-matrix-is-regular	pending		
cor-change-of-rings-for-extension-of-scalars	pending		
cor-change-of-variables-for-compactly-supported-functions	pending		
cor-change-of-variables-on-bounded-open-jordan-sets	pending		
cor-characteristic-polynomial-evaluation-has-only-zero-eigenvalues	pending		
cor-chebyshev-inequality-for-random-variables	pending		
cor-chebyshev-theta-prime-number-theorem-error	pending		
cor-chord-length-is-at-most-arc-length	pending		
cor-chromatic-number-extremal-density	pending		
cor-classical-mobius-inversion	pending		
cor-classical-three-dimensional-stokes-theorem	no_candidate_found	root-stokes-01-receipts.json	
cor-classification-of-groups-of-order-one-hundred-five	pending		
cor-clifford-ramification-squares-sum-to-inertia-index	pending		
cor-clique-is-np-complete	pending		A-P
cor-closed-compactly-supported-forms-integrate-to-zero-on-boundaries	pending		
cor-closed-contour-integral-of-a-derivative-is-zero	pending		
cor-closed-convex-set-is-an-intersection-of-closed-half-spaces	pending		A-P
cor-closed-exact-and-conservative-equivalence-on-star-shaped-domains	pending		
cor-closed-family-irreducible-equal-dimensional-fibres	pending		
cor-closed-points-dense-in-affine-spectra	pending		
cor-closed-points-of-spectrum-are-maximal-ideals	pending		
cor-closed-walk-trace-generating-functions	pending		
cor-club-filter-is-least-normal-tail-filter	pending		
cor-club-filter-not-an-ultrafilter	pending		
cor-codimension-one-frobenius-criterion	pending		
cor-cofinality-of-a-cardinal-power	pending		
cor-cohen-macaulay-modules-have-no-embedded-associated-primes	pending		
cor-cohen-macaulayness-localises	pending		
cor-coherence-follows-from-freeness	pending		
cor-cohomology-over-a-field-is-dual-to-homology-for-finite-dimensional-complexes	pending		A-P
cor-cohomology-with-a-divisible-abelian-coefficient-group-is-hom-of-homology	pending		
cor-cokleisli-and-coeilenberg-moore-have-the-dual-extremal-universal-properties	pending		
cor-common-divisor-divides-gcd	pending		
cor-comonads-on-a-preorder-are-interior-operators	pending		
cor-compact-domain-maps-are-uniformly-continuous	pending		
cor-compact-hausdorff-partitions-of-unity	no_candidate_found	terra-partitions-01-receipts.json	
cor-compact-open-topology-is-independent-of-exhaustion	pending		
cor-compact-regular-level-surfaces-have-finite-patch-covers	pending		
cor-compact-subsets-of-cx-for-a-proper-metric-target	pending		
cor-compactness-via-universal-nets	pending		
cor-complete-graph-edge-count	pending		
cor-complete-homogeneous-symmetric-polynomials-freely-generate	pending		
cor-complete-intersection-betti-numbers-binomial	pending		
cor-complete-local-domain-finite-over-a-regular-power-series-ring	pending		
cor-complete-local-rings-are-henselian	pending		
cor-complete-normality-is-hereditary	pending		
cor-complete-separated-adic-pair-henselian	pending		
cor-complete-splitting-and-trivial-frobenius	pending		
cor-completely-metrizable-spaces-are-baire	pending		
cor-completely-multiplicative-dirichlet-series-euler-product	pending		
cor-completeness-and-cocompleteness-criteria	pending		
cor-completion-commutes-with-finite-quotients-and-submodules	pending		
cor-completion-preserves-cohen-macaulayness-two-directions	pending		A-R
cor-complex-analytic-functions-have-local-primitives	pending		
cor-complex-de-moivre-formula	pending		
cor-complex-differentiability-implies-continuity	pending		
cor-complex-exponential-cartesian-form-modulus-and-eulers-identity	pending		
cor-complex-jacobian-determinant-is-multiplicative	pending		
cor-complex-numbers-are-a-quadratic-real-extension	pending		
cor-complex-power-series-coefficient-formula	pending		
cor-complex-power-series-sums-are-analytic	pending		
cor-complex-power-series-sums-have-derivatives-of-all-orders	pending		
cor-complex-trigonometric-and-hyperbolic-addition-formulas	pending		
cor-complex-trigonometric-and-hyperbolic-derivatives	pending		
cor-components-of-open-subsets-of-rn-are-polygonally-connected	pending		
cor-composite-of-two-subfields	pending		
cor-composition-with-an-identity-monad-adjunction-preserves-the-induced-monad	pending		
cor-compositions-have-generating-function-x-over-one-minus-two-x	pending		
cor-compositions-with-k-parts-are-counted-by-binomial-coefficients	pending		
cor-conjugate-elements-are-related-by-an-automorphism-of-an-algebraic-closure	pending		
cor-connected-components-partition-the-vertex-set	pending		
cor-connected-cover-of-a-simply-connected-space-is-trivial	pending		
cor-connected-coverings-of-circle-classified-by-nonnegative-integers	pending		
cor-connected-subsets-of-the-line	pending		
cor-conservative-fields-are-path-independent-and-have-zero-circulation	pending		
cor-constant-boundary-modulus-forces-zero-or-constancy	pending		
cor-constant-modulus-holomorphic-function-is-constant	pending		
cor-continued-fraction-convergents-are-reduced	pending		
cor-continuous-complex-derivative-gives-c1-components	pending		
cor-continuous-extension-from-a-dense-subset-r	pending		A-R
cor-continuous-functions-are-borel-measurable	pending		
cor-continuous-image-of-an-interval-is-an-interval	pending		
cor-continuous-logarithmic-functions-form-a-one-parameter-family	pending		
cor-contour-integral-of-a-constant-is-an-endpoint-increment	pending		
cor-contour-integrals-homologous-cycles	pending		
cor-contractible-iff-identity-nullhomotopic	pending		
cor-contractible-nonempty-spaces-have-the-homology-of-a-point	pending		
cor-contractible-spaces-are-path-connected	pending		
cor-contraction-of-maximal-ideals-integral-extension	pending		
cor-contravariant-yoneda-lemma	pending		
cor-convergent-series-are-cesaro-and-abel-summable	pending		
cor-converse-of-lagrange-for-finite-abelian-groups	pending		
cor-convex-differentiable-functions-have-continuous-derivatives	pending		
cor-convex-domains-are-domains-of-holomorphy	pending		
cor-convex-functions-on-open-convex-sets-are-continuous	pending		
cor-convex-subsets-of-rn-are-contractible	pending		
cor-convolution-of-conjugate-l-p-and-l-q-functions-is-continuous-and-vanishes-at-infinity	pending		
cor-coordinate-random-elements-on-a-countable-product-are-independent	pending		
cor-countable-choice-and-omega-one-cofinality	pending		
cor-countable-independent-copies-exist	pending		
cor-countable-products-and-g-delta-subspaces-of-polish-spaces-are-polish	pending		
cor-countably-many-discontinuities-integrable	pending		
cor-covariance-vanishes-under-independence	pending		
cor-cramers-rule-over-a-field	pending		
cor-cross-product-is-hodge-star-of-the-wedge	pending		
cor-curl-vanishes-exactly-when-a-field-is-closed	pending		
cor-cycle-integral-of-a-derivative-vanishes	pending		
cor-cyclic-fixed-points-detect-rational-representations	pending		
cor-cyclic-local-integrality-criterion	pending		
cor-cyclotomic-extensions-are-abelian	pending		
cor-cyclotomic-field-splits-a-finite-group	pending		
cor-deck-group-of-a-regular-covering	pending		
cor-degree-descends-to-circle-loop-classes	pending		
cor-degree-factors-into-separable-and-inseparable-degrees	pending		
cor-degree-of-f-adjoin-an-nth-root-by-coset-order	pending		
cor-delta-one-sets-are-exactly-decidable	pending		
cor-dense-range-iff-transpose-is-injective	pending		
cor-density-characterised-by-annihilator-zero	pending		
cor-depth-as-first-nonzero-ext	pending		
cor-depth-bounded-by-number-of-ideal-generators	pending		
cor-depth-depends-only-on-radical	pending		
cor-depth-lemma-unequal-depth-equalities	pending		
cor-depth-of-a-finite-local-module-at-most-its-dimension	pending		
cor-depth-zero-iff-ideal-contained-in-an-associated-prime	pending		
cor-derivative-operators-are-continuous-for-local-uniform-convergence	pending		
cor-derivatives-have-no-removable-or-jump-discontinuities	pending		
cor-derived-long-exact-sequence	pending		
cor-derived-subgroups-of-symmetric-and-alternating-groups	pending		
cor-determinant-is-a-polynomial-in-the-matrix-entries	no_candidate_found	root-determinants-01-receipts.json	
cor-determinant-is-alternating-multilinear-in-the-rows	no_candidate_found	root-determinants-01-receipts.json	
cor-determinant-is-invariant-under-similarity	no_candidate_found	root-determinants-01-receipts.json	
cor-determinant-multiplicativity-from-the-top-exterior-power	pending		
cor-determinant-of-an-inverse	no_candidate_found	root-determinants-01-receipts.json	
cor-determinant-vanishes-with-a-zero-or-repeated-column	no_candidate_found	root-determinants-01-receipts.json	
cor-dfas-and-nfas-recognize-the-same-languages	pending		A-P
cor-diagonal-lattice-paths-with-a-prescribed-endpoint-are-counted-by-a-binomial-coefficient	pending		
cor-diffeomorphism-pushforward-preserves-lie-brackets	pending		
cor-diffeomorphisms-preserve-interior-and-boundary	pending		
cor-differentiable-approximants-with-a-vanishing-derivative-at-a-point	pending		
cor-differentiable-implies-continuous	pending		
cor-dihedral-groups-as-semidirect-products	pending		
cor-dimension-affine-and-projective-space	pending		
cor-dimension-birational-invariant	pending		A-P
cor-dimension-drops-under-a-parameter	pending		
cor-dimension-of-a-direct-sum	pending		
cor-dimension-of-a-finite-group-algebra	pending		
cor-dimension-of-a-finite-polynomial-ring-over-a-field	pending		
cor-dimension-of-a-quotient-as-chains-above-an-ideal	pending		
cor-dimension-of-an-induced-finite-dimensional-representation	pending		
cor-dimension-of-image-plus-generic-fibre	pending		
cor-dimension-of-the-kth-exterior-power	pending		
cor-dimension-of-the-kth-exterior-power-is-binomial	pending		
cor-dimension-preserved-by-integral-extensions	pending		
cor-dimensions-of-matrix-and-linear-map-spaces	pending		
cor-diracs-hamiltonicity-theorem	pending		
cor-dirichlet-character-residue-class-indicator	pending		
cor-dirichlet-l-root-number-unit-modulus	pending		
cor-dirichlet-l-trivial-zeros	pending		
cor-disc-jordan-content-is-pi-r-squared	pending		
cor-discriminant-as-a-resultant-with-the-derivative	pending		
cor-discriminant-of-a-quadratic-field	pending		
cor-discriminant-valuation-from-different-exponents	pending		
cor-distance-to-annihilator-is-restriction-norm	pending		
cor-distance-to-subspace-by-annihilating-functionals	pending		
cor-distinct-characteristic-roots-imply-diagonalisability	pending		
cor-distinct-edge-weights-give-a-unique-minimum-spanning-tree	pending		
cor-distinct-partitions-have-product-generating-function	pending		
cor-distributive-and-de-morgan-laws-for-indexed-families	pending		
cor-divisibility-conditions-for-a-two-design	pending		
cor-division-algorithm-nonzero-divisor	pending		
cor-divisor-dirichlet-series-zeta-square	pending		
cor-divisors-of-primitively-two-square-representable-integers	pending		
cor-dobinski-formula-for-bell-numbers	pending		
cor-dominant-morphism-image-contains-open	pending		
cor-dominated-convergence-for-sets	no_candidate_found	root-analysis-signals-01-receipts.json	
cor-dominated-convergence-is-a-vitali-corollary	pending		
cor-double-orthogonal-complement-and-dimension	pending		
cor-doubly-transitive-actions-are-exactly-the-rank-two-transitive-actions	pending		
cor-dual-separates-points	pending		
cor-dvr-is-a-pid	pending		
cor-e-is-the-unique-unit-hyperbolic-area	pending		
cor-each-factor-is-a-retract-of-a-free-product	pending		
cor-effective-enumeration-of-turing-machines	pending		
cor-eigenvalue-form-of-the-transfer-matrix-trace	pending		
cor-eisenstein-prime-is-totally-ramified	pending		
cor-element-algebraic-iff-simple-extension-finite	pending		
cor-elementary-almost-everywhere-is-lebesgue-almost-everywhere	pending		
cor-elementary-local-integrality-criterion	pending		
cor-elementary-matrices-are-invertible	pending		
cor-elementary-restriction-detects-generalized-characters	pending		
cor-ell-p-duality-by-counting-measure	pending		
cor-empty-koszul-complex-is-the-coefficient-module	pending		
cor-endomorphism-algebra-is-a-minimal-polynomial-quotient	pending		
cor-endomorphism-ring-is-a-matrix-ring	pending		
cor-endomorphisms-of-an-irreducible-over-a-splitting-field-are-scalars	pending		
cor-endomorphisms-of-an-irreducible-over-an-algebraically-closed-field-are-scalars	pending		
cor-endomorphisms-over-an-algebraically-closed-field-are-triangularisable	pending		
cor-endomorphisms-over-an-algebraically-closed-field-have-jordan-form	pending		
cor-ends-and-coends-exist-when-the-index-category-is-small-and-the-target-is-complete-or-cocomplete	pending		
cor-ends-commute-with-ends	pending		
cor-entire-biholomorphisms-are-affine	pending		
cor-entire-harmonic-functions-with-bounded-gradient-are-affine	pending		
cor-equalizers-are-monic-and-coequalizers-are-epic	pending		
cor-equicharacteristic-complete-local-power-series-quotient	pending		
cor-equicharacteristic-complete-local-ring-has-coefficient-field	pending		
cor-equicontinuous-bounded-sequence-has-a-uniformly-convergent-subsequence	pending		
cor-equicontinuous-families-into-a-compact-metric-target	pending		
cor-equivalent-complete-norms-from-one-sided-comparison	pending		
cor-erdos-szekeres-from-mirsky	pending		
cor-euclidean-closed-balls-and-spheres-are-compact	pending		
cor-euclidean-compactness-equivalence-chart	pending		
cor-euclidean-hausdorff-dimension	pending		
cor-euclidean-immersion-normal-form-and-local-embedding	pending		
cor-euclidean-spheres-are-path-connected	pending		
cor-euclidean-submersion-normal-form	pending		
cor-euclidean-submersions-are-open-maps	pending		
cor-euclids-lemma-for-finite-products	pending		
cor-euler-formula-for-disconnected-plane-graphs	pending		
cor-euler-prime-product-tends-to-zero	pending		
cor-euler-totient-dirichlet-series	pending		
cor-euler-totient-is-multiplicative	pending		
cor-euler-trail-characterisation	pending		
cor-eulerian-numbers-are-symmetric	pending		
cor-eulerian-polynomial-exponential-generating-function	pending		
cor-evaluation-is-monic-and-coevaluation-is-epic-for-nonzero-objects	pending		
cor-every-adjunction-induces-a-comonad-on-the-other-side	pending		
cor-every-category-monadic-over-set-is-complete	pending		
cor-every-chain-map-factors-as-a-cofibration-like-inclusion-followed-by-a-homotopy-equivalence	pending		
cor-every-closed-embedded-submanifold-has-a-smooth-neighbourhood-retraction	pending		
cor-every-closed-subset-of-a-manifold-is-the-zero-set-of-a-smooth-nonnegative-function	pending		A-P
cor-every-compact-smooth-manifold-admits-an-excellent-morse-function	pending		U-P
cor-every-complex-polynomial-splits-into-linear-factors	pending		
cor-every-connected-covering-of-circle-is-regular	pending		
cor-every-continuous-map-between-smooth-manifolds-is-homotopic-to-a-smooth-map	pending		U-P
cor-every-distinguished-open-is-compact	pending		
cor-every-face-of-an-elementary-solid-region-is-outward-oriented	pending		
cor-every-finite-group-is-finitely-presented	pending		
cor-every-graph-on-at-most-three-vertices-has-the-erdos-hajnal-property	pending		
cor-every-grothendieck-category-has-enough-injectives-and-every-object-admits-an-injective-resolution	pending		
cor-every-immersion-is-locally-an-embedding	pending		
cor-every-irreducible-complex-character-occurs-in-the-induction-of-an-irreducible-constituent-of-its-restriction	pending		
cor-every-local-ring-is-its-localisation-at-its-maximal-ideal	pending		
cor-every-module-admits-a-projective-resolution	pending		
cor-every-module-admits-an-injective-resolution	pending		
cor-every-module-is-a-quotient-of-a-free-module	pending		
cor-every-nonconstant-polynomial-has-a-root-in-an-extension	pending		
cor-every-nonfrattini-element-belongs-to-a-minimal-generating-set	pending		
cor-every-open-subset-of-a-manifold-is-the-cozero-set-of-a-smooth-function	pending		
cor-every-real-polynomial-factors-into-linear-and-irreducible-quadratic-factors	pending		
cor-every-short-exact-sequence-of-smooth-vector-bundles-splits	pending		
cor-every-smooth-manifold-admits-a-riemannian-metric	pending		
cor-every-smooth-vector-field-on-a-compact-manifold-is-complete	pending		A-P
cor-every-spanning-set-contains-a-basis	pending		
cor-every-submersion-is-an-open-map	pending		
cor-every-subset-of-r-of-positive-outer-measure-contains-a-nonmeasurable-subset	pending		
cor-every-system-of-parameters-is-regular-in-a-cohen-macaulay-module	pending		
cor-every-tangent-vector-is-the-velocity-of-a-smooth-curve	pending		
cor-every-vector-space-has-a-basis	pending		
cor-every-vector-subbundle-has-a-smooth-complement	pending		
cor-expander-independent-sets-coloring-and-diameter	pending		
cor-expectation-agrees-with-the-finite-weighted-sum	pending		
cor-expectation-linearity-monotonicity-and-modulus-bound	pending		
cor-expectation-of-an-indicator-is-probability	pending		
cor-explicit-polynomial-time-constant-degree-expanders-exist	pending		
cor-exponential-is-a-bijection-onto-positive-reals	pending		
cor-exponential-reciprocal-and-positivity	pending		
cor-ext-can-be-computed-from-any-injective-resolution-of-the-second-variable	pending		
cor-ext-can-be-computed-from-any-projective-resolution-of-the-first-variable	pending		
cor-extended-euclidean-bezout-coefficients	pending		
cor-extensions-with-coprime-kernel-and-quotient-split	pending		
cor-factor-hensel-implies-simple-root-hensel	pending		
cor-factor-images-intersect-in-the-amalgamated-subgroup	pending		
cor-factor-theorem-over-a-commutative-ring	pending		
cor-factorisation-of-a-nonzero-integer	pending		
cor-factors-embed-in-a-free-product-with-amalgamation	pending		
cor-faithful-transitive-actions-are-core-free-coset-actions	pending		
cor-faithfully-flat-descent-of-finite-generation	pending		
cor-faithfully-flat-ring-maps-are-injective	pending		
cor-few-induced-copies-force-a-linearly-large-induced-subgraph-with-bounded-maximum-degree	pending		
cor-field-finite-type-over-a-field-is-a-finite-extension	pending		
cor-fields-of-characteristic-zero-and-finite-fields-are-perfect	pending		
cor-fields-of-fractions-are-unique-over-the-domain	pending		
cor-finite-abelian-group-cyclic-iff-one-invariant-factor	pending		
cor-finite-c-prime-one-sixth-presentations-have-solvable-word-problem	pending		A-P
cor-finite-codimensional-subspaces-are-complemented	pending		
cor-finite-complex-measures-admit-integrable-radon-nikodym-densities	pending		A-R
cor-finite-dimensional-inner-product-spaces-have-orthonormal-bases	pending		
cor-finite-dimensional-normed-spaces-are-banach	pending		
cor-finite-dimensional-representations-are-completely-reducible-when-char-k-does-not-divide-group-order	pending		
cor-finite-dimensional-subspaces-are-closed	pending		A-R
cor-finite-dimensional-subspaces-are-complemented	pending		
cor-finite-dimensional-vector-spaces-are-isomorphic-iff-equal-dimension	pending		
cor-finite-direct-sums-preserve-chain-conditions	pending		
cor-finite-extension-of-a-perfect-field-is-simple	pending		
cor-finite-extensions-of-finite-fields-are-simple	pending		
cor-finite-flat-noetherian-modules-are-projective	pending		
cor-finite-galois-extension-has-finitely-many-intermediate-fields	pending		
cor-finite-galois-over-every-intermediate-field	pending		
cor-finite-index-subgroups-of-finitely-presented-groups-are-finitely-presented	pending		
cor-finite-iterated-tensor-products-represent-multilinear-maps	pending		
cor-finite-jumps-match-arithmetical-levels	pending		
cor-finite-maximal-time-forces-escape-from-every-compact-set	pending		
cor-finite-module-locally-zero-near-a-prime	pending		
cor-finite-nonnegative-integral-implies-finite-almost-everywhere	pending		A-P
cor-finite-premeasure-extension-is-unique	pending		
cor-finite-projective-planes-are-symmetric-two-designs	pending		
cor-finite-purely-inseparable-extensions-have-prime-power-degree	pending		
cor-finite-ramsey-by-konig-compactness	pending		
cor-finite-random-variable-independence-agreement	pending		
cor-finite-section-support-forces-zero-integral	pending		
cor-finite-separable-extension-has-finitely-many-intermediate-fields	pending		
cor-finite-subgroups-of-units-in-a-domain-are-cyclic	pending		
cor-finite-type-algebra-over-a-principal-ideal-domain-is-noetherian	pending		
cor-finite-type-algebra-over-noetherian-ring-is-finitely-presented	pending		
cor-finite-type-algebra-over-noetherian-ring-is-noetherian	pending		
cor-finite-variable-polynomial-ring-noetherian	pending		
cor-finitely-generated-nilpotent-groups-have-polynomial-growth	pending		A-R
cor-finitely-generated-pro-p-homomorphisms-are-surjective-iff-surjective-mod-frattini	pending		
cor-finitely-generated-projective-kg-modules-are-injective-and-conversely	pending		
cor-finitely-generated-torsion-free-modules-over-a-pid-are-free	pending		
cor-finiteness-of-positive-definite-binary-form-classes	pending		
cor-first-borel-cantelli-lemma-for-events	pending		
cor-first-cohomology-for-a-trivial-action-is-hom	pending		
cor-first-cohomology-of-a-finite-group-with-uniquely-divisible-coefficients-vanishes	pending		
cor-fixed-field-map-is-injective-on-finite-automorphism-groups	pending		
cor-flat-local-cohen-macaulay-fibre-criterion	pending		A-P
cor-flat-local-depth-additivity	pending		A-P
cor-flat-modules-preserve-intersections-of-ideals	pending		
cor-flat-quotients-and-idempotent-ideals	pending		
cor-for-invertible-a-the-exact-solution-enters-the-krylov-space-at-the-grade	pending		
cor-formal-series-over-a-field-is-a-local-domain	pending		
cor-four-squares-closed-under-products	pending		
cor-fourier-series-supported-on-a-sidon-set-and-continuous-has-ell-one-coefficients	pending		
cor-frattini-free-finite-p-groups-are-elementary-abelian	pending		
cor-frattini-subgroup-is-contained-in-the-fitting-subgroup	pending		
cor-frattini-subgroup-of-a-finite-two-group-is-the-square-subgroup	pending		
cor-free-groups-of-rank-at-least-two-have-subgroups-of-every-finite-rank	pending		
cor-free-modules-are-projective-and-flat	pending		
cor-free-product-factor-maps-are-injective	pending		
cor-free-product-of-infinite-cyclic-groups-is-free	pending		
cor-free-products-are-unique-up-to-unique-isomorphism	pending		
cor-frobenius-compatibility-in-finite-towers	pending		
cor-frobenius-local-first-integrals	pending		
cor-frobenius-reciprocity-for-complex-characters	pending		
cor-ftc-integral-function-differentiable-almost-everywhere	pending		
cor-full-faithful-essentially-surjective-small-target-characterises-equivalence	pending		
cor-functor-categories-inherit-completeness-and-cocompleteness	pending		
cor-fundamental-group-of-a-graph-with-trivial-groups-is-free	pending		
cor-fundamental-group-of-two-circle-wedge	pending		
cor-fundamental-group-of-two-dimensional-torus	pending		
cor-fundamental-theorem-of-calculus-from-stokes	pending		
cor-fundamental-theorem-of-finitely-generated-abelian-groups-from-pid-modules	pending		
cor-g-to-the-group-order-is-identity	pending		
cor-gaft-recovers-the-free-group-and-abelianisation-adjoints	pending		
cor-galois-prime-decomposition-efg	pending		
cor-gamma-factorial-values	pending		
cor-gamma-function-has-no-zeros	pending		
cor-gamma-one-half-value	pending		
cor-gautschi-inequality-for-the-real-gamma-function	pending		
cor-gcd-quotients-coprime	pending		
cor-general-linear-group-is-a-group	pending		
cor-generalised-eigenspace-decomposition-for-a-split-minimal-polynomial	pending		
cor-generalized-pell-solubility-is-decidable	pending		
cor-generation-is-detected-modulo-the-frattini-subgroup	pending		
cor-generators-embed-in-the-word-quotient	pending		
cor-generators-of-a-finite-cyclic-group	pending		
cor-generic-translations-of-a-map-to-euclidean-space-are-transverse	pending		
cor-generic-verma-modules-are-simple	pending		A-P
cor-geometric-unit-circle-has-fundamental-group-z	pending		
cor-global-cauchy-formula-higher-derivatives	pending		
cor-global-cauchy-theorem-homology	pending		
cor-globally-lipschitz-odes-have-global-solutions	pending		
cor-gmres-minimizes-the-residual-over-the-affine-krylov-space	pending		
cor-goursat-rectangle-theorem	pending		
cor-graph-of-a-measurable-function-is-lebesgue-null	pending		
cor-grassmannian-smooth-irreducible-dimension	pending		
cor-greens-first-identity-for-glued-elementary-solid-regions	pending		
cor-greens-second-identity-for-glued-elementary-solid-regions	pending		
cor-greens-theorem-from-general-stokes	no_candidate_found	root-stokes-01-receipts.json	
cor-greens-theorem-in-circulation-form	no_candidate_found	root-stokes-01-receipts.json	
cor-group-actions-are-strictly-monadic-over-sets	pending		
cor-group-algebra-is-not-semisimple-when-char-k-divides-group-order	pending		
cor-group-algebra-is-semisimple-when-char-k-does-not-divide-group-order	pending		
cor-group-mod-center-is-inner-automorphism-group	pending		
cor-groups-acting-freely-without-inversions-on-trees-are-torsion-free	pending		
cor-groups-acting-geometrically-on-the-same-space-are-quasi-isometric	pending		
cor-groups-containing-a-rank-two-free-subgroup-are-nonamenable	pending		
cor-groups-of-order-p-squared-are-abelian	pending		
cor-groups-of-order-p-squared-q-are-not-simple	pending		
cor-groups-of-order-pq-are-not-simple	pending		
cor-h-free-complement-dictionary	pending		
cor-hall-deficiency-formula	pending		
cor-hall-sdr-finite-families	pending		
cor-hamiltonian-graph-is-two-connected	pending		
cor-hamiltonian-path-and-cycle-are-np-complete	pending		A-P
cor-harmonic-addition-formula	pending		
cor-harmonic-conjugates-differ-by-a-real-constant	pending		
cor-harnack-inequality-on-compact-subsets	pending		A-P
cor-hartogs-figure-obstruction-to-domain-of-holomorphy	pending		
cor-hausdorff-measure-under-similarities	pending		
cor-height-of-a-prime-bounded-by-minimal-number-of-generators	pending		
cor-height-plus-quotient-dimension-affine-domain	pending		
cor-height-preserved-under-going-down-integral-extensions	pending		
cor-heine-borel-in-the-product-topology	pending		
cor-henselian-local-simple-root-criterion	pending		
cor-henstock-kurzweil-integration-by-parts	pending		
cor-henstock-kurzweil-substitution-for-derivatives	pending		
cor-hereditary-size-exhausts-the-universe-under-choice	pending		
cor-hermitian-simple-eigenpair-derivative-simplifications	pending		
cor-hessian-is-symmetric	pending		
cor-hodge-star-is-an-isometry-and-squares-to-a-sign	pending		
cor-holder-inequality-for-random-variables	pending		A-P
cor-holomorphic-function-ring-integral-domain	pending		
cor-holomorphic-function-with-holomorphic-conjugate-is-constant	pending		
cor-holomorphic-functional-calculus-in-the-wiener-algebra	pending		
cor-holomorphic-functions-are-closed-for-local-uniform-convergence	pending		
cor-holomorphic-functions-are-real-analytic-and-smooth	pending		
cor-holomorphic-functions-in-several-variables-are-smooth	pending		
cor-holomorphic-functions-on-a-domain-form-an-integral-domain	pending		
cor-holomorphic-logarithm-has-the-logarithmic-derivative	pending		
cor-holomorphic-mean-value-property	pending		
cor-holomorphic-roots-homologically-simply-connected-domains	pending		
cor-hom-functors-are-continuous-and-send-colimits-to-limits	pending		
cor-hom-functors-on-a-preadditive-category-are-left-exact	pending		
cor-hom-of-finite-modules-is-finite-over-a-noetherian-ring	pending		
cor-homogeneous-polynomial-becomes-hyperplane-section	pending		
cor-homology-of-a-degreewise-split-direct-sum-sequence	pending		
cor-homology-of-good-pairs-is-reduced-homology-of-the-quotient	pending		
cor-homology-of-spheres	pending		
cor-homotopic-maps-induce-the-same-map-on-singular-homology	pending		
cor-homotopy-equivalence-bijection-on-path-components	pending		
cor-homotopy-relative-and-path-homotopy-are-equivalence-relations	pending		
cor-hopf-formula-is-independent-of-the-free-presentation	pending		
cor-hyperbolic-groups-have-solvable-word-problem	pending		A-P
cor-ideal-divisibility-reverses-inclusion-dedekind	pending		
cor-ideals-in-a-dedekind-domain-are-two-generated	pending		
cor-idempotent-endomorphisms-are-diagonalisable-projections	pending		
cor-idempotents-lift-uniquely-in-a-henselian-pair	pending		
cor-identity-on-an-infinite-dimensional-normed-space-is-not-compact	pending		
cor-iid-finite-variance-weak-law	pending		
cor-image-and-preimage-round-trips-detect-injectivity-and-surjectivity	pending		
cor-improper-integral-tails-tend-to-zero	pending		
cor-improper-integral-test-for-series	pending		
cor-in-a-preadditive-category-the-coequalizer-of-a-parallel-pair-is-the-cokernel-of-their-difference	pending		
cor-in-a-preadditive-category-with-a-zero-object-a-morphism-is-epic-exactly-when-its-cokernel-is-zero	pending		
cor-inclusion-exclusion-is-boolean-mobius-inversion	pending		
cor-indecomposable-finite-abelian-groups-are-cyclic-prime-power	pending		
cor-indefinite-henstock-kurzweil-integral-is-a-primitive	pending		
cor-independent-nonidentical-finite-variance-strong-law	pending		
cor-independent-set-and-vertex-cover-are-np-complete	pending		
cor-independent-set-is-no-larger-than-a-finite-spanning-set	pending		
cor-index-and-coindex-swap-under-negation	pending		
cor-index-n-handles-cap-boundary-spheres	pending		
cor-index-of-a-cycle-is-locally-constant-and-vanishes-far-from-its-trace	pending		
cor-index-of-a-full-rank-integer-sublattice-is-the-absolute-determinant	pending		
cor-index-one-iff-whole-group	pending		
cor-index-p-subgroups-of-finite-p-groups-are-normal	pending		
cor-index-tower-finite	pending		
cor-index-zero-handles-create-components	pending		
cor-induced-and-intrinsic-adic-filtrations-are-equivalent	pending		
cor-infinite-dimensional-closed-unit-ball-is-not-compact	pending		
cor-infinite-ramsey-for-dedekind-infinite-sets	pending		
cor-infinitely-many-primes-congruent-to-one-modulo-three	pending		A-P
cor-initial-subsequences-of-a-regular-sequence-are-regular	pending		
cor-initial-values-determine-a-linear-recurrence-sequence	pending		
cor-injective-holomorphic-derivative-nonzero	pending		
cor-injective-or-monotone-derivative-is-continuous	pending		
cor-injective-regular-ck-map-is-a-ck-diffeomorphism-onto-its-image	pending		
cor-integer-partitions-have-euler-product	pending		
cor-integers-requiring-four-squares	pending		
cor-integrability-of-absolute-values-products-and-lattice-operations	pending		
cor-integral-closure-of-a-dedekind-domain-in-a-finite-separable-extension	pending		
cor-integral-elements-form-a-subring	pending		
cor-integral-exponential-addition-law	pending		
cor-integral-extension-lifts-finite-prime-chains	pending		
cor-integral-logarithm-agrees-with-natural-logarithm	pending		
cor-integral-logarithm-is-strictly-increasing	pending		
cor-integral-logarithm-reciprocals-and-integer-powers	pending		
cor-integral-of-an-exact-compactly-supported-top-form-on-a-boundaryless-manifold-is-zero	pending		
cor-integral-over-a-null-set-vanishes	pending		A-P
cor-intermediate-field-degrees-divide	pending		
cor-intermediate-value-theorem-topological	pending		
cor-interval-uncountable	pending		
cor-inverse-by-row-reducing-an-augmented-matrix	pending		
cor-inverse-image-preserves-meets-and-direct-image-preserves-joins	pending		
cor-inverse-matrix-by-adjugate	pending		
cor-inverse-of-an-invertible-operator-is-a-polynomial-in-the-operator	pending		
cor-invertible-matrix-has-unit-determinant	no_candidate_found	root-determinants-01-receipts.json	
cor-irrationals-uncountable	pending		
cor-irreducible-polynomial-is-separable-iff-derivative-nonzero	pending		
cor-irreducible-polynomials-exist-over-finite-fields-in-every-degree	pending		
cor-irreducible-real-polynomial-has-degree-one-or-even-degree	pending		
cor-irreducible-real-polynomials-have-degree-one-or-two	pending		
cor-irreducible-representations-have-degree-at-most-the-group-order	pending		
cor-iwasawa-criterion-for-faithful-finite-actions	pending		
cor-jacobi-symbol-minus-one-obstructs-square	pending		
cor-jacobian-determinant-of-a-holomorphic-map	pending		
cor-jensen-zero-counting-bound	pending		
cor-jordan-block-data-controls-eigenspaces-and-polynomials	pending		
cor-jordan-content-finite-additivity	pending		
cor-jordan-content-under-a-c-one-diffeomorphism	pending		
cor-k-five-and-k-three-three-are-nonplanar	pending		
cor-kernel-of-a-constant-rank-submersion-is-integrable	pending		
cor-kernel-of-the-action-on-the-frattini-quotient-is-a-p-group	pending		
cor-kernel-of-the-universal-central-extension-is-the-schur-multiplier	pending		
cor-kirchhoff-eigenvalue-product-formula	no_candidate_found	root-spectral-01-receipts.json	
cor-kleisli-and-eilenberg-moore-categories-are-equivalent-for-an-idempotent-monad	pending		
cor-kleisli-and-eilenberg-moore-have-the-extremal-adjunction-universal-properties	pending		
cor-kolmogorov-two-series-sufficiency	pending		
cor-koszul-complex-invariant-under-invertible-generator-change	pending		
cor-koszul-complex-resolves-a-regular-quotient	pending		
cor-koszul-homology-flat-base-change	pending		
cor-koszul-homology-localises	pending		
cor-koszul-homology-supported-on-sequence-vanishing-set	pending		
cor-kunneth-over-a-field	pending		U-P
cor-kunneth-when-one-homology-family-is-flat	pending		U-P
cor-l-is-properly-contained-in-pspace	pending		A-P
cor-l-one-approximate-identities-converge-uniformly-on-compacta-for-continuous-functions	pending		
cor-l-one-convergence-has-an-almost-everywhere-convergent-subsequence	pending		
cor-l-p-convergence-implies-convergence-in-measure	pending		
cor-l-p-convergent-sequences-have-almost-everywhere-convergent-subsequences	pending		A-P
cor-l-p-norm-recovery-by-unit-l-q-pairings	pending		
cor-lacunary-series-lp-membership-is-coefficient-ell-two	pending		
cor-lagrange-multiplier-rule-for-graph-constraints	pending		
cor-lagrange-multiplier-rule-for-one-regular-constraint	pending		
cor-large-almost-pure-pair-hypotheses-yield-a-complete-or-anticomplete-blockade	pending		
cor-large-schroder-numbers-as-a-binomial-sum-of-catalan-numbers	pending		
cor-largest-invariant-factor-is-the-minimal-polynomial	pending		
cor-laurent-coefficients-independent-of-radius	pending		
cor-laurent-nested-intervals	pending		
cor-laurent-not-lub-complete	pending		
cor-layer-cake-formulas-for-random-variables	pending		
cor-lebesgue-measure-is-invariant-under-orthogonal-linear-maps	pending		
cor-lebesgue-measure-is-the-lebesgue-stieltjes-measure-of-the-identity	pending		
cor-lebesgue-outer-measure-is-regular-with-borel-measurable-hulls	pending		
cor-lebesgue-sigma-algebra-is-the-completion-of-borel-lebesgue-measure	pending		
cor-left-adjoints-preserve-colimits	pending		
cor-left-and-right-semisimplicity-agree	pending		
cor-length-is-additive-in-short-exact-sequences	pending		
cor-length-of-the-graph-of-a-c1-function	pending		
cor-lie-derivative-commutes-with-the-exterior-derivative	pending		
cor-lifted-path-endpoints-depend-only-on-path-homotopy	pending		
cor-liminf-is-least-subsequential-limit	pending		
cor-limit-comparison-test-for-improper-integrals	pending		
cor-linear-isoperimetric-bound-for-finite-c-prime-one-sixth-presentations	pending		A-P
cor-linear-maps-with-finite-dimensional-domain-are-bounded	pending		
cor-liouville-theorem-for-plane-harmonic-functions	pending		
cor-liouville-theorem-in-several-complex-variables	pending		
cor-lipschitz-maps-do-not-increase-hausdorff-dimension	pending		
cor-lipschitz-ode-uniqueness-and-stability-estimate	pending		
cor-local-extrema-and-saddles-from-the-morse-index	pending		
cor-local-holder-regularity-implies-fourier-convergence-at-a-point	pending		
cor-local-holomorphic-roots-nonvanishing-function	pending		
cor-local-koszul-acyclicity-iff-regular-sequence	pending		
cor-local-level-set-cone-at-a-morse-critical-point	pending		
cor-local-mean-value-property-is-enough	pending		
cor-local-minima-of-convex-functions-are-global	pending		
cor-local-minima-of-convex-functions-on-rn-are-global	pending		
cor-local-multiplicity-count-holomorphic-map	pending		
cor-local-normal-form-for-immersions	pending		
cor-local-normal-form-for-submersions	pending		
cor-local-rings-have-only-trivial-idempotents	pending		
cor-local-zero-count-via-rouche	pending		
cor-localisation-commutes-with-finite-intersections-of-submodules	pending		
cor-localisation-commutes-with-kernels-images-and-cokernels	pending		
cor-localisation-dimension-does-not-increase	pending		
cor-localisation-is-unique-up-to-unique-isomorphism	pending		
cor-localisations-of-regular-local-rings-are-regular	pending		
cor-locally-bounded-meromorphic-poles-are-removable	pending		
cor-locally-compact-hausdorff-spaces-are-cech-complete	pending		
cor-locally-integrable-weakly-harmonic-functions-are-smooth	pending		
cor-locally-uniformly-convergent-holomorphic-series	pending		
cor-log-modulus-of-a-holomorphic-function-is-plurisubharmonic	pending		
cor-logarithmic-derivative-of-a-normally-convergent-product	pending		
cor-lower-limit-line-is-normal	pending		
cor-lp-fourier-series-converges-almost-everywhere-for-p-greater-than-one	pending		
cor-lyapunov-moment-inequality-on-a-probability-space	pending		
cor-major-index-generating-function-is-q-factorial	pending		
cor-majority-sat-is-pp-complete	pending		
cor-markov-inequality-for-random-variables	pending		
cor-matrix-rank-equals-the-rank-of-its-linear-map	pending		
cor-matrix-rank-nullity	pending		
cor-matrix-rings-are-noncommutative-in-dimension-at-least-two	pending		
cor-maximal-chains-in-affine-domains-have-equal-length	pending		
cor-maximal-chains-irreducible-variety-dimension	pending		
cor-maximal-ideal-and-residue-field-of-zp	pending		
cor-maximal-ideals-are-prime	pending		
cor-maximal-integral-manifolds-partition-the-manifold	pending		
cor-maximal-subgroups-of-a-finite-p-group-are-frattini-hyperplanes	pending		
cor-maximum-modulus-on-the-distinguished-boundary-of-a-polydisc	pending		
cor-maximum-principle-real-part-holomorphic-function	pending		
cor-mean-value-theorem	pending		
cor-measurable-functions-admit-dominated-simple-approximations	pending		
cor-meromorphic-functions-on-a-domain-form-a-field	pending		
cor-meromorphic-functions-on-a-plane-domain-are-holomorphic-quotients	pending		
cor-meromorphic-functions-on-the-plane-are-entire-quotients	pending		
cor-meromorphic-great-picard-theorem	pending		
cor-meromorphic-little-picard-theorem	pending		
cor-metric-spaces-admit-subordinate-partitions-of-unity	no_candidate_found	terra-partitions-01-receipts.json	
cor-metrizability-and-first-countability-are-hereditary	pending		
cor-metrizable-cech-complete-iff-completely-metrizable	pending		
cor-minimal-generating-sets-of-a-finite-p-group-have-equal-size	pending		
cor-minimal-generators-over-a-local-ring	pending		A-P
cor-minimal-polynomial-divides-characteristic-polynomial	pending		
cor-minimal-prime-has-height-zero	pending		
cor-minimal-prime-over-a-nonzerodivisor-has-height-one	pending		
cor-minimal-recurrence-and-reduced-denominator	pending		
cor-minimum-degree-two-forces-a-cycle	pending		
cor-ml-estimate-for-complex-line-integrals	pending		
cor-mobius-dirichlet-series-reciprocal-zeta	pending		
cor-mobius-inversion-for-finite-posets	pending		
cor-module-finite-affine-map-quasi-finite	pending		A-P
cor-module-tensor-products-are-unique-up-to-unique-isomorphism	pending		
cor-modulus-powers-of-holomorphic-functions-are-subharmonic	pending		
cor-monic-resultant-is-unchanged-modulo-f	pending		
cor-monic-resultant-symmetry	pending		
cor-monoid-objects-in-a-symmetric-monoidal-category-form-a-symmetric-monoidal-category	pending		
cor-monotone-converges-iff-bounded	pending		
cor-moore-penrose-image-and-kernel-identities	pending		
cor-motzkin-numbers-as-a-binomial-sum-of-catalan-numbers	pending		
cor-multiplicity-of-an-irreducible-summand-is-a-character-inner-product	pending		
cor-multivariable-taylor-formula-with-peano-remainder	pending		
cor-multivariate-polynomial-ring-over-a-domain-is-a-domain	pending		
cor-nakayama-generators-modulo-an-ideal	pending		A-P
cor-nat-addition-well-defined	pending		
cor-nat-multiplication-well-defined	pending		
cor-necklace-count-via-cycle-index	pending		
cor-necklaces-over-an-m-letter-alphabet	pending		
cor-newton-leibniz-with-finitely-many-exceptional-points	pending		
cor-nikiforov-applies-to-every-linearly-large-induced-subgraph	pending		
cor-nilpotent-groups-and-finite-p-groups-are-solvable	pending		
cor-nilpotent-ideal-pair-is-henselian	pending		
cor-nilpotent-similarity-classified-by-power-ranks	pending		
cor-nilradical-as-intersection-of-primes	pending		
cor-no-continuous-injection-from-s2-to-r2	pending		
cor-no-function-is-continuous-exactly-on-q	pending		
cor-no-isolated-holomorphic-singularities-in-several-complex-variables	pending		
cor-no-morse-smale-trajectories-for-nonpositive-index-drop	pending		
cor-no-sigma-algebra-is-countably-infinite	pending		
cor-noether-normalisation-dimension-lower-bound	pending		
cor-noether-normalisation-module-finiteness	pending		
cor-noetherian-from-finitely-many-noetherian-quotients	pending		
cor-noetherian-local-domain-dimension-zero-iff-field	pending		
cor-noetherian-modules-are-hopfian	pending		
cor-noetherian-spectrum-has-finitely-many-irreducible-components	pending		
cor-non-intersecting-monotone-path-pairs-are-counted-by-a-two-by-two-determinant	pending		
cor-nonconstant-entire-function-has-dense-image	pending		
cor-nonconstant-negative-gradient-trajectories-strictly-decrease-the-function	pending		
cor-nonempty-hereditary-class-contains-the-null-graph	pending		
cor-nonhalting-is-not-recognizable	pending		
cor-nonintegral-entire-order-bounds-canonical-genus	pending		
cor-nonnegative-harmonic-function-with-an-interior-zero-vanishes	pending		A-P
cor-nontrivial-finite-p-group-is-cyclic-iff-generator-rank-one	pending		
cor-nontrivial-tree-has-two-leaves	pending		
cor-norm-of-a-prime-ideal	pending		
cor-norm-recovered-from-the-dual-unit-ball	pending		
cor-normal-subgroup-induction-irreducibility-criterion	pending		
cor-normal-subgroups-are-exactly-kernels	pending		
cor-normal-sylow-subgroup-of-a-normal-subgroup-is-normal	pending		
cor-normalized-circle-integral-about-its-centre-is-one	pending		
cor-normalized-cochains-compute-group-cohomology	pending		
cor-normed-space-completions-are-uniquely-linearly-isometric	pending		
cor-nowhere-differentiable-functions-are-residual-in-c01	pending		A-P
cor-nspace-is-closed-under-complement-above-logspace	pending		
cor-nth-prime-asymptotic	pending		
cor-null-homotopic-maps-induce-zero-on-homology	pending		
cor-number-of-abelian-groups-of-a-given-finite-order	pending		
cor-number-of-labelled-simple-graphs	pending		
cor-number-of-monic-irreducible-polynomials-over-a-finite-field	pending		
cor-number-of-primitive-roots-modulo-n	pending		
cor-number-of-primitive-roots-modulo-odd-prime-power	pending		
cor-number-of-simple-kg-modules-equals-number-of-p-regular-conjugacy-classes	pending		
cor-number-of-solutions-of-a-binomial-congruence	pending		
cor-number-of-solutions-to-quadratic-congruence-modulo-prime	pending		
cor-number-of-square-roots-of-a-unit-modulo-n	pending		
cor-number-theoretic-mobius-is-multiplicative	pending		
cor-odd-partitions-have-product-generating-function	pending		
cor-of-neg-one-squared	pending		
cor-of-one-positive	pending		
cor-of-reverse-triangle	pending		
cor-one-critical-point-cell-attachment-homotopy-type	pending		
cor-one-dimensional-and-multidimensional-riemann-agree	pending		
cor-one-dimensional-change-of-variables-with-absolute-derivative	pending		
cor-one-dimensional-null-and-content-zero-agree	pending		
cor-one-element-koszul-homology	pending		
cor-one-generalized-pell-solution-gives-infinitely-many	pending		
cor-one-ltwo-derivative-implies-an-absolutely-convergent-fourier-series	pending		
cor-one-more-than-n-divides-the-central-binomial-coefficient	pending		
cor-one-regular-system-of-parameters-implies-cohen-macaulay	pending		
cor-only-finitely-many-primes-ramify	pending		
cor-only-proper-nontrivial-normal-subgroup-of-s-n	pending		
cor-open-closed-and-g-delta-subspaces-of-completely-metrizable-spaces	pending		U-P
cor-open-mapping-quantitative-form	pending		
cor-operator-determinant-by-row-reduction	pending		
cor-operator-determinant-on-the-general-linear-group	pending		
cor-operator-norm-submultiplicative-and-t-star-t-identity	pending		
cor-orbit-stabilizer-cardinality	pending		
cor-order-and-exponent-from-invariant-factors	pending		
cor-order-index-discriminant-formula	pending		
cor-order-is-the-product-of-composition-factor-orders	pending		
cor-order-of-a-permutation-from-its-cycle-lengths	pending		
cor-order-of-a-quotient-group	pending		
cor-order-of-element-divides-group-order	pending		
cor-orders-of-decomposition-and-inertia-groups	pending		
cor-ordinal-addition-well-defined	pending		
cor-ordinal-exponentiation-well-defined	pending		
cor-ordinal-multiplication-well-defined	pending		
cor-orthogonal-and-unitary-operators-form-groups-and-have-unit-determinant-modulus	pending		
cor-outside-a-null-set-every-point-is-a-transverse-zero-after-translation	pending		
cor-p-adic-field-is-locally-compact-and-totally-disconnected	pending		
cor-p-adic-simple-root-lifting	pending		
cor-p-four-free-graphs-have-a-clique-or-stable-set-of-size-at-least-square-root-order	pending		
cor-p-group-action-has-a-fixed-point	pending		
cor-p-is-properly-contained-in-exp	pending		A-P
cor-parallelepiped-content-is-the-absolute-determinant	pending		
cor-parameter-ideal-multiplicity-positive	pending		A-P
cor-partial-fraction-expansion-of-pi-squared-cosecant-squared	pending		
cor-partition-into-self-regular-sets	pending		
cor-partitions-with-at-most-k-parts-equal-parts-at-most-k	pending		
cor-path-and-antipath-free-graphs-have-the-erdos-hajnal-property	pending		
cor-path-connected-spaces-have-zero-reduced-zero-th-homology	pending		
cor-pentagonal-recurrence-for-partition-numbers	pending		
cor-perfect-graphs-have-a-clique-or-stable-set-of-size-at-least-square-root-order	pending		
cor-perfect-normality-is-hereditary	pending		
cor-ph-complete-language-forces-collapse	pending		A-P
cor-pi-is-the-first-positive-sine-zero	pending		
cor-piecewise-c-one-fourier-series-converges-to-midpoint-values	pending		
cor-piecewise-c1-paths-have-additive-speed-integral-length	pending		
cor-planar-graph-has-low-degree-vertex	pending		
cor-planar-graphs-have-no-kuratowski-subdivision	pending		
cor-planar-simple-graph-edge-bound	pending		
cor-plane-trees-satisfy-t-equals-z-over-one-minus-t	pending		
cor-pointwise-limit-of-bounded-operators-is-bounded	pending		
cor-poisson-supremum-estimate-from-a-quadratic-barrier	pending		
cor-polynomial-extension-preserves-cohen-macaulayness	pending		
cor-polynomial-ring-noetherian-implies-coefficient-ring-noetherian	pending		
cor-polynomial-ring-on-a-finite-family-agrees-with-the-iterated-construction	pending		
cor-polynomial-ring-over-a-domain-is-a-domain	pending		
cor-polynomial-ring-over-a-field-is-a-pid	pending		
cor-polynomial-ring-over-a-field-is-euclidean	pending		
cor-polynomial-rodl-implies-erdos-hajnal-for-a-finite-family	pending		
cor-polynomials-in-commuting-diagonalisable-endomorphisms-are-diagonalisable	pending		
cor-polynomials-of-degree-at-most-four-are-solvable-by-radicals	pending		
cor-polynomials-over-an-infinite-domain-are-determined-by-values	pending		
cor-positive-codimension-immersed-submanifolds-are-null	pending		
cor-positive-definite-hessian-implies-strict-convexity	pending		
cor-positive-dimensional-operator-over-an-algebraically-closed-field-has-an-eigenvalue	pending		
cor-positive-entire-harmonic-functions-are-constant	pending		A-P
cor-potentials-differ-by-a-componentwise-constant	pending		
cor-power-congruence-solution-count-modulo-a-prime	pending		
cor-power-series-convergence-dichotomy	pending		
cor-power-series-sums-are-continuous	pending		
cor-power-series-sums-are-smooth-with-coefficient-formula	pending		
cor-power-sums-generate-when-factorial-is-invertible	pending		
cor-premeasure-induced-set-function-is-an-outer-measure	pending		
cor-primary-projections-are-polynomials-in-the-endomorphism	pending		
cor-prime-bull-free-graphs-are-basic	pending		
cor-prime-containing-an-ideal-avoiding-an-element	pending		
cor-prime-ideals-and-dimension-of-a-dvr	pending		
cor-prime-iff-euclid-property	pending		
cor-prime-number-theorem	pending		
cor-prime-order-group-is-cyclic	pending		
cor-prime-power-orders-admit-complete-families-of-orthogonal-latin-squares	pending		
cor-prime-set-of-an-artinian-ring	pending		
cor-prime-spectrum-insensitive-to-nilpotents	pending		
cor-primes-of-a-prime-local-ring	pending		
cor-primes-of-a-principal-localisation	pending		
cor-primitive-roots-modulo-prime	pending		
cor-primitive-sums-of-two-squares-closed-under-products	pending		
cor-primitives-of-a-continuous-function	pending		
cor-primitivity-is-equivalent-to-maximality-of-a-point-stabilizer	pending		
cor-principal-ideal-domains-are-noetherian	pending		
cor-principal-localisation-spectrum-is-distinguished-open	pending		
cor-principal-logarithm-is-holomorphic-on-the-slit-plane	pending		
cor-product-of-invariant-factors-is-the-characteristic-polynomial	pending		
cor-product-of-two-noetherian-rings-is-noetherian	pending		
cor-product-schemes-over-base-exists	pending		
cor-projective-dimension-is-the-largest-nondegenerate-ext-degree-when-finite	pending		
cor-projective-equations-dimension-bound	pending		
cor-projective-indecomposable-modules-have-trivial-vertex	pending		
cor-projective-variety-product-exists	pending		
cor-proper-local-diffeomorphisms-have-constant-finite-fibres	pending		
cor-pullback-carries-closed-forms-to-closed-forms-and-exact-forms-to-exact-forms	pending		
cor-punctured-rn-homotopy-equivalent-to-the-sphere	pending		
cor-purely-inseparable-extensions-are-normal	pending		
cor-q-is-meager-and-not-g-delta	pending		
cor-quadratic-congruence-discriminant-criterion	pending		
cor-quadratic-forms-diagonalize-in-characteristic-not-two	pending		
cor-quarter-disc-inclusion-for-univalent-functions	pending		
cor-quasi-isometries-are-exactly-the-coarsely-dense-quasi-isometric-embeddings	pending		A-P
cor-quotient-dimension-does-not-increase	pending		
cor-quotient-of-a-henselian-local-ring-is-henselian	pending		
cor-quotient-of-an-abelian-group-is-abelian	pending		
cor-raabe-test	pending		
cor-radical-ideal-has-finitely-many-minimal-primes-noetherian	pending		
cor-radical-ideals-as-intersections-of-minimal-primes-noetherian	pending		A-P
cor-ramsey-recursion-and-diagonal-upper-bound	pending		
cor-rank-and-nondegeneracy-are-congruence-invariants	pending		
cor-rank-criterion-for-consistency	pending		
cor-rank-equals-number-of-nonzero-singular-values	pending		
cor-rank-of-the-rational-representation-ring	pending		
cor-ratio-test-is-kummer-with-constant-weights	pending		
cor-rational-algebraic-integers-are-integers	pending		
cor-rational-function-field-as-a-fraction-field	pending		
cor-rational-root-of-an-integer-is-an-integer	pending		
cor-rayleigh-quotient-extreme-eigenvalue-characterisation	pending		
cor-real-analytic-functions-are-smooth	pending		
cor-real-and-euclidean-vector-valued-ascoli-arzela	pending		
cor-real-beta-recurrences	pending		
cor-real-forms-correspond-to-conjugations	pending		
cor-real-gamma-one-half-is-root-pi	pending		
cor-real-gamma-positive-integer-values	pending		
cor-real-line-is-universal-cover-of-circle	pending		
cor-real-line-mod-integers-is-not-simply-connected	pending		
cor-real-power-as-rational-limit	pending		
cor-real-spectral-theorem-for-self-adjoint-endomorphisms	pending		
cor-real-stone-weierstrass-nowhere-vanishing-form	pending		
cor-real-symmetric-bilinear-forms-are-classified-by-inertia	pending		
cor-real-valued-holomorphic-function-is-constant	pending		
cor-realification-doubles-finite-dimension	pending		
cor-reciprocal-rule-for-equivalent-sigma-finite-measures	pending		A-R
cor-reduced-quotient-by-the-nilradical	pending		
cor-regular-c1-paths-have-c1-unit-speed-parametrizations	pending		
cor-regular-languages-are-closed-under-boolean-operations	pending		
cor-regular-level-set-local-graph-theorem	pending		
cor-regular-local-hilbert-samuel-multiplicity-one	pending		
cor-regular-local-residue-field-projective-dimension-dimension	pending		
cor-regular-local-ring-satisfies-r-one	pending		
cor-regular-local-ring-satisfies-s-two	pending		
cor-regular-quotient-cohen-macaulay-equivalence	pending		
cor-regular-sequences-permutable-local	pending		
cor-regular-sublevels-are-diffeomorphic	pending		
cor-regular-surface-reparametrization-has-constant-orientation-sign	pending		
cor-regular-values-form-a-dense-g-delta-set	pending		
cor-regular-values-have-null-complement-and-are-dense	pending		
cor-regularity-notions-coincide-local-finite	pending		
cor-regularity-refining-a-given-partition	pending		
cor-relative-automorphism-order-divides-extension-degree	pending		
cor-relative-homology-of-a-single-handle-pair	no_candidate_found	anonymous-pilot.json	
cor-relative-homology-vanishes-exactly-for-quasi-isomorphisms	pending		
cor-relative-variance-positive-probability-bound	pending		
cor-relativization-alone-cannot-resolve-p-versus-np	pending		
cor-removable-singularity-for-bounded-harmonic-functions	pending		A-P
cor-repeated-riemann-integrals-on-rectangles	pending		
cor-representable-presheaves-detect-isomorphism-of-objects	pending		
cor-residue-contour-integral-formula	pending		
cor-residue-field-of-a-localisation-at-a-prime	pending		
cor-residue-quotient-simple-zero	pending		
cor-residue-theorem-circle	pending		
cor-restricted-duality-preserves-linkage-blocks	pending		
cor-reverse-fatou-lemma-under-an-integrable-majorant	pending		A-P
cor-riemann-integrability-and-lebesgue-null-discontinuity-sets	pending		
cor-riemann-integrable-function-is-almost-everywhere-equal-to-a-borel-function	pending		
cor-riemann-integral-of-a-product-function	pending		
cor-riemann-stieltjes-agrees-with-riemann	pending		
cor-riemann-stieltjes-existence-bv-continuous	pending		
cor-riemann-stieltjes-integral-bound	pending		
cor-riemann-zeta-is-zero-free-for-real-part-greater-than-one	pending		
cor-riesz-subsequence-can-be-chosen-almost-uniformly-on-a-finite-measure-space	pending		
cor-right-adjoints-preserve-monomorphisms-and-left-adjoints-preserve-epimorphisms	pending		
cor-ring-of-integers-is-a-dedekind-domain	pending		
cor-ring-reduced-iff-zero-is-an-intersection-of-primes	pending		
cor-rn-is-locally-compact-and-sigma-compact	pending		
cor-rn-is-polygonally-connected-and-locally-path-connected	pending		
cor-rodl-every-h-free-graph-has-a-linear-restricted-set	pending		
cor-rodl-for-a-nonempty-family-of-forbidden-graphs	pending		
cor-rodl-in-the-edge-density-form	pending		
cor-root-test-dominates-ratio-test	pending		
cor-runge-polynomial-approximation	pending		
cor-samuel-compactification-agrees-with-completion-for-totally-bounded-spaces	pending		
cor-samuel-compactification-is-unique	pending		
cor-sauer-shelah-polynomial-bound	pending		
cor-scalar-line-integral-of-one-is-arc-length	pending		
cor-schur-index-divides-the-representation-degree	pending		A-P
cor-schur-multiplier-of-a-finitely-presented-group-is-finitely-generated	pending		
cor-schurs-lemma-for-irreducible-representations	pending		
cor-second-borel-cantelli-lemma-under-pairwise-independence	pending		
cor-second-countable-lch-locally-finite-borel-measures-are-regular	pending		A-P
cor-second-derivative-characterises-convexity	pending		
cor-second-derivative-sign-change-gives-an-inflection-point	pending		
cor-second-moment-positive-probability-bound	pending		
cor-second-order-taylor-expansion-with-the-hessian	pending		
cor-segre-veronese-embedding	pending		A-P
cor-seifert-van-kampen-simply-connected-overlap	pending		
cor-self-adjoint-algebra-generated-by-a-separating-family-is-dense	pending		
cor-semantic-equivalence-under-substitution	pending		
cor-semisimple-rings-are-noetherian-and-artinian	pending		
cor-separable-and-purely-inseparable-extension-is-trivial	pending		
cor-separable-degree-is-at-most-extension-degree	pending		
cor-separable-degree-of-a-simple-extension-counts-distinct-roots	pending		
cor-separated-uniformizable-iff-tychonoff	pending		
cor-separately-continuous-bilinear-map-on-banach-spaces-is-jointly-continuous	pending		
cor-sequence-ideal-annihilates-koszul-homology	pending		
cor-sequential-criterion-for-nonexistence	pending		
cor-serre-normality-criterion-two-directions	pending		
cor-set-cat-and-every-complete-category-are-cartesian-monoidal	pending		
cor-set-weighted-limits-and-colimits-exist-over-a-small-index-category-in-a-complete-or-cocomplete-target	pending		
cor-sheafification-idempotent	pending		
cor-short-five-lemma-for-quasi-isomorphisms	pending		
cor-sign-from-disjoint-cycle-structure	pending		
cor-sign-is-the-unique-nontrivial-homomorphism-to-signs	pending		
cor-simply-connected-proper-plane-domains-are-regular	pending		
cor-sin-x-over-x-limit	pending		
cor-sine-and-cosine-are-one-lipschitz	pending		
cor-single-graph-erdos-hajnal-polynomial-rodl-and-viral-equivalence	pending		
cor-single-valued-continuation-on-simply-connected-domains	pending		
cor-small-complete-or-cocomplete-categories-are-preorders	pending		
cor-smooth-functions-and-tensor-fields-extend-locally-across-the-boundary	pending		
cor-smooth-functions-separate-points-from-closed-sets	pending		U-P
cor-smooth-partitions-subordinate-to-a-countable-coordinate-cover	pending		
cor-solution-count-trichotomy-over-an-infinite-field	pending		
cor-solvable-and-locally-finite-groups-are-amenable	pending		
cor-specialisation-order-is-prime-inclusion	pending		
cor-spectrum-connected-iff-no-nontrivial-idempotents	pending		
cor-spectrum-is-a-contravariant-topological-functor	pending		
cor-spectrum-is-t-zero	pending		
cor-spectrum-with-structure-sheaf-locally-ringed	pending		
cor-sperner-from-symmetric-chains	pending		
cor-sperner-theorem-with-equality-cases	pending		
cor-spherical-complement-characterization-of-plane-simple-connectivity	pending		
cor-splitting-field-of-a-product-is-the-composite-of-splitting-fields	pending		
cor-splitting-fields-are-unique-up-to-base-isomorphism	pending		
cor-splitting-fields-exist-for-finite-families	pending		
cor-square-matrices-form-a-ring	pending		
cor-square-matrix-invertible-iff-determinant-is-a-unit	pending		
cor-squarefree-power-basis-discriminant-gives-ring-of-integers	pending		
cor-squarefree-sum-of-two-squares-characterisation	pending		
cor-standard-specializations-of-the-labelled-symbolic-method	pending		
cor-steiner-triple-systems-force-v-congruent-one-or-three-mod-six	pending		
cor-stem-fields-are-uniquely-f-isomorphic	pending		
cor-stokes-gives-zero-circulation-for-a-curl-free-field	pending		
cor-stolz-cesaro-zero-over-zero	pending		
cor-stone-cech-compactification-is-unique-over-x	pending		
cor-stone-cech-compactification-maps-onto-samuel-compactification	pending		
cor-stone-cech-of-compact-hausdorff-space-is-itself	pending		
cor-strictly-convex-functions-have-at-most-one-minimizer	pending		
cor-strictly-convex-functions-on-rn-have-at-most-one-minimizer	pending		
cor-strong-nullstellensatz-two-inclusions	pending		
cor-subdifferential-of-a-differentiable-convex-function-is-the-gradient	pending		
cor-subgradient-zero-characterises-global-minima	pending		
cor-subgroups-of-abelian-groups-are-normal	pending		
cor-submodules-of-finite-free-pid-modules-are-free	pending		
cor-subrepresentations-correspond-to-submodules-and-irreducibility-to-simplicity	pending		
cor-sum-check-field-size-error-budget	pending		
cor-sum-of-reciprocals-of-primes-diverges	pending		
cor-sum-of-roots-of-unity	pending		
cor-sum-of-squares-formula-for-irreducible-degrees	pending		
cor-sums-of-two-squares-closed-under-products	pending		
cor-support-is-union-of-closures-of-associated-primes	pending		
cor-support-propagates-along-transport-characteristics	pending		
cor-surface-area-of-revolution-formula	pending		
cor-suspension-isomorphism-in-reduced-singular-homology	pending		
cor-sylow-subgroup-normal-iff-unique	pending		
cor-symmetric-conjugacy-classes-are-indexed-by-cycle-types	pending		
cor-symmetric-group-class-equation-by-cycle-type	pending		
cor-symmetric-group-cycle-index-series-is-exponential	pending		
cor-symmetric-group-has-factorial-cardinality-again	pending		
cor-symmetric-lovasz-local-lemma	pending		
cor-symmetric-matrices-are-congruent-to-diagonal-matrices	pending		
cor-symmetric-polynomial-values-on-roots-lie-in-the-base-field	pending		
cor-syzygies-from-two-projective-resolutions-are-stably-isomorphic	pending		
cor-taylor-lagrange-and-cauchy-remainders	pending		
cor-taylor-remainder-bound	pending		
cor-tensor-product-with-a-quotient-ring	pending		
cor-tensor-products-of-finite-free-modules-and-dimension	pending		
cor-termwise-integration-of-a-real-power-series	pending		
cor-ternary-hilbert-one-place-principle	pending		
cor-ternary-isotropy-via-hilbert-symbol	pending		
cor-the-agreement-set-of-two-maps-into-a-hausdorff-space-is-closed	pending		
cor-the-aleph-and-beth-hierarchies-are-well-defined	pending		
cor-the-algebraic-numbers-in-c-form-an-algebraic-closure-of-q	pending		
cor-the-averaging-principle	pending		
cor-the-base-group-embeds-in-its-hnn-extension	pending		
cor-the-biproduct-of-morphisms-is-the-diagonal-matrix	pending		
cor-the-bull-graph-has-the-erdos-hajnal-property	pending		A-P
cor-the-canonical-map-is-injective-iff-the-group-is-residually-finite	pending		
cor-the-center-is-a-polynomial-algebra-of-rank-many-generators	existing_finding	terra-lie-01-receipts.json	A-P
cor-the-centralizer-of-a-noncentral-element-of-an-extraspecial-p-group-has-index-p	pending		
cor-the-character-table-is-square-and-invertible	pending		
cor-the-class-of-all-graphs-is-not-erdos-hajnal	pending		
cor-the-class-of-extensions-is-a-set-whenever-derived-ext-one-is-a-set	pending		
cor-the-commutant-of-a-cyclic-endomorphism-is-polynomial	pending		
cor-the-complex-numbers-are-an-algebraic-closure-of-the-reals	pending		
cor-the-cone-criterion-from-the-general-long-exact-sequence	pending		
cor-the-curl-of-a-curl-of-a-c2-field	pending		
cor-the-density-form-and-the-degree-form-of-rodls-theorem-are-interchangeable	pending		
cor-the-derangement-recurrences	pending		
cor-the-differential-of-a-diffeomorphism-is-an-isomorphism	pending		
cor-the-dimension-of-the-center-of-k-g-is-the-number-of-conjugacy-classes	pending		
cor-the-divergence-is-the-limiting-outward-flux-per-unit-volume	pending		
cor-the-empty-family-has-no-intersection	pending		
cor-the-end-of-the-hom-functor-is-the-monoid-of-natural-endomorphisms-of-the-identity	pending		
cor-the-enriched-yoneda-embedding-is-fully-faithful	pending		
cor-the-erdos-hajnal-conjecture-reduces-to-prime-graphs	pending		
cor-the-exponent-of-an-extraspecial-p-group	pending		
cor-the-five-cycle-has-the-erdos-hajnal-property	pending		
cor-the-five-vertex-path-and-its-complement-have-the-erdos-hajnal-property	pending		
cor-the-flux-of-a-curl-through-the-boundary-of-a-glued-elementary-solid-vanishes	pending		
cor-the-four-vertex-path-has-the-erdos-hajnal-property	pending		
cor-the-galois-group-of-a-rational-cyclotomic-field	pending		
cor-the-generator-rank-of-an-extraspecial-p-group-is-twice-its-symplectic-rank	pending		
cor-the-h-zero-graph-has-the-erdos-hajnal-property	pending		
cor-the-hom-functor-turns-a-coend-into-an-end-and-preserves-ends	pending		
cor-the-image-of-a-compact-space-lies-in-a-finite-cw-subcomplex	pending		U-P
cor-the-immersion-and-submersion-loci-are-open	pending		
cor-the-indefinite-integral-of-an-l-one-function-is-absolutely-continuous	pending		
cor-the-kernel-and-image-constructions-are-the-inverse-and-direct-images-along-a-morphism	pending		
cor-the-kernel-cokernel-sequence-of-a-composite-is-a-snake	pending		
cor-the-kth-exterior-power-vanishes-above-dimension	pending		A-P
cor-the-loglog-bound-eventually-dominates-the-classical-bound	pending		A-P
cor-the-long-exact-homology-sequence-is-natural	pending		
cor-the-modular-partition-with-a-prime-quotient-is-unique	pending		
cor-the-normal-curl-is-the-limiting-circulation-per-unit-area	pending		
cor-the-oddtown-bound-is-attained	pending		
cor-the-order-of-an-extraspecial-p-group-is-p-to-one-plus-an-even-number	pending		
cor-the-p-th-power-map-is-a-homomorphism-in-a-class-two-group-for-odd-p	pending		
cor-the-planar-divergence-theorem-flux-form-of-greens-theorem	pending		
cor-the-prime-quotient-has-at-least-four-vertices	pending		
cor-the-pushout-of-a-monomorphism-is-a-monomorphism	pending		
cor-the-reduced-cyclotomic-polynomial-is-irreducible-exactly-when-q-generates-the-unit-group	pending		
cor-the-regular-character-gives-the-sum-of-squares-formula	pending		
cor-the-regular-module-decomposes-into-projective-indecomposables	pending		
cor-the-seven-cycle-and-its-complement-have-the-erdos-hajnal-property	pending		
cor-the-simplex-has-zero-reduced-simplicial-homology	pending		
cor-the-singleton-family-containing-e-has-property-star	pending		
cor-the-six-cycle-and-its-complement-have-the-erdos-hajnal-property	pending		
cor-the-six-vertex-prime-h-graphs-have-the-erdos-hajnal-property	pending		A-P
cor-the-smooth-and-continuous-homotopy-categories-of-smooth-manifolds-have-the-same-morphism-sets	pending		
cor-the-stable-letter-has-infinite-order	pending		
cor-the-star-expansion-of-the-four-vertex-path-and-its-complement-have-the-erdos-hajnal-property	pending		
cor-the-successor-operation-is-injective	pending		
cor-the-sum-of-squared-irreducible-character-values-at-g-is-the-centralizer-size	pending		
cor-the-tangent-space-of-an-n-manifold-has-dimension-n	pending		
cor-the-top-exterior-power-acts-by-the-determinant	pending		
cor-the-two-unitors-agree-on-the-unit-object	pending		
cor-the-underlying-ordinary-category-is-an-instance-of-change-of-base	pending		
cor-the-uniqueness-of-the-enrichment-is-an-instance-of-the-eckmann-hilton-argument	pending		
cor-the-unit-is-projective-exactly-when-the-tensor-category-is-semisimple	pending		
cor-the-volume-of-a-glued-elementary-solid-from-its-outward-boundary-flux	pending		
cor-there-is-a-lebesgue-measurable-subset-of-r-that-is-not-borel	pending		
cor-there-is-no-set-of-all-sets	pending		
cor-three-closed-sets-covering-s2-contain-an-antipodal-pair	pending		
cor-three-cycles-form-one-conjugacy-class-in-a-n	pending		
cor-tietze-for-unbounded-and-open-interval-valued-maps	pending		
cor-topological-groups-are-completely-regular	pending		
cor-torsion-in-a-free-product-is-conjugate-into-a-factor	pending		
cor-torsion-splits-from-the-free-part-over-a-pid	pending		
cor-totient-at-one-and-at-a-prime	pending		
cor-touchards-congruence-for-bell-numbers	pending		
cor-trace-and-norm-of-an-algebraic-integer	pending		
cor-trace-is-invariant-under-similarity	pending		
cor-trace-is-surjective-for-finite-separable-extensions	pending		
cor-trace-is-tensor-contraction	pending		
cor-trace-of-adjacency-power-counts-closed-walks	no_candidate_found	root-spectral-01-receipts.json	
cor-transcendence-degree-tower-additivity	pending		
cor-transitive-actions-of-prime-degree-are-primitive	pending		
cor-translation-length-is-conjugacy-invariant-and-homogeneous	pending		
cor-transpose-preserves-invertibility	pending		A-R
cor-transverse-intersection-theorem	pending		
cor-transverse-maps-are-dense-in-the-strong-smooth-topology	pending		
cor-tree-edge-count	pending		
cor-triangle-content-zero-iff-collinear	pending		
cor-triangle-free-planar-edge-bound	pending		
cor-triangle-inequality-for-inner-product-norm	pending		
cor-triangulated-five-lemma	pending		
cor-triangulations-of-a-convex-polygon-are-counted-by-the-catalan-numbers	pending		
cor-trigonometric-parity-and-pythagorean-identity	pending		
cor-trivial-amalgamation-is-the-free-product	pending		
cor-turan-ramsey-lower-bound	pending		
cor-two-canonical-braided-composites-agree-exactly-when-their-underlying-braids-agree	pending		
cor-two-continuous-maps-into-a-hausdorff-space-agreeing-on-a-dense-set-are-equal	pending		
cor-two-event-inclusion-exclusion	pending		
cor-two-less-than-e-less-than-three	pending		
cor-two-out-of-three-for-acyclicity-in-a-short-exact-sequence-of-complexes	pending		
cor-two-out-of-three-for-quasi-isomorphisms-in-a-short-exact-sequence-diagram	pending		
cor-two-variable-hessian-determinant-test	pending		
cor-tychonoff-spaces-have-compactifications-under-the-ultrafilter-lemma	pending		
cor-unbracketed-and-unordered-tensor-strings-are-well-defined-in-a-symmetric-monoidal-category	pending		
cor-unconditional-iff-absolute-in-r	pending		
cor-under-choice-every-epimorphism-in-set-splits	pending		
cor-uniform-cauchy-criterion-function-series	pending		
cor-uniform-compactness-equivalence	pending		
cor-uniform-fisher-inequality	pending		
cor-uniform-integrability-characterizes-l1-convergence-under-probability-convergence	pending		
cor-uniform-limit-of-smooth-functions-need-not-be-differentiable	pending		
cor-uniform-limit-uniformly-continuous	pending		
cor-uniform-picard-lindelof-for-nearby-initial-values	pending		
cor-unique-formal-root-with-constant-one	pending		
cor-unique-kth-root-modulo-prime-for-coprime-exponent	pending		
cor-uniqueness-for-the-bounded-plane-dirichlet-problem	pending		
cor-uniqueness-for-the-classical-dirichlet-problem	pending		
cor-uniqueness-of-complex-power-series-coefficients	pending		
cor-uniqueness-of-multivariable-power-series-coefficients	pending		
cor-uniqueness-of-the-normalized-riemann-map	pending		
cor-unit-group-modulo-prime-is-cyclic	pending		
cor-unit-n-ball-volume-is-maximal-in-dimension-five	pending		
cor-unit-n-ball-volume-tends-to-zero	pending		
cor-units-in-a-polynomial-ring-over-a-domain	pending		
cor-universal-delta-functors-extending-the-same-degree-zero-functor-are-uniquely-isomorphic	pending		
cor-universal-property-of-the-complex-numbers	pending		
cor-universe-is-the-class-union-of-its-stages	pending		
cor-unrestarted-gmres-residual-norms-are-nonincreasing	pending		
cor-unstable-disk-is-the-handle-core	pending		
cor-urysohn-metrization	pending		A-R
cor-urysohns-lemma-closes-the-separation-chain	pending		
cor-van-kampen-one-simply-connected-set	pending		
cor-vanishing-moments-force-a-continuous-function-to-vanish	pending		
cor-variance-adds-for-pairwise-independent-random-variables	pending		
cor-vector-forms-of-the-divergence-theorem	pending		
cor-vector-valued-ftc-and-lipschitz-bound	pending		
cor-verma-irreducibility-criterion-from-shapovalov-determinants	pending		A-P
cor-vertex-groups-embed-in-the-graph-of-groups-fundamental-group	pending		
cor-vietas-formulas-for-a-split-monic-polynomial	pending		
cor-viral-implies-polynomial-rodl-for-a-finite-family	pending		
cor-volume-of-a-closed-three-ball	pending		
cor-volume-of-a-radius-r-n-ball	pending		
cor-volume-of-a-right-circular-cone	pending		
cor-volume-of-a-right-circular-cylinder	pending		
cor-volume-of-the-unit-n-ball	pending		
cor-volume-under-a-continuous-graph-over-a-jordan-base	pending		
cor-von-mangoldt-mobius-inversion-formula	pending		
cor-washer-method-for-solids-of-revolution	pending		
cor-weak-ballot-problem	pending		
cor-weak-minimum-principle-for-the-laplacian	pending		
cor-weak-nullstellensatz-algebraically-closed-coordinate-form	pending		
cor-weierstrass-approximation-on-a-closed-interval	pending		
cor-weierstrass-approximation-on-the-unit-interval	pending		
cor-well-founded-pointed-graphs-have-unique-decorations	pending		
cor-whitney-k-connected-path-characterisation	pending		
cor-winding-number-classifies-loops-in-the-punctured-plane	pending		
cor-winding-number-is-the-normalized-argument-increment	pending		
cor-word-length-in-a-free-group-with-respect-to-a-free-basis-is-reduced-word-length	pending		
cor-word-quotient-and-reduced-word-models-are-uniquely-isomorphic	pending		
cor-x-sine-of-one-over-x-is-not-differentiable-at-zero	pending		
cor-xn-minus-p-is-irreducible-over-q	pending		
cor-yoneda-preserves-and-reflects-small-limits	pending		
cor-z-free-product-z-is-free-group-of-rank-two	pending		
cor-zero-derivative-implies-constant	pending		
cor-zero-dimensional-local-modules-are-cohen-macaulay	pending		
cor-zero-h-two-class-is-equivalent-to-splitting	pending		
cor-zero-total-derivative-on-a-convex-open-set-is-constant	pending		
cor-zeta-zero-count-near-the-one-line	pending		
cor-zeta-zero-count-unit-interval	pending		
cor-zp-is-the-valuation-ring-of-qp	pending		
def-a-category-with-enough-projectives-and-with-enough-injectives	pending		
def-a-finite-incidence-relation-and-its-fibres	pending		
def-a-module-over-a-monoid-object	pending		
def-a-monotone-sublist-of-a-finite-list-of-reals	pending		
def-a-sieve-family-and-its-intersections	pending		
def-a-smooth-map-transverse-to-an-embedded-submanifold	pending		
def-abel-and-cesaro-summability-of-a-series	pending		
def-abelian-category	pending		
def-abelian-subcategory-and-exact-embedding	pending		
def-abelianisation-of-a-group	pending		
def-abs-value	pending		
def-abscissae-dirichlet-series	pending		
def-absolute-and-conditional-convergence	pending		
def-absolute-and-conditional-improper-convergence	pending		
def-absolute-and-relative-forward-error-for-a-problem-map	pending		
def-absolute-and-relative-local-condition-numbers-of-a-problem-map	pending		
def-absolute-colimit	pending		
def-absolute-kan-extension	pending		
def-absolute-line-integral-over-a-rectifiable-path	pending		
def-absolute-norm-of-an-ideal	pending		
def-absolutely-continuous-function	pending		
def-absolutely-continuous-with-respect-to-a-positive-measure	pending		
def-absorbing-balanced-and-absolutely-convex-set	pending		
def-abstract-kernel-and-the-general-extension-problem	pending		
def-abstract-simplicial-complex	pending		
def-ac-zero-nc-one-and-nc	pending		
def-accessible-pointed-membership-graphs	pending		
def-action-by-automorphisms	pending		
def-action-of-a-vector-field-on-smooth-functions	pending		
def-acyclic-object-for-a-left-exact-functor	pending		
def-acyclic-object-for-a-right-exact-functor	pending		
def-adapted-outward-boundary-presentation-of-a-simple-solid-region	pending		
def-addition-and-multiplication-modulo-n	pending		
def-additive-category	pending		
def-additive-function	pending		
def-additive-functor	pending		
def-adic-completion-of-a-module	pending		
def-adic-topology-on-a-module	pending		
def-adjacency-matrix-of-a-finite-simple-graph	no_candidate_found	root-spectral-01-receipts.json	
def-adjoint-of-a-linear-map-between-inner-product-spaces	pending		
def-adjoint-triple	pending		
def-adjugate-of-a-linear-operator	pending		
def-adjunct-and-transposition-under-an-adjunction	pending		
def-adjunction-by-unit-counit-and-triangle-identities	pending		
def-adjunction-cone-suspension	pending		
def-admissible-cycle-for-residue-theorem	pending		
def-admissible-regular-parametrized-surface-patch	pending		
def-admissible-set	pending		
def-affine-almost-simple-diagonal-product-action-and-twisted-wreath-types	pending		A-R
def-affine-cone-projective-set	pending		
def-affine-morphism-schemes	pending		
def-affine-open-subscheme	pending		
def-affine-overlap-separation-condition	pending		
def-affine-scheme	pending		
def-affine-scheme-spectrum	pending		
def-affine-subspace-of-a-vector-space	pending		
def-aleph-and-beth-hierarchies	pending		
def-algebra-of-subsets	pending		
def-algebra-over-a-commutative-ring	pending		
def-algebraic-and-geometric-multiplicity-of-an-eigenvalue	pending		
def-algebraic-and-transcendental-elements	pending		
def-algebraic-closure	pending		
def-algebraic-connectivity-of-a-graph	no_candidate_found	root-spectral-01-receipts.json	
def-algebraic-dual-and-linear-functional	pending		
def-algebraic-relator-area-and-dehn-function-of-a-finite-presentation	pending		
def-algebraically-closed-field	pending		
def-algebraically-constructible-real-number	pending		
def-almost-simple-finite-group	pending		
def-almost-sure-convergence-of-a-random-series	pending		
def-almost-sure-convergence-of-random-variables	pending		
def-almost-uniform-convergence	pending		
def-alpha-narrow-graph	pending		
def-alphabet-homomorphism-and-induced-word-map	pending		
def-alphabet-words-and-reduction	pending		
def-alternating-and-augmenting-path	pending		
def-alternating-group	pending		
def-alternating-k-covectors	pending		
def-alternating-k-linear-map	pending		
def-ambiguity-and-inherent-ambiguity	pending		
def-analytic-continuation-along-a-path	pending		
def-annihilator-and-preannihilator	pending		
def-annihilator-and-torsion-of-a-module	pending		
def-annihilator-bundle-of-a-distribution	pending		
def-annihilator-ideal-and-minimal-polynomial-of-an-endomorphism	pending		A-P
def-annihilators-under-the-evaluation-pairing	pending		
def-antichain-and-poset-covers	pending		
def-anticonnected-graph-and-anticonnected-component	pending		
def-arc-length-function	pending		
def-archimedean-embeddings-and-number-field-signature	pending		
def-archimedean-field	pending		
def-arithmetic-frobenius-coset	pending		
def-arithmetic-function	pending		
def-arithmetical-level-completeness	pending		A-R
def-arithmetization-of-a-boolean-formula	pending		A-R
def-arnoldi-process	pending		
def-artinian-module	pending		
def-artinian-ring	pending		
def-ascending-hnn-extension	pending		
def-associated-graded-ring-and-module	pending		
def-associated-homomorphism-to-the-integers	pending		
def-associated-prime-of-a-module	pending		
def-associates-in-z	pending		
def-asymptotic-extremal-notation-and-edge-density	pending		
def-atom-and-continuity-point-of-a-law	pending		
def-atom-of-a-measure-on-r	pending		
def-attaching-a-smooth-handle-with-corner-rounding	pending		
def-augmentation-and-reduced-simplicial-homology	pending		
def-augmentation-map-and-augmentation-ideal-of-a-group-ring	pending		
def-augmentation-preserving-map-of-projective-resolutions	pending		
def-augmented-chain-complex-over-an-object	pending		
def-augmented-characteristic-system-for-a-quasilinear-pde	pending		
def-autonomous-ordinary-differential-equation	pending		
def-axiom-of-choice	pending		
def-axiom-of-extensionality	pending		
def-axiom-of-foundation	pending		
def-axiom-of-infinity	pending		
def-axiom-of-pairing	pending		
def-axiom-of-power-set	pending		
def-axiom-of-union	pending		
def-axiom-schema-of-replacement	pending		
def-axiom-schema-of-separation	pending		
def-baer-sum-of-abelian-kernel-extensions	pending		
def-baer-sum-of-extension-classes	pending		
def-baire-class-one	pending		
def-baire-sequence-space	pending		
def-baire-space	pending		
def-balanced-and-bilinear-maps	pending		
def-balanced-bracket-word	pending		
def-balanced-derived-bifunctor	pending		
def-balanced-ext-bifunctor	pending		A-R
def-balanced-tor-bifunctor	pending		A-R
def-ball-average-operator-on-r-n	pending		
def-balls-and-polydiscs-in-complex-euclidean-space	pending		
def-banach-space	pending		
def-bar-augmentation	pending		
def-barrier-and-regular-boundary-point	pending		
def-barycenter-and-affine-cone-on-a-singular-chain	pending		
def-barycentric-subdivision-chain-operator	pending		
def-barycentric-subdivision-prism-homotopy	pending		
def-base-and-height-for-plane-figures	pending		
def-base-change-classical-varieties	pending		A-R
def-base-change-morphism-schemes	pending		
def-based-loops-and-fundamental-group	pending		
def-basic-and-composite-bull-free-graphs	pending		
def-bass-serre-tree-of-a-graph-of-groups	pending		
def-bernoulli-and-binomial-random-variables	pending		
def-bernoulli-numbers-by-their-generating-function	pending		
def-bernstein-polynomial	pending		
def-bernstein-set-on-r	pending		
def-betti-numbers-of-a-finite-local-module	pending		U-P
def-bgg-category-o	pending		
def-biholomorphic-map	pending		
def-biholomorphic-map-several-complex-variables	pending		
def-bilinear-symmetric-skew-and-alternating-forms	pending		
def-bilipschitz-embedding-and-bilipschitz-equivalence	pending		
def-bimodule	pending		
def-binary-digit-restriction-set	pending		
def-binary-operation	pending		
def-binary-quadratic-form-class-number	pending		
def-binary-quadratic-form-over-integers	pending		
def-binary-tree-and-its-size	pending		
def-binomial-coefficient	pending		
def-bipartite-graph	pending		
def-bipartite-neighbourhood-hall-condition-and-sdr	pending		
def-biproduct	pending		
def-bird-graph-and-co-bird-graph	pending		
def-bloch-radius-and-bloch-constant	pending		
def-block-and-block-system-for-a-group-action	pending		
def-block-lu-factorisation	pending		
def-blockade-length-and-width	pending		
def-blockade-rainbow-induced-copy	pending		
def-bondy-chvatal-closure	pending		
def-boolean-circuit-size-depth-fanin-and-basis	pending		
def-boolean-cube-fourier-coefficients	pending		
def-boolean-lattice-and-levels	pending		
def-borel-and-lebesgue-measurable-function-on-rn	pending		
def-borel-measure-finite-on-compact-sets-on-r	pending		
def-borel-sigma-algebra	pending		
def-borel-sigma-algebra-on-the-extended-real-line	pending		
def-boundary-defining-function	pending		
def-boundary-topology-by-gromov-products	pending		
def-bounded-arithmetic-formula	pending		A-R
def-bounded-below-operator	pending		
def-bounded-bilinear-map	pending		
def-bounded-bounded-below-and-bounded-above-complex	pending		
def-bounded-distance-between-maps	pending		
def-bounded-left-and-right-inverses	pending		
def-bounded-linear-functional-on-l-p-and-its-operator-norm	pending		
def-bounded-linear-operator	pending		
def-bounded-set	pending		
def-bounded-variation-and-total-variation	pending		
def-braid-group-by-the-artin-presentation	pending		
def-braided-monoidal-category	pending		
def-braided-monoidal-functor	pending		
def-braiding	pending		
def-brauer-character-of-a-finite-dimensional-kg-module	pending		
def-bridge-in-a-graph	pending		
def-bruhat-order-on-the-symmetric-group	pending		
def-brutal-truncation-of-a-complex	no_candidate_found	terra-derived-01-receipts.json	
def-bull-free-graph	pending		
def-bull-graph	pending		
def-busy-beaver-function	pending		
def-bw-extremal	pending		
def-c-c-and-c-c-infinity-on-rn	pending		
def-c-one-map-and-local-inverse	pending		
def-c-r-and-smooth-maps-between-smooth-manifolds	pending		
def-c-sparse-and-c-restricted-vertex-set	pending		
def-c-zero-and-ell-infinity	pending		A-R
def-c-zero-on-rn	pending		
def-calligraphic-l-p-on-a-measure-space	pending		A-P
def-canonical-inclusion-and-projection-for-a-mapping-cone	pending		
def-canonical-map-from-the-integers-to-zp	pending		
def-canonical-map-into-the-bidual	pending		
def-canonical-map-to-the-double-dual	pending		
def-canonical-map-to-the-profinite-completion	pending		
def-canonical-morphism-between-parenthesised-words	pending		
def-canonical-morphism-from-a-finite-coproduct-to-a-finite-product	pending		
def-canonical-natural	pending		
def-canonical-t-structure-on-a-derived-category	no_candidate_found	terra-derived-01-receipts.json	
def-canonical-truncation-of-a-complex	no_candidate_found	terra-derived-01-receipts.json	
def-cantor-function	pending		
def-cantor-measure	pending		
def-cantor-set	pending		
def-caratheodory-measurable-set	pending		
def-cardinal	pending		
def-cardinal-arithmetic	pending		
def-cardinality-of-a-small-category-and-kappa-small-diagram	pending		
def-carleson-maximal-partial-sum-operator	pending		
def-carmichael-function	pending		
def-cartesian-closed-category	pending		
def-cartesian-product	pending		
def-catalan-generating-function	pending		
def-catalan-number	pending		
def-category	pending		
def-category-of-chain-complexes	pending		
def-category-of-elements	pending		
def-category-of-models-for-an-algebraic-theory	pending		
def-category-with-translation	pending		
def-category-with-zero-morphisms	pending		
def-cauchy-filter-in-a-uniform-space	pending		
def-cauchy-in-measure	pending		
def-cauchy-in-metric	pending		
def-cauchy-principal-value	pending		
def-cauchy-product	pending		
def-cayley-graph	pending		
def-cech-complete-space	pending		
def-cell-attachment-by-a-characteristic-map	pending		
def-cellular-boundary-from-three-consecutive-skeleta	pending		
def-cellular-homology	pending		U-P
def-center-of-a-group	pending		
def-center-of-the-group-algebra	pending		
def-centered-and-uncentered-hardy-littlewood-maximal-functions	pending		
def-central-and-stem-extensions	pending		
def-central-character-of-a-lie-algebra-module	no_candidate_found	terra-lie-01-receipts.json	
def-central-character-of-an-irreducible-complex-character	pending		U-P
def-central-product-of-two-groups-along-an-isomorphism-of-central-subgroups	pending		
def-centralizer-of-a-subgroup	pending		
def-cesaro-and-abel-means-of-a-fourier-series	pending		
def-cesaro-mean	pending		
def-chain	pending		
def-chain-complete-poset	pending		
def-chain-complex-in-an-abelian-category	pending		
def-chain-complex-with-coefficients-by-tensoring	no_candidate_found	tor-pilot.json	
def-chain-homotopy	pending		U-P
def-chain-homotopy-equivalence	pending		
def-chain-map	pending		
def-change-of-basis-matrix	pending		
def-character-field-and-field-of-definition	pending		
def-character-of-a-complex-representation	pending		
def-character-table-of-a-finite-group	pending		
def-characteristic-covector-hypersurface-and-noncharacteristic-data	pending		
def-characteristic-crossing-and-caustic-for-first-order-pde	pending		
def-characteristic-polynomial-of-a-matrix	pending		
def-characteristic-polynomial-of-an-operator	pending		
def-characteristic-subgroup	pending		
def-chebyshev-polynomials-first-and-second-kind	pending		
def-chebyshev-psi-function	pending		
def-chebyshev-theta-function	pending		
def-chevalley-contravariant-form	pending		
def-choice-for-pairs-and-countable-finite-choice	pending		
def-choice-function	pending		
def-choice-of-transversals-for-hnn-normal-forms	pending		
def-cholesky-factorisation-with-positive-diagonal	pending		
def-chomsky-normal-form	pending		
def-chordal-local-uniform-convergence-and-meromorphic-normality	pending		
def-chordal-metric-riemann-sphere	pending		
def-circle-as-real-line-mod-integers	pending		
def-circline-and-reflection	pending		
def-circuit-family-and-p-poly	pending		
def-circuit-sat	pending		
def-circular-arcs-circumference-and-diameter	pending		
def-ck-and-multi-index-notation-in-several-variables	pending		
def-ck-euclidean-maps-and-diffeomorphisms	pending		
def-class-function-and-the-space-of-complex-class-functions	pending		U-P
def-class-of-an-extension-in-derived-ext-one	pending		
def-class-sum-of-a-conjugacy-class-in-k-g	pending		
def-classical-algebraic-prevariety-regular-maps-and-varieties	pending		A-R
def-classical-weierstrass-function	pending		U-P
def-classification-of-discontinuities	pending		
def-clifford-ramification-index	pending		U-P
def-clique-and-independence-numbers	pending		
def-clique-independent-set-and-vertex-cover-problems	pending		
def-clique-stable-set-and-numbers	pending		
def-closable-linear-operator	pending		
def-closed-and-exact-c1-vector-fields	pending		
def-closed-immersion-schemes	pending		
def-closed-point-scheme	pending		
def-closed-sublevel-and-level-set-of-a-smooth-function	pending		
def-club-filter-and-nonstationary-ideal	pending		
def-club-subsets-of-ordinals	pending		
def-coalgebra-for-a-comonad-and-coalgebra-homomorphism	pending		
def-coarse-lipschitz-map-and-quasi-isometric-embedding	pending		
def-coarsely-dense-subset-and-quasi-isometry	pending		
def-coaugmented-cochain-complex-under-an-object	pending		
def-cochain-complex-hom-from-a-chain-complex	pending		
def-cochain-complex-in-an-abelian-category	pending		
def-cochain-map	pending		
def-codensity-monad	pending		
def-codimension-and-hypersurface	pending		
def-codimension-irreducible-subvariety	pending		U-P
def-coefficient-normalized-morphism-of-ordinary-homology-theories	pending		
def-coeilenberg-moore-category	pending		
def-cofinal-subset-of-an-ordinal	pending		
def-cofinal-subsystem	pending		
def-cofinality	pending		
def-cofinality-strata-and-stationary-trace	pending		
def-cograph-by-singletons-disjoint-union-and-complete-connection	pending		
def-cohen-macaulay-local-module-and-ring	pending		
def-cohomological-delta-functor	pending		
def-cohomological-dimension-of-a-group	pending		
def-cohomological-functor-on-a-triangulated-category	pending		
def-cohomology-object-of-a-cochain-complex	pending		
def-coinvariants-functor-of-a-group-module	pending		
def-cokleisli-category	pending		
def-coleaf-of-a-graph	pending		
def-colouring-action-weight-function-and-pattern-inventory	pending		
def-comb-in-a-graph	pending		
def-combinatorial-class-and-ordinary-generating-function	pending		
def-combinatorial-specification-and-order-raising-recursion	pending		
def-comember-and-the-dual-calculus	pending		
def-comma-slice-and-coslice-categories	pending		
def-common-divisor-and-gcd	pending		
def-common-refinement-equivalence-of-roofs	no_candidate_found	terra-derived-01-receipts.json	
def-commutative-ring	pending		
def-commutator-and-commutator-subgroup	pending		
def-commutator-pairing-of-an-extraspecial-p-group	pending		
def-comonad	pending		
def-compact-exhaustion-metric-on-function-space	pending		
def-compact-exhaustion-of-a-manifold	pending		
def-compact-open-topology	pending		
def-compact-open-topology-for-topological-domains	pending		
def-compact-space	pending		
def-compact-support-c-c-and-c-zero-on-an-lch-space	pending		
def-compactification-of-a-tychonoff-space	pending		
def-compactly-supported-differential-form	pending		
def-compactness-variants	pending		
def-companion-matrix-of-a-linear-recurrence	pending		
def-companion-matrix-of-a-monic-polynomial	pending		
def-compatible-left-and-right-eigenvectors-for-a-simple-eigenvalue	pending		
def-compatible-normal-sequence-of-open-covers	pending		
def-compatible-tuple-inverse-limit-of-groups	pending		
def-complement-of-a-graph-class	pending		
def-complemented-subspace	pending		
def-complete-analytic-function	pending		
def-complete-anticomplete-pure-and-x-sparse-blockades	pending		
def-complete-bipartite-decomposition-of-a-graph	pending		
def-complete-connection-of-two-disjoint-graphs	pending		
def-complete-group	pending		
def-complete-measure-space	pending		
def-complete-metric-space	pending		
def-complete-ordered-field	pending		
def-complete-uniform-space	pending		
def-complete-vector-field	pending		
def-completed-dirichlet-l-function	pending		
def-completed-product-measure	pending		
def-completed-riemann-zeta-function	pending		
def-completely-multiplicative-arithmetic-function	pending		
def-completely-normal-and-perfectly-normal-spaces	pending		
def-completely-reducible-representation	pending		
def-completely-regular-and-tychonoff-spaces	pending		
def-completeness-and-soundness	pending		U-P
def-completeness-properties	pending		
def-completion-of-a-measure-space	pending		
def-completion-of-a-normed-space	pending		
def-completion-of-a-number-field-at-a-prime	pending		
def-completion-of-a-uniform-space	pending		
def-complex-analytic-function	pending		
def-complex-annulus	pending		
def-complex-chain-and-cycle	pending		
def-complex-conjugate-real-imaginary-part-and-modulus	pending		
def-complex-contours-reversal-concatenation-and-closedness	pending		
def-complex-differentiability-holomorphic-and-entire	pending		
def-complex-domain	pending		
def-complex-exponential	pending		U-P
def-complex-integer-powers	pending		
def-complex-line-integral-over-a-rectifiable-path	pending		
def-complex-logarithms-principal-logarithm-and-complex-powers	pending		
def-complex-measure	pending		
def-complex-metric-convergence-and-continuity	pending		
def-complex-numbers-and-arithmetic	pending		
def-complex-polynomial-degree-and-monic	pending		
def-complex-power-from-holomorphic-logarithm-branch	pending		
def-complex-primitive	pending		
def-complex-series-power-series-and-absolute-convergence	pending		
def-complex-simple-function	pending		
def-complex-trigonometric-and-hyperbolic-functions	pending		
def-complexification-of-a-real-linear-map	pending		
def-complexification-of-a-real-vector-space	pending		
def-composition-of-a-natural-number	pending		
def-composition-series-and-composition-factors-of-an-object	pending		
def-composition-series-and-length-of-a-module	pending		
def-composition-series-composition-factors-and-length	pending		
def-computable-and-partial-computable-function	pending		U-P
def-computable-martingale	pending		
def-computably-dominated-oracle	pending		U-P
def-computation-alphabet-and-word-convention	pending		
def-condition-number-of-a-nonsingular-linear-system	pending		
def-condition-number-of-a-simple-eigenvalue	pending		
def-conditional-kolmogorov-complexity	pending		U-P
def-conditional-probability	pending		
def-cone-triangle-of-a-chain-map	pending		
def-conformal-equivalence-and-automorphism-group	pending		
def-congruence-modulo-an-integer	pending		
def-conical-limit-in-an-enriched-category	pending		
def-conjugacy-class-and-centralizer	pending		
def-conjugacy-problem-for-a-finitely-generated-group	pending		
def-conjugate-elements-over-a-field	pending		
def-conjugate-exponents	pending		
def-conjugate-gradient-recurrence	pending		A-P
def-conjugate-representation-and-conjugate-character	pending		
def-conjugate-representation-and-inertia-group	pending		U-P
def-conjugation-and-real-structure-on-a-complex-vector-space	pending		
def-connected-component-and-quasicomponent	pending		
def-connected-graph-and-connected-component	pending		
def-connected-r	pending		
def-connected-space	pending		
def-connecting-map-for-left-derived-functors	pending		
def-connecting-morphism-in-homology	pending		
def-conp	pending		U-P
def-conservative-functor	pending		
def-consistent-family-of-finite-dimensional-distributions	pending		
def-constant-diagram-cone-cocone-and-cone-morphism	pending		
def-constraint-graph-and-labeling-value	pending		U-P
def-constraint-graph-regularization	pending		U-P
def-constructible-subset-variety	pending		U-P
def-contact-equivalence-of-smooth-curves-at-a-point	pending		
def-content-and-primitive-integer-polynomial	pending		
def-context-free-grammar	pending		
def-contiguous-simplicial-maps	pending		
def-continued-fraction-complete-quotients	pending		
def-continuity-real	pending		
def-continuous-annihilator-of-a-subspace	pending		
def-continuous-argument-and-holomorphic-logarithm-branches	pending		
def-continuous-family-of-analytic-discs	pending		
def-continuous-map-top	pending		
def-continuous-real-functions-on-a-compact-metric-space	pending		
def-contractible-complex	pending		
def-contraction-of-a-mixed-tensor	pending		
def-contractive-sequence	pending		
def-convergence-almost-everywhere-relative-to-a-measure	pending		
def-convergence-in-distribution-for-real-random-variables	pending		
def-convergence-in-l-one-of-a-measure	pending		
def-convergence-in-lp-for-random-variables	pending		
def-convergence-in-measure	pending		
def-convergence-in-probability	pending		U-P
def-convergent-complex-laurent-series	pending		
def-convergents-of-regular-continued-fraction	pending		
def-convex-and-strictly-convex-functions-on-euclidean-sets	pending		
def-convex-concave-and-midpoint-convex-functions	pending		
def-convex-polygon-chords-crossings-and-triangulations	pending		
def-convex-subset-of-euclidean-space	pending		
def-convolution-of-two-functions-on-rn	pending		
def-coordinate-column-and-matrix-of-a-linear-map	pending		
def-coordinate-derivations-at-a-point	pending		
def-coordinate-endomorphism-over-a-commutative-ring	pending		
def-coordinate-maps-and-cylinder-sigma-algebra	pending		
def-coordinate-projections-from-an-inverse-limit	pending		
def-coordinate-representation-of-a-map	pending		
def-coprime	pending		
def-core-of-a-subgroup	pending		
def-coreflective-subcategory-and-coreflector	pending		
def-coset	pending		
def-cotangent-space-and-cotangent-bundle-as-a-disjoint-union	pending		
def-cotensor-and-tensor	pending		
def-countable	pending		
def-countable-chain-condition	pending		
def-countable-choice	pending		
def-countably-based-uniformity	pending		
def-counting-measure	pending		
def-cover-refinement-and-local-finiteness	no_candidate_found	terra-partitions-01-receipts.json	
def-cover-small-singular-chain-subcomplex	pending		
def-covering-map-and-evenly-covered-neighbourhoods	pending		
def-covering-space-action	pending		
def-critical-locus-and-critical-value-set	pending		
def-critical-point-and-critical-value-of-a-smooth-function	pending		
def-cross-product-in-r3	pending		
def-cross-ratio-riemann-sphere	pending		
def-crossed-homomorphism-for-a-g-group	pending		
def-cumulative-distribution-function-of-a-random-variable	pending		
def-cumulative-hierarchy-stages	pending		
def-cut-addition	pending		
def-cut-multiplication	pending		
def-cut-order	pending		
def-cutoff-relation-f-prec-u	pending		
def-cw-complex-with-closure-finiteness-and-weak-topology	pending		
def-cycle-and-boundary-subobjects-of-a-complex	pending		
def-cycle-construction-of-a-combinatorial-class	pending		
def-cycle-index-of-a-permutation-group	pending		
def-cycle-index-series-of-a-graded-symmetric-family	pending		
def-cycles-trees-and-forests-in-a-simple-graph	pending		
def-cyclic-extension	pending		
def-cyclic-induction-subgroup	pending		U-P
def-cyclic-shift-and-the-periodic-partial-sum-function	pending		
def-cyclic-subspace-vector-and-vector-annihilator	pending		A-P
def-cyclically-britton-reduced-hnn-word	pending		
def-cyclically-reduced-word	pending		
def-cyclotomic-extension	pending		
def-cyclotomic-polynomial	pending		
def-darboux-integral	pending		
def-darboux-sums	pending		
def-decidable-and-recognizable-language	pending		U-P
def-deck-transformation-and-deck-group	pending		
def-decomposable-k-vector-and-basic-wedge-product	pending		
def-decomposition-group-of-a-prime	pending		
def-decomposition-map-from-ordinary-to-modular-grothendieck-groups	pending		U-P
def-decomposition-numbers-and-decomposition-matrix	pending		U-P
def-dedekind-cut	pending		
def-dedekind-domain	pending		
def-dedekind-infinite-set	pending		
def-definite-and-indefinite-hessian-quadratic-forms	pending		
def-definiteness-inertia-and-signature-data-over-the-reals	pending		A-P
def-degree-of-a-circle-loop	pending		
def-degree-of-a-self-map-of-an-oriented-sphere	pending		U-P
def-degree-projective-hypersurface	pending		
def-degree-rational-map-riemann-sphere	pending		
def-dehn-reduced-word-and-dehn-presentation	pending		
def-deleted-resolution	pending		
def-delta-and-zeta-incidence-functions	pending		
def-delta-slim-geodesic-triangle-and-hyperbolic-space	pending		
def-dense-subcategory	pending		
def-dense-top	pending		
def-density-bundle-and-smooth-density	pending		
def-density-of-a-measurable-set-at-a-point	pending		
def-dependency-digraph-for-finite-events	pending		
def-dependent-choice	pending		
def-depth-with-respect-to-an-ideal	pending		
def-derivation-at-a-point-and-tangent-space	pending		
def-derivative	pending		
def-derived-category-of-an-abelian-category	no_candidate_found	terra-derived-01-receipts.json	
def-derived-hom-in-the-bounded-setting	no_candidate_found	terra-derived-01-receipts.json	
def-derived-series-solvable-group-and-derived-length	pending		
def-derived-tensor-product-in-the-bounded-above-setting	no_candidate_found	tor-pilot.json	
def-descent-set-major-index-excedance-and-fixed-point	pending		
def-description-machine-and-plain-kolmogorov-complexity	pending		U-P
def-determinant-line-orientation-of-a-finite-dimensional-real-vector-space	pending		
def-determinant-of-a-linear-operator	pending		A-P
def-determinant-of-a-square-matrix	no_candidate_found	root-determinants-01-receipts.json	
def-determinantal-divisors-of-a-matrix-over-a-pid	pending		
def-deterministic-finite-automaton	pending		
def-deterministic-one-tape-turing-machine	pending		
def-dfa-acceptance-and-recognized-language	pending		U-P
def-diagonal-club-intersection	pending		
def-diagonal-lattice-path-and-its-height	pending		
def-diagonal-morphism-scheme	pending		
def-diagonalisable-endomorphism	pending		
def-diagram-in-a-category	pending		
def-diffeomorphism-and-local-diffeomorphism-of-manifolds	pending		
def-different-of-a-number-field	pending		
def-differential-ideal-in-the-algebra-of-forms	pending		
def-differential-of-a-smooth-map	pending		
def-differential-of-a-smooth-real-valued-function	pending		
def-differential-rank-and-constant-rank	pending		
def-dimension	pending		
def-dimension-classical-variety	pending		U-P
def-dimension-noetherian-topological-space	pending		
def-dinatural-transformation	pending		
def-dirac-measure	pending		
def-direct-image-sheaf	pending		
def-direct-sum-model-of-complexification	pending		
def-direct-sum-of-a-family-of-modules	pending		
def-direct-sum-total-complex-on-finite-diagonals	pending		
def-directed-hamiltonian-path-and-cycle-problems	pending		
def-directed-labelled-cayley-graph	pending		
def-directed-set-and-inverse-system-of-groups	pending		
def-directed-set-and-net	pending		
def-directed-st-connectivity	pending		
def-directed-walk-trail-path-cycle-and-strong-connectivity	pending		
def-directional-and-partial-derivatives	pending		
def-directional-and-weak-sparsity-between-vertex-sets	pending		
def-dirichlet-and-fejer-kernels	pending		
def-dirichlet-and-thomae-functions	pending		
def-dirichlet-character-modulo-q	pending		
def-dirichlet-convolution	pending		
def-dirichlet-convolution-identity	pending		
def-dirichlet-l-function	pending		
def-dirichlet-series	pending		
def-discrete-family-and-sigma-bases	pending		
def-discrete-valuation	pending		
def-discrete-valuation-ring	pending		
def-discriminant-of-a-monic-polynomial	pending		
def-discriminant-of-a-number-field-basis-and-order	pending		A-P
def-discriminant-of-binary-quadratic-form	pending		
def-disjoint-union-and-cartesian-product-of-combinatorial-classes	pending		
def-disjoint-union-topology	pending		
def-distinguished-cone-triangle-in-the-homotopy-category	pending		
def-distinguished-triangle	pending		
def-distribution-function-of-a-borel-measure-on-r	pending		
def-distribution-function-of-absolute-value	pending		
def-distributional-harmonicity-and-poisson-equation-in-rn	pending		
def-distributive-law-between-two-monads	pending		
def-divergence-and-curl-of-a-c1-vector-field	pending		
def-divergence-relative-to-a-volume-form	pending		
def-divergence-to-infinity	pending		
def-divides-in-z	pending		
def-divisibility-and-associates-in-a-domain	pending		
def-divisibility-poset-on-positive-integers	pending		
def-divisible-module-over-an-integral-domain	pending		
def-division-ring	pending		
def-divisor-counting-function	pending		
def-divisor-group-of-a-dedekind-domain	pending		
def-divisor-power-sum-functions	pending		
def-dominating-set-in-a-graph	pending		
def-double-cosets-of-two-subgroups	pending		
def-double-of-a-smooth-manifold-with-boundary	pending		
def-down-shift-of-a-set-family	pending		
def-downward-gradient-like-vector-field	pending		
def-dtime-ntime-dspace-and-nspace	pending		A-R
def-dual-and-hom-vector-bundles	pending		
def-dual-complex-representation	pending		
def-dual-family-associated-to-a-basis	pending		
def-dual-numbers-scheme	pending		
def-dual-space-of-a-normed-space	pending		
def-dyadic-cube-in-rn	pending		
def-dyck-path-and-semilength	pending		
def-e-graph-and-co-e-graph	pending		
def-e-overlap-blockade-and-iterated-mixed-quotients	pending		
def-e-overlap-chain-relation-in-a-comb-block	pending		
def-edge-density-between-vertex-sets	pending		
def-edge-inversion-and-action-without-inversions	pending		
def-edges-between-sets-and-pure-mixed-pairs	pending		
def-edgewise-riemann-integral-around-complex-triangle	pending		
def-effaceable-cohomological-delta-functor-in-positive-degrees	pending		
def-effaceable-homological-delta-functor-in-positive-degrees	pending		
def-effective-binary-encoding-and-decoder	pending		
def-effective-encoding-of-turing-machines	pending		
def-effective-hausdorff-dimension	pending		U-P
def-effectively-open-set-in-cantor-space	pending		U-P
def-efficient-universal-simulation-with-clock	pending		A-P
def-eigenpair-residual-and-normwise-backward-error	pending		
def-eigenvalue-eigenvector-eigenspace-and-spectrum	pending		
def-eilenberg-moore-category	pending		
def-elementary-abelian-p-group	pending		
def-elementary-and-non-elementary-hyperbolic-groups	pending		
def-elementary-divisor-data-for-a-finite-abelian-group	pending		
def-elementary-matrix	pending		
def-elementary-row-operations-and-row-equivalence	pending		
def-elementary-set-in-rn	pending		
def-elementary-solid-region	pending		
def-elementary-symmetric-polynomials	pending		
def-elliptic-hyperbolic-and-parabolic-principal-symbols	pending		
def-embedded-smooth-submanifold-with-boundary	pending		
def-embedded-submanifold-and-slice-chart	pending		
def-embedding-dimension-and-regular-local-ring	pending		
def-embedding-of-categories	pending		
def-end-and-coend	pending		
def-endomorphism-division-algebra-of-an-irreducible	pending		
def-endomorphism-ring-of-a-module	pending		
def-energy-inner-product-and-norm-for-a-hermitian-positive-definite-matrix	pending		
def-energy-of-a-vertex-partition	pending		
def-enriched-adjunction	pending		
def-enriched-category	pending		
def-enriched-functor	pending		
def-enriched-natural-transformation	pending		
def-enriched-weighted-limit	pending		
def-epigraph-and-hypograph	pending		
def-epsilon-regular-pair	pending		
def-equalizers-and-coequalizers	pending		
def-equicharacteristic-local-ring-and-coefficient-field	pending		
def-equicontinuity	pending		
def-equicontinuity-and-boundedness-in-ck	pending		
def-equicontinuity-on-a-topological-domain-and-pointwise-relative-compactness	pending		
def-equinumerous	pending		
def-equivalence-and-adjoint-equivalence-of-categories	pending		
def-equivalence-of-extensions	pending		
def-equivalence-of-group-extensions-with-fixed-kernel-and-quotient	pending		
def-equivalence-of-members	pending		
def-equivalence-of-n-fold-extensions	pending		
def-equivalence-relation	pending		
def-equivalent-field-absolute-values	pending		
def-equivalent-metrics	pending		
def-equivalent-norms	pending		
def-equivariant-map-of-group-actions	pending		
def-erdos-hajnal-property-and-constant	pending		
def-erdos-renyi-random-graph	pending		
def-essential-epimorphism-and-projective-cover	pending		
def-essential-supremum-with-respect-to-a-measure	pending		
def-etale-space-of-sheaf-of-sets	pending		
def-euclidean-domain	pending		
def-euclidean-inner-product	pending		
def-euclidean-linear-map	pending		
def-euclidean-local-extrema-and-critical-points	pending		
def-euclidean-spheres-and-closed-balls	pending		
def-euclidean-submersions-and-immersions	pending		
def-euclidean-upper-half-space-and-its-boundary	pending		
def-euler-beta-function	pending		
def-euler-characteristic-of-a-finite-complex-of-finite-rank-free-abelian-groups	pending		
def-euler-characteristic-of-a-finite-cw-complex	pending		
def-euler-gamma-function	pending		
def-euler-mascheroni-constant	pending		
def-euler-trail-and-circuit	pending		
def-eulerian-number-and-eulerian-polynomial	pending		
def-evaluation-map	pending		
def-evaluation-map-from-cohomology-to-hom-of-homology	pending		
def-evaluation-map-into-unit-cube	pending		
def-eventually-periodic-continued-fraction	pending		
def-exact-and-short-exact-sequences-of-modules	pending		
def-exact-functor-between-abelian-categories	pending		
def-exact-functor-between-triangulated-categories	pending		
def-exact-sequence-and-short-exact-sequence-in-an-abelian-category	pending		
def-exact-sequence-sheaves	pending		
def-exactness-at-a-node	pending		
def-exactness-of-a-complex-at-a-degree-and-acyclic-complex	pending		
def-exp-and-nexp	pending		U-P
def-expectation-of-a-nonnegative-or-integrable-random-variable	pending		A-P
def-expectation-on-a-finite-probability-space	pending		
def-exponent-of-a-finite-group	pending		
def-exponent-of-convergence-of-a-zero-sequence	pending		
def-exponential-generating-function-over-a-q-algebra	pending		
def-exponential-object	pending		
def-ext-via-a-projective-resolution-of-the-first-variable	pending		
def-ext-via-an-injective-resolution-of-the-second-variable	pending		
def-extended-dfa-transition-function	pending		U-P
def-extended-diameter-for-hausdorff-covers	pending		
def-extended-limits	pending		
def-extended-real-valued-measurable-function	pending		U-P
def-extended-reals	pending		
def-extension-by-zero-abelian-sheaf	pending		
def-extension-degree-and-finite-extension	pending		
def-extension-inducing-a-prescribed-abelian-kernel-action	pending		
def-extension-of-an-irreducible-normal-subgroup-representation	pending		
def-extension-of-an-object-by-an-object-in-an-abelian-category	pending		
def-extensional-relation-and-collapse-map	pending		
def-exterior-algebra-of-a-finite-free-module	pending		
def-exterior-algebra-of-a-vector-space	pending		
def-exterior-algebra-of-covectors	pending		
def-exterior-derivative-by-the-invariant-vector-field-formula	pending		
def-exterior-power-bundle-of-the-cotangent-bundle	pending		
def-exterior-square-of-an-abelian-group	pending		
def-external-direct-product-of-groups	pending		
def-external-semidirect-product	pending		
def-extremal-number-turan-graph-and-blowup	pending		
def-f-acyclic-resolution	pending		
def-f-homomorphisms-and-embeddings-of-field-extensions	pending		
def-f-related-vector-fields	pending		
def-f-sigma-g-delta	pending		
def-factorial-and-falling-factorial	pending		
def-families-of-finite-character	pending		
def-family-shrinking-nicely-to-a-point	pending		
def-fat-cantor-set	pending		
def-ferrers-young-diagram-conjugate-partition-and-durfee-square	pending		
def-fibonacci-and-lucas-sequences	pending		
def-fibre-dimension-at-point-classical	pending		A-P
def-fibre-product-schemes-universal-property	pending		
def-field	pending		A-R
def-field-extension-generated-subfields-and-simple-extension	pending		
def-field-homomorphism	pending		
def-field-norm-and-trace	pending		
def-field-of-fractions	pending		
def-field-of-p-adic-numbers	pending		A-R
def-filter	pending		
def-filter-base	pending		
def-filter-convergence-and-cluster-point	pending		
def-filtered-category-and-filtered-colimit	pending		
def-filtration-and-adic-filtration	pending		
def-final-and-initial-functors	pending		
def-finitary-functor-and-finitary-monad	pending		
def-finite-alphabet-encoding-and-algorithm	pending		
def-finite-cardinality	pending		
def-finite-dimensional-exterior-power-of-vectors	pending		
def-finite-dimensional-representation-of-a-group-over-a-field	pending		
def-finite-field-and-its-order	pending		
def-finite-galois-extension-and-galois-group	pending		
def-finite-gluing-of-elementary-solid-regions	pending		
def-finite-intersection-property	pending		
def-finite-k-linear-abelian-category	pending		
def-finite-p-group	pending		
def-finite-probability-space-and-event	pending		
def-finite-projective-plane	pending		
def-finite-real-random-variable-and-distribution	pending		
def-finite-residual-and-residually-finite-group	pending		
def-finite-sigma-finite-and-semifinite-measures	pending		U-P
def-finite-simple-graph	pending		
def-finite-sum	pending		
def-finite-sum-in-a-commutative-monoid	pending		
def-finite-symmetric-group-and-permutation-notation	pending		
def-finite-torus-fourier-transform	pending		U-P
def-finite-type-and-module-finite-algebras	pending		
def-finite-weighted-digraph-walk-and-transfer-matrix	pending		
def-finite-words-factor-avoidance-and-prefix-states	pending		
def-finitely-additive-set-function	pending		
def-finitely-branching-tree-on-finite-sequences	pending		
def-finitely-generated-field-extension	pending		
def-finitely-generated-group	pending		
def-finitely-patched-regular-surface-and-integrals	pending		
def-finitely-presented-module-and-algebra	pending		
def-first-cohomology-via-crossed-homomorphisms	pending		
def-first-countable-top	pending		
def-first-fundamental-form-and-surface-area-density	pending		
def-first-group-cohomology-via-inhomogeneous-one-cocycles	pending		
def-first-nonabelian-cohomology-as-a-pointed-set	pending		
def-first-order-ode-initial-value-problem-and-solution	pending		
def-first-uncountable-ordinal	pending		U-P
def-fitting-subgroup-of-a-finite-group	pending		
def-fixed-field-of-an-automorphism-group	pending		
def-fixed-point-sets-of-a-group-action	pending		
def-fixed-real-form-of-a-conjugation	pending		
def-fixed-subtree-and-minimal-invariant-subtree	pending		
def-flat-and-faithfully-flat-modules-and-ring-maps	pending		
def-flat-chart-for-a-distribution	pending		
def-flat-dimension-of-a-module	no_candidate_found	tor-pilot.json	
def-flowout-of-an-embedded-submanifold	pending		
def-foata-schutzenberger-transformation	pending		
def-folner-sequence	pending		
def-folner-set-and-folner-condition	pending		U-P
def-formal-derivative-of-a-polynomial	pending		
def-formal-exponential-logarithm-and-powers	pending		
def-formal-laurent-series	pending		
def-formal-laurent-series-and-residue	pending		
def-formal-order-and-x-adic-topology	pending		
def-formal-power-series-and-coefficient-extraction	pending		
def-formal-power-series-derivative	pending		
def-formal-series-composition	pending		
def-formula-and-branching-program	pending		
def-forward-and-back-substitution-for-triangular-systems	pending		
def-forward-and-backward-stability-for-a-problem-family	pending		
def-four-dini-derivatives-at-a-point	pending		
def-fp-basis-of-an-elementary-abelian-p-group	pending		
def-fp-function-class	pending		
def-fractional-ideal	pending		
def-frattini-subgroup-of-a-finite-group	pending		
def-frattini-subgroup-of-a-profinite-group	pending		
def-frechet-urysohn-and-sequential-spaces	pending		
def-fredholm-maps-and-regular-values-on-countable-banach-manifolds	no_candidate_found	root-pilot.json	
def-free-abelian-group	pending		
def-free-basis	pending		
def-free-group	pending		
def-free-group-action	pending		
def-free-module-on-a-set-and-standard-basis	pending		
def-free-presentation-kernel-data	pending		
def-free-product-of-a-family-of-groups	pending		
def-free-product-with-amalgamation	pending		
def-free-rank-of-a-finitely-generated-pid-module	pending		
def-free-t-algebra	pending		
def-free-variables-and-syntactic-substitution	pending		
def-frobenius-matrix-norm	pending		
def-full-faithful-and-essentially-surjective-functor	pending		
def-full-reduced-and-column-pivoted-computational-qr-factorisations	pending		
def-fully-nonlinear-first-order-pde-and-complete-integral	pending		
def-function	pending		
def-function-algebra-indistinguishability-quotient	pending		
def-function-element-and-direct-analytic-continuation	pending		
def-function-limit	pending		
def-function-space	pending		
def-functional-calculus-for-a-normal-endomorphism	pending		
def-functor-and-contravariant-functor	pending		
def-functor-category	pending		
def-functor-of-points-affine-scheme	pending		
def-functor-tensor-product	pending		
def-functorial-one-step-generator-extension	pending		
def-fundamental-group-of-a-graph-of-groups-relative-to-a-maximal-tree	pending		
def-fundamental-pell-solution	pending		
def-fundamental-singular-cycle-of-an-oriented-simplex	pending		
def-fundamental-weights-for-a-chosen-simple-root-system	existing_finding	terra-lie-01-receipts.json	U-P
def-fusion-and-multifusion-category	pending		
def-fusion-rules	pending		
def-g-delta-and-f-sigma-in-a-topological-space	pending		
def-g-fixed-subspace-of-a-representation	pending		
def-g-module-over-a-commutative-ring	pending		
def-galois-closure-of-a-finite-separable-extension	pending		
def-galois-conjugate-representation	pending		
def-galois-connection	pending		
def-galois-group-of-a-separable-polynomial	pending		
def-gap-csp	pending		U-P
def-gauge-and-fine-tagged-partition	pending		
def-gauge-of-pseudometrics	pending		
def-gauss-sum-dirichlet-character	pending		
def-generalized-and-negative-pell-equations	pending		
def-generalized-central-character-subcategory-of-o	pending		U-P
def-generalized-dihedral-group	pending		
def-generalized-element-and-shape	pending		
def-generalized-fitting-subgroup	pending		
def-generalized-nice-finite-family	pending		
def-generated-and-principal-ideals	pending		
def-generated-cyclic-finitely-generated-and-free-modules	pending		
def-generated-lambda-system	pending		
def-generated-monotone-class	pending		
def-generated-sigma-algebra	pending		U-P
def-generated-subgroup	pending		
def-generator-and-cogenerator-of-a-category	pending		
def-generator-rank-of-a-finite-p-group	pending		
def-generic-point-irreducible-closed-subset	pending		
def-geodesic-and-geodesic-metric-space	pending		
def-geodesic-segment-triangle-and-geodesic-metric-space	pending		
def-geometric-action-on-a-metric-space	pending		
def-geometric-fibre	pending		
def-geometric-realization-of-an-abstract-simplicial-complex	pending		
def-geometric-simplex-spanned-by-affinely-independent-vertices	pending		
def-geometrically-reduced-integral-connected-fibre	pending		
def-germ-of-a-smooth-function-at-a-point	pending		
def-germ-of-section	pending		
def-gershgorin-disks	pending		
def-global-differential-or-tangent-map	pending		
def-global-dimension-of-an-abelian-category	pending		
def-global-kan-extension	pending		
def-gluing-datum-sheaves	pending		
def-gmres-iterate	pending		
def-good-function-on-a-graph	pending		
def-grade-and-relative-minimal-polynomial-of-a-start-vector	pending		
def-graded-derivation-of-the-algebra-of-differential-forms	pending		
def-graded-ext-algebra-of-an-object	pending		
def-graded-morphism-of-chain-complexes	pending		
def-graded-poset-and-rank	pending		
def-graded-ring-and-graded-module	pending		
def-gram-inner-product-on-kth-exterior-power	pending		A-P
def-gram-matrix-and-gram-determinant	pending		
def-graph-adjacency-incidence-neighbourhood-and-degree	pending		
def-graph-automorphism-and-group-action-on-a-simplicial-graph	pending		
def-graph-deletion-contraction-minor-and-subdivision	pending		
def-graph-distance-and-girth	pending		
def-graph-edit-distance-and-epsilon-far	pending		
def-graph-isomorphism-and-complement	pending		
def-graph-morphism-over-base	pending		
def-graph-nonisomorphism-protocol	pending		U-P
def-graph-of-a-linear-operator	pending		
def-graph-of-groups	pending		
def-graph-path-metric	pending		
def-graph-power-and-walk-constraint	pending		U-P
def-graph-spectrum-spectral-radius-and-cospectrality	no_candidate_found	root-spectral-01-receipts.json	
def-graph-subgroup-in-a-semidirect-product	pending		
def-graph-walk-trail-path-and-cycle	pending		
def-grassmannian-subspaces	pending		
def-greibach-normal-form	pending		
def-gromov-boundary-by-asymptotic-sequences	pending		
def-gromov-product	pending		
def-grothendieck-category	pending		
def-grothendieck-group-and-character-of-category-o	pending		U-P
def-grothendieck-ring-of-a-tensor-category	pending		
def-grothendieck-universe-closure-convention	pending		
def-group	pending		
def-group-action	pending		
def-group-cohomology-as-a-derived-functor	pending		
def-group-homology-as-a-derived-functor	pending		
def-group-homomorphism	pending		
def-group-isomorphism-and-automorphism	pending		
def-group-power	pending		
def-group-presentation	pending		
def-group-ring	pending		
def-growth-comparison-and-growth-type	pending		
def-growth-function-of-a-finitely-generated-group	pending		
def-h-five-overlap-blockade-and-iterated-mixed-quotients	pending		
def-h-five-overlap-chain-relation-in-a-comb-block	pending		
def-h-free-and-family-free-graph	pending		
def-h-plus-and-h-minus-for-two-special-vertices	pending		
def-h-zero-through-h-five	pending		
def-hadamard-lacunary-sequence-and-lacunary-trigonometric-series	pending		
def-half-open-box	pending		
def-half-open-interval-algebra-on-r	pending		
def-half-weighted-chebyshev-psi	pending		
def-hall-pi-subgroup	pending		
def-halting-computation-and-divergence	pending		A-R
def-halting-problem	pending		U-P
def-hamilton-path-cycle-and-hamilton-connected	pending		
def-hankel-contour-and-power-branch	pending		
def-harish-chandra-projection	existing_finding	terra-lie-01-receipts.json	U-P
def-harmonic-conjugate	pending		
def-hartogs-figure-and-polydisc-hull	pending		
def-hausdorff-content-at-scale-delta	pending		
def-hausdorff-dimension	pending		
def-hausdorff-measure	pending		
def-hausdorff-space	pending		
def-height-and-width-of-a-finite-poset	pending		
def-height-of-a-prime-ideal	pending		
def-heisenberg-group-of-order-p-cubed	pending		
def-henselian-pair-and-henselian-local-ring	pending		
def-henstock-kurzweil-integral-on-a-compact-interval	pending		U-P
def-henstock-kurzweil-integral-on-a-noncompact-interval	pending		
def-hereditary-graph-class	pending		
def-hereditary-property	pending		
def-hereditary-size-and-h-kappa	pending		
def-hessian-and-euclidean-critical-point	pending		
def-hessian-of-a-function-at-a-critical-point	pending		
def-higher-derivatives-and-smoothness	pending		
def-highest-weight-vector-and-cyclic-highest-weight-module	no_candidate_found	terra-lie-01-receipts.json	
def-hilbert-function-and-hilbert-series	pending		
def-hilbert-samuel-function-and-polynomial	pending		
def-hilbert-samuel-multiplicity	pending		
def-hilbert-symbol-over-a-rational-completion	pending		
def-hnn-extension-and-stable-letter	pending		
def-hnn-word-pin-and-britton-reduced-word	pending		
def-hodge-star-on-an-oriented-inner-product-space	pending		A-P
def-hole-antihole-and-odd-hole	pending		
def-holomorph-of-a-group	pending		
def-holomorphic-extension-and-domain-of-holomorphy	pending		
def-holomorphic-function-in-several-complex-variables	pending		
def-holomorphic-germ	pending		
def-holomorphic-germ-ring-and-its-maximal-ideal	pending		
def-holomorphic-map-and-complex-jacobian	pending		
def-holomorphically-convex-hull-and-domain	pending		
def-hom-complex-of-chain-complexes	pending		
def-hom-double-complex-of-a-projective-and-an-injective-resolution	pending		
def-hom-functors-and-hom-bifunctor	pending		
def-hom-groups-and-induced-hom-maps	pending		
def-homeomorphism-and-open-maps	pending		
def-homogeneous-coordinate-ring	pending		
def-homogeneous-dimension-of-a-finitely-generated-nilpotent-group	pending		U-P
def-homogeneous-ideal-saturation	pending		
def-homogeneous-polynomial-and-homogeneous-ideal	pending		
def-homogeneous-set-and-homogeneous-number	pending		
def-homological-delta-functor	pending		
def-homological-delta-functor-carried-by-homology-of-complexes	pending		
def-homological-functor-on-a-triangulated-category	pending		
def-homologically-simply-connected-complex-domain	pending		
def-homology-cross-product-for-tensor-complexes	no_candidate_found	tor-pilot.json	
def-homology-object-of-a-chain-complex	pending		
def-homotopically-injective-bounded-below-complex	no_candidate_found	terra-derived-01-receipts.json	
def-homotopically-projective-bounded-above-complex	no_candidate_found	terra-derived-01-receipts.json	
def-homotopy-category-of-chain-complexes	pending		
def-homotopy-classes-of-chain-maps	pending		
def-homotopy-equivalence	pending		
def-homotopy-relative-and-path-homotopy	pending		
def-hopf-formula-quotient	pending		
def-horizontal-composition-and-whiskering-of-natural-transformations	pending		
def-householder-reflector	pending		
def-hyperbolic-functions	pending		
def-hyperbolic-group	pending		
def-ideal-class-group-of-a-domain	pending		
def-ideal-sheaf	pending		
def-idempotent-and-split-idempotent	pending		
def-idempotent-complete-category	pending		
def-idempotent-monad	pending		
def-identically-distributed-and-iid-random-variables	pending		
def-identity-element	pending		
def-image-and-coimage-in-a-category-with-kernels-and-cokernels	pending		
def-image-and-preimage-under-a-relation	pending		
def-immersed-submanifold	pending		
def-immersion-submersion-and-constant-rank-map	pending		
def-imprimitive-wreath-product-of-permutation-groups	pending		
def-improper-integral-at-a-finite-endpoint	pending		
def-improper-integral-at-infinity	pending		
def-improper-multiple-integral-and-absolute-convergence	pending		
def-incidence-algebra-and-convolution	pending		
def-incidence-correspondence-varieties	pending		U-P
def-incidence-matrix-of-a-two-design	pending		
def-incidence-number-of-two-cw-cells	pending		U-P
def-incidence-vector-of-a-subset	pending		
def-inclusion-matrix	pending		
def-incompressibility-method	pending		U-P
def-indecomposable-finite-abelian-group	pending		
def-indefinite-lebesgue-integral-on-a-compact-interval	pending		
def-independence-of-finite-random-variables	pending		
def-independent-families-of-event-classes	pending		
def-independent-random-elements	pending		
def-independent-sigma-algebras-and-events	pending		
def-index	pending		
def-index-of-a-central-division-algebra	pending		
def-index-of-a-unit-relative-to-a-primitive-root	pending		
def-indexed-family	pending		
def-indexed-union-and-intersection	pending		
def-indicator-random-variable	pending		U-P
def-induced-boundary-orientation	pending		
def-induced-character-of-a-complex-representation	pending		
def-induced-copy-number	pending		
def-induced-dirichlet-character	pending		
def-induced-embedding-and-induced-copy	pending		
def-induced-homomorphism-on-fundamental-groups	pending		
def-induced-matrix-p-norm	pending		
def-induced-orientation-on-a-hypersurface-from-a-coorientation	pending		
def-induced-r-linear-g-module-by-h-covariant-functions	pending		
def-induced-simplicial-chain-map	pending		
def-induced-singular-chain-map	pending		
def-induced-tangent-bundle-chart	pending		
def-induction-ideal-of-a-family-of-subgroups	pending		U-P
def-inductive-reachable-vertex-count	pending		
def-inductive-set	pending		
def-inertia-group-of-a-prime	pending		
def-infimum	pending		
def-infinite-cardinal-sum-and-product	pending		
def-infinite-product	pending		
def-inflection-point-by-change-of-convexity	pending		
def-inhomogeneous-group-cochains	pending		
def-initial-and-final-topology	pending		
def-initial-segment	pending		
def-initial-terminal-and-zero-object	pending		
def-injection-surjection-bijection	pending		
def-injective-dimension-of-an-object	pending		
def-injective-module	pending		
def-injective-object	pending		
def-injective-resolution-in-an-abelian-category	pending		
def-inner-automorphism-group	pending		
def-inner-product-norm	pending		
def-inner-product-space	pending		
def-inseparable-degree	pending		
def-instance-size-under-an-encoding	pending		
def-int-abs	pending		
def-int-operations	pending		
def-int-order	pending		
def-integer-power	pending		
def-integer-represented-by-binary-quadratic-form	pending		
def-integers	pending		
def-integers-modulo-n	pending		
def-integrable-distribution	pending		
def-integrable-real-and-complex-functions-and-their-integrals	pending		A-P
def-integral-affine-scheme	pending		
def-integral-basis-and-power-integral-basis	pending		
def-integral-closure-and-integrally-closed-domain	pending		
def-integral-curve-of-a-vector-field	pending		
def-integral-element-and-algebraic-integer	pending		
def-integral-exponential	pending		
def-integral-geometric-layers-of-a-decreasing-block-partition	pending		
def-integral-group-ring-module-and-trivial-module-convention	pending		
def-integral-logarithm	pending		
def-integral-manifold-of-a-distribution	pending		
def-integral-network-flow-cut-and-residual-network	pending		
def-integral-of-a-compactly-supported-smooth-density	pending		
def-integral-of-a-compactly-supported-top-form-on-an-oriented-manifold	pending		
def-integral-of-a-nonnegative-simple-function	pending		A-P
def-integral-of-an-oriented-chart-supported-top-form	pending		
def-integral-over-a-measurable-set	pending		A-P
def-integral-ring-extension	pending		
def-integral-scheme	pending		
def-integral-weyl-group-of-a-weight	pending		U-P
def-integration-against-a-signed-or-complex-measure	pending		A-P
def-integration-and-index-of-complex-chain	pending		
def-interactive-proof-transcript-round-and-strategy	pending		A-R
def-interior-closure-boundary-r	pending		
def-interior-closure-boundary-top	pending		
def-interior-point-boundary-point-interior-and-boundary-of-a-manifold	pending		
def-interior-product-of-a-form-by-a-vector-field	pending		
def-interior-product-on-alternating-covectors	pending		
def-interior-product-on-the-exterior-algebra	pending		A-P
def-interior-sphere-condition-and-sphere-normal	pending		
def-intermediate-value-property	pending		
def-internal-central-product-of-a-family-of-subgroups	pending		
def-internal-direct-product-of-subgroups	pending		
def-internal-direct-sum	pending		
def-internal-hom-module-over-a-commutative-ring	pending		
def-internal-semidirect-product	pending		
def-intersecting-family	pending		
def-intersection-of-a-family-of-subobjects	pending		
def-intersection-of-a-set-and-binary-intersection	pending		
def-intertwiner-equivalent-and-faithful-representations	pending		
def-interval	pending		
def-invariant-basis-number-and-rank-of-a-free-module	pending		
def-invariant-factor-data-for-a-finite-abelian-group	pending		
def-invariant-factors-and-elementary-divisors-of-a-pid-module	pending		
def-invariant-factors-and-elementary-divisors-of-an-endomorphism	pending		
def-invariant-subring-of-a-group-of-ring-automorphisms	pending		
def-invariant-subspace-and-induced-quotient-operator	pending		A-P
def-invariants-functor-of-a-group-module	pending		
def-inverse-and-shifted-inverse-iteration	pending		
def-inverse-image-presheaf-and-sheaf	pending		
def-inverse-limit-topology-for-finite-discrete-groups	pending		
def-inverse-relation-composition-and-restriction	pending		
def-inverse-system-and-inverse-limit-of-modules	pending		
def-inversions-inversion-number-and-sign	pending		
def-invertible-element	pending		
def-invertible-euclidean-linear-map	pending		
def-invertible-fractional-ideal	pending		
def-invertible-matrix-and-general-linear-group	pending		A-P
def-invertible-matrix-and-similarity-over-a-commutative-ring	no_candidate_found	root-determinants-01-receipts.json	
def-involutive-distribution	pending		
def-inward-outward-and-boundary-tangent-vectors	pending		
def-ip	pending		A-R
def-irreducible-and-prime-elements-in-a-domain	pending		
def-irreducible-complex-character	pending		
def-irreducible-component-scheme	pending		
def-irreducible-topological-space-and-subset	pending		
def-isolated-singularity-types	pending		
def-isometric-proper-and-cobounded-actions-on-metric-spaces	pending		
def-isometry-and-metric-embedding	pending		
def-isomorphism-groupoid-and-connected-category	pending		
def-isomorphism-problem-for-a-class-of-finite-presentations	pending		
def-isotypic-component-of-a-completely-reducible-representation	pending		
def-iterated-products-and-ordered-triples	pending		
def-jacobi-symbol	pending		A-P
def-jacobi-theta-function	pending		
def-jacobian-determinant-of-a-c-one-map	pending		
def-jacobian-matrix-and-gradient	pending		
def-jacobson-radical-of-a-finite-dimensional-algebra	pending		
def-jacobson-radical-of-a-ring	pending		
def-jantzen-deformation-and-filtration-of-a-verma-module	pending		
def-join-irreducible-element	pending		
def-jordan-block-and-jordan-string	pending		
def-jordan-canonical-form	pending		
def-jordan-exhaustion-of-an-open-set	pending		
def-jordan-inner-and-outer-content	pending		
def-jump-function-of-an-increasing-function	pending		
def-k-handle-core-cocore-attaching-region-and-belt-sphere	pending		
def-k-linear-category-and-k-linear-functor	pending		
def-k-transitive-and-k-homogeneous-actions	pending		
def-kappa-of-a-graph	pending		
def-kempe-chain	pending		
def-kernel-and-image-of-a-linear-map	pending		A-P
def-kernel-and-image-of-group-homomorphism	pending		
def-kernel-cokernel-image-sheaves	pending		
def-kernel-of-a-complex-character	pending		
def-kernels-and-cokernels-as-equalizers-and-coequalizers	pending		
def-killing-dual-vector-attached-to-a-root	existing_finding	terra-lie-01-receipts.json	A-P
def-killing-form-of-a-semisimple-lie-algebra	existing_finding	terra-lie-01-receipts.json	U-P
def-kleisli-category	pending		
def-koszul-betti-numbers-over-a-local-ring	pending		
def-koszul-complex-of-a-sequence-with-coefficients	pending		
def-koszul-regular-and-h-one-regular-sequences	pending		
def-krull-dimension-of-a-ring	pending		
def-krylov-galerkin-iterate-for-a-hermitian-positive-definite-system	pending		
def-krylov-subspace-of-a-matrix-and-start-vector	pending		
def-kth-exterior-power-by-quotient	pending		
def-kth-exterior-power-of-a-linear-map	pending		
def-kummer-extension	pending		
def-kuratowski-distance-map	pending		
def-l-and-nl	pending		U-P
def-l-infinity-on-a-measure-space	pending		
def-l-intersecting-family	pending		
def-l-one-approximate-identity-on-rn	pending		
def-l-one-of-a-measure	pending		
def-l-p-space-as-a-quotient-by-null-functions	pending		A-P
def-labeled-schreier-coset-graph	pending		
def-labelled-classes-and-basic-labelled-constructions	pending		
def-labelled-directed-graph-and-labelled-graph-isomorphism	pending		
def-lagrange-charpit-characteristic-system	pending		
def-lagrange-resolvent	pending		
def-lambda-system	pending		
def-lanczos-process-as-hermitian-arnoldi	pending		A-P
def-landau-radius-and-landau-constant	pending		
def-language-boolean-operations	pending		
def-language-concatenation-powers-and-kleene-star	pending		U-P
def-language-generated-by-a-cfg	pending		U-P
def-language-of-set-theory	pending		
def-language-over-an-alphabet	pending		
def-language-padding	pending		
def-language-recognized-and-decided	pending		U-P
def-laplacian-matrix-of-a-finite-simple-graph	no_candidate_found	root-spectral-01-receipts.json	
def-laplacian-of-a-c2-function	pending		
def-latin-square	pending		
def-lattice-distributive-lattice-and-order-ideal	pending		
def-lattice-path-and-step-set	pending		
def-law-modification-and-indistinguishability-of-processes	pending		
def-law-or-distribution-of-a-random-element	pending		
def-lax-strong-and-strict-monoidal-functor	pending		
def-lcm	pending		
def-ldu-factorisation	pending		
def-leaf-equivalence-relation-of-an-integrable-distribution	pending		
def-leaf-of-a-regular-foliation	pending		
def-leaf-reducible-finite-family	pending		
def-lebesgue-inner-measure-on-r	pending		
def-lebesgue-measure-and-the-lebesgue-sigma-algebra	pending		
def-lebesgue-outer-measure	pending		
def-lebesgue-point-and-lebesgue-set	pending		
def-lebesgue-stieltjes-interval-set-function	pending		
def-left-and-right-flat-modules-over-an-arbitrary-ring	pending		
def-left-and-right-global-dimension-of-a-ring	pending		
def-left-and-right-kan-extension	pending		
def-left-and-right-modules	pending		
def-left-and-right-uniformities-of-a-topological-group	pending		
def-left-and-right-weak-global-dimension	no_candidate_found	tor-pilot.json	
def-left-closed-and-right-closed-monoidal-category	pending		
def-left-derived-map-relative-to-resolution-data	pending		
def-left-derived-object-relative-to-projective-resolution-data	pending		
def-left-dual-and-right-dual-object	pending		
def-left-exact-and-right-exact-functor	pending		
def-left-invariant-mean-and-amenable-group	pending		
def-left-right-and-symmetric-positive-definite-preconditioning	pending		
def-left-right-and-two-sided-ideal	pending		
def-left-roof-representing-a-localized-morphism	no_candidate_found	terra-derived-01-receipts.json	
def-left-six-vertex-prime-h-graph	pending		A-R
def-left-total-derived-functor-on-the-bounded-above-derived-category	no_candidate_found	terra-derived-01-receipts.json	
def-left-translation-action-on-bounded-functions	pending		
def-leftmost-and-rightmost-derivation	pending		
def-legendre-symbol	pending		
def-lehmer-code	pending		
def-length-of-a-resolution	pending		
def-levi-form-and-strict-plurisubharmonicity	pending		
def-levi-pseudoconvex-domain	pending		
def-lexicographic-order-and-polynomial-multidegree	pending		
def-lie-bracket-of-smooth-vector-fields	pending		
def-lie-derivative-of-a-differential-form	pending		
def-lie-derivative-of-a-function	pending		
def-lie-derivative-of-a-tensor-field	pending		
def-lie-derivative-of-a-vector-field	pending		
def-lift-of-a-map-path-and-homotopy	pending		
def-limit-and-colimit-of-a-diagram	pending		
def-limit-computable-function	pending		U-P
def-limit-ordinal	pending		
def-limit-point-r	pending		
def-limits-at-infinity	pending		
def-limsup-and-infinitely-often-event	pending		
def-limsup-and-liminf-of-nonnegative-extended-sequences	pending		
def-limsup-liminf	pending		
def-lindelof-degree-and-cellularity	pending		
def-line-graph	pending		
def-linear-basis	pending		
def-linear-combination-and-span	pending		
def-linear-hyperplane	pending		
def-linear-independence	pending		
def-linear-isometry-and-isometric-isomorphism	pending		
def-linear-isometry-and-orthogonal-or-unitary-operator	pending		
def-linear-isomorphism-and-invertible-linear-map	pending		
def-linear-map	pending		
def-linear-recurrence-and-recurrence-characteristic-polynomial	pending		
def-linear-semilinear-quasilinear-and-fully-nonlinear-pde	pending		
def-linear-subspace	pending		
def-linear-transport-equation-and-its-characteristic-flow	pending		
def-linearity-test	pending		
def-liouville-function	pending		
def-lipschitz-holder-contraction	pending		
def-local-and-global-flow	pending		
def-local-defining-map-for-an-embedded-submanifold	pending		
def-local-degree-at-an-isolated-preimage	pending		U-P
def-local-degree-holomorphic-map	pending		
def-local-extremum	pending		
def-local-frame-and-global-frame-of-a-vector-bundle	pending		
def-local-gch-for-arbitrary-sets	pending		
def-local-homeomorphism	pending		
def-local-orientation-of-a-regular-c-one-map	pending		
def-local-path-packings-and-separators	pending		
def-local-ring	pending		
def-localisation-at-a-prime-ideal	pending		
def-localisation-of-a-module	pending		
def-localization-of-a-category-at-a-class-of-morphisms	no_candidate_found	terra-derived-01-receipts.json	
def-locally-bounded-family-on-a-plane-domain	pending		
def-locally-cartesian-closed-category	pending		
def-locally-compact-metric-space	pending		
def-locally-compact-space	pending		
def-locally-connected	pending		
def-locally-equicontinuous-family-on-a-plane-domain	pending		
def-locally-finite-and-finite-dimensional-simplicial-complex	pending		
def-locally-finite-graph	pending		
def-locally-finite-group	pending		
def-locally-finite-k-linear-abelian-category	pending		
def-locally-finite-presentation-morphism	pending		
def-locally-finite-type-and-finite-type-morphism	pending		
def-locally-injective-holomorphic-map	pending		
def-locally-integrable-function-on-r-n	pending		
def-locally-lipschitz-in-the-state-variable	pending		
def-locally-metrizable-space	pending		
def-locally-noetherian-and-noetherian-scheme	pending		
def-locally-ringed-space	pending		
def-log-convex-positive-function	pending		
def-logarithm-to-a-base	pending		
def-logarithmic-derivative-meromorphic-function	pending		
def-logarithmic-integral	pending		
def-logspace-many-one-reduction	pending		U-P
def-logspace-uniform-circuit-family	pending		U-P
def-lower-limit-topology	pending		
def-lowness-and-highness	pending		U-P
def-luzin-property-n-on-a-compact-interval	pending		
def-majority-sat	pending		U-P
def-manifold-chart-coordinate-domain-and-coordinate-functions	pending		
def-map-and-isomorphism-of-covering-spaces	pending		
def-mapping-cone-of-a-chain-map	pending		
def-mapping-cylinder-of-a-chain-map	pending		
def-margulis-gabber-galil-graph	pending		U-P
def-markov-property-of-finitely-presented-groups	pending		
def-martin-lof-test-and-random-sequence	pending		U-P
def-matching-maximum-perfect-and-matching-number	pending		
def-matrices-over-a-commutative-ring	no_candidate_found	root-determinants-01-receipts.json	
def-matrix-equation-augmented-matrix-and-linear-system	pending		
def-matrix-equivalence-and-smith-normal-form-over-a-pid	pending		
def-matrix-free-access-model-for-krylov-methods	pending		
def-matrix-minors-cofactors-and-adjugate	pending		
def-matrix-product-and-identity-matrix	pending		
def-matrix-radicals-rank-and-nondegeneracy-of-a-bilinear-form	pending		
def-matrix-space	pending		
def-matrix-units	pending		
def-max-min	pending		
def-maximal-and-global-cohen-macaulay-modules	pending		
def-maximal-element	pending		
def-maximal-ode-solution	pending		
def-maximal-plane-and-maximally-planar-graph	pending		U-P
def-maximal-subgroup-of-a-group	pending		
def-maximal-subtree-of-a-connected-graph	pending		
def-mayer-vietoris-connecting-class	pending		
def-mean-on-bounded-functions-on-a-group	pending		
def-mean-value-property-for-plane-functions	pending		
def-measurable-function-between-measurable-spaces	pending		U-P
def-measurable-rectangle	pending		
def-measurable-space	pending		
def-measure	pending		
def-measure-concentrated-on-a-measurable-set	pending		
def-measure-null-set-and-almost-everywhere	pending		
def-measure-space	pending		
def-measure-with-density	pending		A-P
def-measure-zero-and-content-zero	pending		
def-meissel-mertens-constant	pending		A-P
def-member-of-an-object	pending		
def-membership-rank-of-a-set	pending		
def-meromorphic-function-complex-domain	pending		
def-meromorphic-function-riemann-sphere	pending		
def-mertens-function	pending		
def-metric-ball	pending		
def-metric-bounded-diameter	pending		
def-metric-compactness	pending		
def-metric-compactness-variants	pending		
def-metric-completion	pending		
def-metric-continuity	pending		A-R
def-metric-convergence	pending		
def-metric-interior-closure-boundary	pending		
def-metric-outer-measure	pending		
def-metric-space	pending		
def-metric-topology	pending		A-P
def-metric-uniform-continuity	pending		
def-metrizable-space	pending		
def-minimal-forbidden-induced-subgraph	pending		
def-minimal-free-resolution-over-a-local-ring	pending		
def-minimal-generating-set-of-a-group	pending		
def-minimal-normal-subgroup-and-socle	pending		
def-minkowski-functional	pending		
def-minres-iterate-from-the-lanczos-tridiagonalization	pending		
def-mittag-leffler-inverse-system	pending		
def-mixed-block-reachability-relation-on-a-blockade	pending		
def-mixed-improper-integral	pending		
def-mobius-transformation	pending		
def-modular-group-of-order-p-cubed	pending		
def-modular-lattice	pending		
def-modular-partition-and-quotient-graph	pending		
def-module-finite-affine-classical-map	pending		A-P
def-module-homomorphism-kernel-image-and-cokernel	pending		
def-module-of-a-graph	pending		
def-module-on-ringed-space	pending		
def-module-radical-socle-head-and-loewy-series	pending		
def-modulus-of-continuity-and-osgood-condition	pending		
def-mollifier-family-generated-by-a-unit-mass-smooth-bump	pending		U-P
def-moment-generating-function	pending		
def-moments-variance-and-covariance	pending		A-P
def-monad	pending		
def-monad-morphism	pending		
def-monadic-and-strictly-monadic-functor	pending		
def-monic-greatest-common-divisor-of-polynomials	pending		
def-monic-resultant	pending		
def-monodromy-action-on-a-covering-fibre	pending		
def-monoid-finite-product	pending		
def-monoid-object-and-comonoid-object-in-a-monoidal-category	pending		
def-monoidal-category	pending		
def-monoidal-equivalence	pending		
def-monoidal-natural-transformation	pending		
def-monomial-symmetric-polynomials	pending		
def-monomials-multidegree-and-total-degree	pending		U-P
def-monomials-on-an-index-set	pending		
def-monomorphism-and-epimorphism	pending		
def-monotone-class	pending		
def-monotone-function	pending		
def-monotone-lattice-path	pending		
def-monotone-sequence	pending		
def-moore-penrose-pseudoinverse	pending		
def-morphism-affine-schemes-from-ring-map	pending		
def-morphism-and-isomorphism-of-triangles	pending		
def-morphism-locally-ringed-spaces	pending		
def-morphism-of-chain-maps	pending		
def-morphism-of-cohomological-delta-functors	pending		
def-morphism-of-group-extensions	pending		
def-morphism-of-homological-delta-functors	pending		
def-morphism-of-presheaves	pending		
def-morphism-of-schemes	pending		
def-morphism-of-short-exact-sequences-of-complexes	pending		
def-morphism-ringed-spaces	pending		
def-morphism-to-projective-space-homogeneous-coordinates	pending		A-P
def-morse-function-and-excellent-morse-function	pending		
def-morse-smale-pair	pending		
def-morse-trajectory-from-p-to-q	pending		U-P
def-motzkin-and-schroder-paths	pending		
def-multidimensional-darboux-integral	pending		
def-multidimensional-darboux-sums	pending		
def-multidimensional-grid-partition	pending		
def-multidimensional-rectangle-and-volume	pending		
def-multidimensional-tagged-partition-and-riemann-sum	pending		
def-multigraph-and-digraph-degrees-and-connectivity	pending		
def-multigraph-loop-and-digraph	pending		
def-multilinear-alternating-normalized-and-antisymmetric-matrix-functions	no_candidate_found	root-determinants-01-receipts.json	
def-multilinear-extension	pending		
def-multilinear-polynomial-and-multilinear-reduction	pending		
def-multinomial-coefficient	pending		
def-multiple-and-dependent-multiple-choice	pending		U-P
def-multiplicative-absolute-value-on-a-field	pending		
def-multiplicative-arithmetic-function	pending		
def-multiplicative-subset-and-localisation	pending		
def-multiplicative-system-in-a-category	no_candidate_found	terra-derived-01-receipts.json	
def-multiset-and-powerset-constructions	pending		
def-multitape-and-nondeterministic-machines	pending		
def-multivariable-power-series	pending		
def-multivariable-taylor-polynomial	pending		
def-multivariate-polynomial-ring-by-iteration	pending		
def-mutually-left-and-mutually-right-adjoint-contravariant-functors	pending		
def-mutually-singular-measures	pending		
def-n-d-lambda-graph-and-expander	no_candidate_found	root-spectral-01-receipts.json	
def-n-fold-yoneda-extension	pending		
def-nat-addition	pending		
def-nat-finite-sum-and-product	pending		
def-nat-multiplication	pending		
def-nat-order	pending		
def-nat-power	pending		
def-natural-and-dirichlet-density	pending		
def-natural-isomorphism	pending		
def-natural-logarithm	pending		
def-natural-numbers	pending		
def-natural-transformation	pending		
def-neat-submanifold-of-a-manifold-with-boundary	pending		
def-negative-gradient-trajectory-of-a-morse-function	pending		U-P
def-neighbourhood-r	pending		
def-neighbourhood-top	pending		
def-net-convergence-and-cluster-point	pending		
def-net-derived-from-a-filter	pending		
def-net-eventually-and-frequently	pending		
def-neutral-and-atomic-classes	pending		
def-nfa-acceptance-and-recognized-language	pending		A-R
def-nfa-with-epsilon-moves	pending		
def-nice-graph	pending		
def-nilpotent-endomorphism	pending		
def-nilpotent-group-and-nilpotency-class	pending		
def-nilradical-and-reduced-ring	pending		
def-noetherian-module	pending		
def-noetherian-ring	pending		
def-noetherian-ring-and-module	pending		U-P
def-noetherian-topological-space	pending		
def-non-negative-and-positive-operator	pending		
def-noncharacteristic-first-order-cauchy-surface	pending		
def-nondegenerate-critical-point-nullity-index-and-coindex	pending		
def-nondeterministic-accepting-computation	pending		A-R
def-nonnegative-extended-series	pending		
def-nonnegative-lebesgue-integral	pending		A-P
def-nonnegative-simple-measurable-function	pending		
def-nonnegative-weighted-sum-of-measures	pending		
def-nonreduced-infinitesimal-thickening-affine	pending		
def-norm-and-normed-space	pending		
def-norm-on-integer-square-root-order	pending		
def-normal-addition-map-for-a-euclidean-submanifold	pending		
def-normal-algebraic-extension	pending		
def-normal-and-conormal-bundles-of-an-embedded-submanifold	pending		
def-normal-and-t4-spaces	pending		
def-normal-basis	pending		
def-normal-closure	pending		
def-normal-closure-of-an-algebraic-extension	pending		
def-normal-convergence-of-holomorphic-products	pending		
def-normal-family-of-holomorphic-functions	pending		
def-normal-filter-on-a-regular-cardinal	pending		
def-normal-form-data-for-amalgamated-free-products	pending		
def-normal-monomorphism-and-conormal-epimorphism	pending		
def-normal-noetherian-ring	pending		
def-normal-ordinal-function	pending		
def-normal-subgroup	pending		
def-normalised-lu-factorisation	pending		
def-normalized-bar-resolution	pending		
def-normalized-set-theoretic-section-and-factor-set	pending		
def-normalized-two-cocycle-and-two-coboundary	pending		
def-normalized-univalent-class	pending		
def-normalizer-of-a-subgroup	pending		
def-normed-subspace	pending		
def-normed-vector-space-over-an-absolutely-valued-field	pending		
def-normwise-and-componentwise-backward-error-for-linear-systems	pending		
def-nowhere-dense-meager	pending		
def-nowhere-dense-meagre-and-residual-subsets	pending		
def-np-by-verifiers	pending		U-P
def-np-hard-and-np-complete	pending		U-P
def-null-and-content-zero-in-rn	pending		
def-null-homologous-and-homologous-complex-cycles	pending		
def-null-homotopic-chain-map	pending		
def-null-sequence	pending		
def-null-subset-of-a-smooth-manifold	pending		U-P
def-null-subspace-of-almost-everywhere-zero-functions	pending		
def-nullable-generating-and-reachable-variable	pending		
def-nullhomotopic-map-and-contractible-space	pending		
def-number-field	pending		
def-number-of-spanning-trees	pending		
def-number-of-sylow-p-subgroups	pending		
def-number-sat	pending		A-R
def-number-theoretic-mobius-function	pending		
def-numerical-rank-relative-to-a-norm-scale-and-tolerance	pending		
def-object-of-finite-length	pending		
def-off-diagonal-ramsey-number	pending		
def-og-lattice-and-reduction-modulo-the-maximal-ideal	pending		
def-one-density-on-a-finite-dimensional-real-vector-space	pending		
def-one-dimensional-borel-module-of-weight-lambda	pending		
def-one-point-compactification	pending		
def-one-sided-derivatives-of-real-functions	pending		
def-one-sided-limits	pending		
def-one-step-and-reflexive-transitive-derivation	pending		
def-one-step-configuration-relation	pending		
def-open-and-closed-in-r	pending		
def-open-cover-r	pending		
def-open-immersion-schemes	pending		
def-open-set-category-topological-space	pending		
def-operator-norm	pending		A-R
def-operator-norm-on-a-finite-dimensional-inner-product-space	pending		
def-opposite-category	pending		
def-opposite-ring	pending		
def-optimal-description-machine	pending		U-P
def-oracle-ce-completeness	pending		A-R
def-oracle-turing-machine	pending		U-P
def-orbit-and-stabilizer	pending		
def-order-in-a-group	pending		
def-order-in-a-number-field	pending		
def-order-isomorphism	pending		
def-order-of-a-finite-projective-plane	pending		
def-order-of-an-entire-function	pending		
def-order-of-zero-holomorphic-function	pending		
def-order-topology-on-a-linearly-ordered-set	pending		
def-order-topology-on-an-ordinal	pending		
def-ordered-field	pending		
def-ordered-field-isomorphism	pending		
def-ordered-pair	pending		
def-ordered-ring	pending		
def-ordinal	pending		
def-ordinal-addition	pending		
def-ordinal-exponentiation	pending		
def-ordinal-multiplication	pending		
def-orientable-manifold	pending		
def-orientation-of-a-finite-dimensional-real-vector-space	pending		
def-orientation-of-a-simplex	pending		
def-orientation-preserving-parametrization	pending		
def-oriented-cellular-chain-group	pending		U-P
def-oriented-complex-triangle-and-boundary	pending		
def-oriented-conformal-map-at-a-point	pending		
def-oriented-graph-with-edge-reversal	pending		
def-oriented-incidence-matrix-of-a-graph	no_candidate_found	root-spectral-01-receipts.json	
def-oriented-integral	pending		
def-oriented-smooth-manifold-and-oriented-chart	pending		
def-oriented-unit-normal-and-flux-of-a-surface-patch	pending		
def-oriented-unit-volume-form	pending		
def-orthogonal-complement	pending		
def-orthogonal-latin-squares-and-complete-families	pending		
def-orthogonal-projection	pending		
def-orthogonal-vectors-sets-and-orthonormal-bases	pending		
def-oscillation	pending		
def-oscillation-in-rn	pending		
def-outer-automorphism-group	pending		
def-outer-measure	pending		
def-outer-measure-induced-by-a-premeasure	pending		
def-outward-unit-normal-at-a-boundary-point-of-a-compact-solid	pending		
def-p	pending		U-P
def-p-adic-absolute-value-on-the-rationals	pending		
def-p-adic-integers-as-compatible-residue-classes	pending		
def-p-adic-metric-on-zp	pending		
def-p-adic-valuation	pending		
def-p-basis-of-an-exponent-one-purely-inseparable-extension	pending		
def-p-blocks-by-primitive-central-idempotents	pending		U-P
def-p-complement	pending		
def-p-complete-under-logspace-reductions	pending		U-P
def-p-core-of-a-finite-group	pending		
def-p-elementary-and-p-hyperelementary-finite-groups	pending		
def-p-local-subgroup	pending		
def-p-modular-system	pending		
def-p-norms-on-rn	pending		
def-p-primary-component-of-an-abelian-group	pending		
def-p-regular-and-p-singular-elements	pending		
def-p-with-a-sharpp-oracle	pending		U-P
def-pairwise-and-mutual-independence-of-events	pending		
def-pairwise-independence	pending		
def-paracompact-space	no_candidate_found	terra-partitions-01-receipts.json	
def-paradoxical-decomposition-of-a-group	pending		
def-parallelogram-and-triangle-in-r2	pending		
def-parameter-dependent-improper-multiple-integral	pending		
def-parametrised-end-and-parametrised-coend	pending		
def-parametrized-morse-trajectory-space	pending		
def-parenthesised-tensor-word	pending		
def-parity-dirichlet-character	pending		
def-parse-tree-and-yield	pending		
def-parsimonious-reduction	pending		
def-partial-differential-operator-order-and-solution	pending		
def-partial-function-computed-by-a-machine	pending		
def-partial-order	pending		
def-partial-sums-and-sample-means	pending		
def-partition-and-refinement	pending		
def-partition-counting-functions-and-restricted-families	pending		
def-partition-of-a-positive-integer	pending		
def-partition-of-unity-subordinate-to-a-cover	no_candidate_found	terra-partitions-01-receipts.json	
def-path-class-model-for-a-universal-cover	pending		
def-path-connected	pending		
def-path-group-of-a-graph-of-groups	pending		
def-path-polygonal-length-and-rectifiability-in-rn	pending		
def-path-system-and-non-intersecting-path-system	pending		
def-pattern-graph-of-a-pure-blockade	pending		
def-pbw-filtration-by-tensor-degree-on-the-enveloping-algebra	no_candidate_found	terra-lie-01-receipts.json	
def-peano-system	pending		
def-pell-equation	pending		
def-pell-equivalence-of-generalized-solutions	pending		
def-perfect-field	pending		
def-perfect-graph	pending		
def-perfect-graph-for-the-bull-route	pending		
def-perfect-group	pending		
def-perfect-set-r	pending		
def-period-one-fourier-coefficients-partial-sums-and-convolution	pending		A-P
def-periodic-ltwo-weak-derivative	pending		
def-permutation-action-on-covariant-tensors	pending		
def-permutation-matrix-partial-pivoting-and-pivot-growth	pending		
def-permutation-support-disjoint-cycles-and-cycle-type	pending		
def-perron-envelope-for-the-plane-dirichlet-problem	pending		
def-perron-family-for-the-plane-dirichlet-problem	pending		
def-petersen-graph	pending		
def-pi-system	pending		
def-pi-via-first-positive-cosine-zero	pending		
def-picard-operator-and-picard-iterates	pending		
def-piece-in-a-symmetrised-presentation	pending		
def-piecewise-c1-path-connected-conservative-and-path-independent	pending		
def-piecewise-c1-path-operations-and-oriented-reparametrizations	pending		
def-pivotal-structure	pending		
def-place-of-the-rationals	pending		
def-plane-dual-multigraph	pending		U-P
def-plane-graph-face-and-boundary	pending		U-P
def-plane-harmonic-function	pending		
def-plane-region-and-frontier	pending		
def-plane-subharmonic-function	pending		
def-plane-superharmonic-function	pending		
def-plaque-of-a-flat-chart	pending		
def-plucker-coordinates	pending		
def-plurisubharmonic-exhaustion-and-hartogs-pseudoconvexity	pending		
def-plurisubharmonic-function	pending		
def-plus-and-minus-type-of-an-extraspecial-p-group	pending		
def-poincare-metric-and-distance-on-the-disc	pending		
def-pointing-of-a-combinatorial-class	pending		
def-pointwise-and-uniform-convergence-uniformities	pending		
def-pointwise-kan-extension-by-preservation-by-representables	pending		
def-pointwise-kan-extension-by-the-comma-category-formula	pending		
def-pointwise-uniform-and-uniformly-cauchy-convergence	pending		
def-poisson-integral-on-the-disc	pending		
def-poisson-kernel-on-the-disc	pending		
def-poisson-modification-of-a-subharmonic-function	pending		
def-polar-surface-measure-on-the-unit-sphere	pending		U-P
def-pole-pushing-along-a-chain-of-discs	pending		
def-polish-space	pending		
def-polydisc-boundary-radius	pending		
def-polygonal-arc-and-polygon	pending		
def-polygonal-path-and-polygonal-connectedness	pending		
def-polynomial-advice-machine	pending		
def-polynomial-degree-leading-coefficient-and-monic	pending		
def-polynomial-evaluation-and-root	pending		
def-polynomial-evaluation-at-an-endomorphism	pending		
def-polynomial-hierarchy-levels	pending		U-P
def-polynomial-module-of-an-endomorphism	pending		
def-polynomial-ring-on-a-family-of-indeterminates	pending		
def-polynomial-ring-over-a-commutative-ring	pending		
def-polynomial-rodl-property-for-a-finite-family	pending		
def-polynomial-subexponential-exponential-and-intermediate-growth	pending		
def-polynomial-time-many-one-reduction	pending		U-P
def-polynomially-balanced-verifier	pending		U-P
def-polynomials-that-split-and-splitting-fields	pending		
def-poset-interval-and-finiteness-conditions	pending		
def-poset-mobius-function	pending		
def-positive-and-negative-parts-of-a-function	pending		
def-positive-continuous-error-function-for-strong-approximation	pending		
def-positive-definite-binary-quadratic-form	pending		
def-positive-linear-functional-on-c-c	pending		
def-positive-negative-and-null-sets-for-a-signed-measure	pending		
def-positive-orientation-for-elementary-region-boundaries	pending		
def-power-and-copower-by-a-set	pending		
def-power-iteration	pending		
def-power-set	pending		
def-power-sum-and-complete-homogeneous-symmetric-polynomials	pending		
def-preadditive-category	pending		
def-preconnecting-arrow-on-cycles	pending		
def-prefix-automaton-for-a-finite-forbidden-factor-set	pending		
def-prefix-free-machine-and-prefix-complexity	pending		U-P
def-premeasure-on-an-algebra	pending		
def-preorder	pending		
def-preservation-reflection-creation-continuity-and-cocontinuity	pending		
def-presheaf-of-groups-rings-modules	pending		
def-presheaf-on-topological-space	pending		
def-presheaf-plus-construction	pending		
def-presheaf-representable-functor-and-representation	pending		
def-primary-component-and-generalised-eigenspace	pending		
def-primary-component-of-a-module-over-a-domain	pending		
def-primary-decomposition-minimal-and-isolated-components	pending		
def-primary-submodule-and-primary-ideal	pending		
def-prime	pending		
def-prime-above-and-residue-degree	pending		
def-prime-and-maximal-ideals	pending		
def-prime-counting-function	pending		
def-prime-graph	pending		
def-prime-ideal-valuations-on-fractional-ideals	pending		
def-prime-spectrum-and-vanishing-sets	pending		
def-prime-subfield	pending		
def-primitive-and-imprimitive-actions	pending		
def-primitive-binary-quadratic-form	pending		
def-primitive-dirichlet-character-and-conductor	pending		
def-primitive-root-modulo-n	pending		
def-principal-binary-quadratic-form	pending		
def-principal-crossed-homomorphism-for-abelian-coefficients	pending		
def-principal-dirichlet-character	pending		
def-principal-distinguished-subset-of-spectrum	pending		
def-principal-ideal-domain	pending		
def-principal-inverse-sine-and-cosine	pending		
def-principal-inverse-tangent	pending		
def-principal-localisation	pending		
def-principal-part-and-principal-symbol-of-a-scalar-pde	pending		
def-principal-part-at-an-isolated-point	pending		
def-principal-part-laurent-series	pending		
def-prism-operator-for-a-homotopy	pending		
def-private-coin-public-coin-and-arthur-merlin-protocol	pending		U-P
def-pro-p-completion-of-an-abstract-group	pending		
def-pro-p-group	pending		
def-probability-convergence-metric	pending		U-P
def-probability-measure	pending		
def-product-and-colon-of-fractional-ideals	pending		
def-product-category	pending		
def-product-measure-on-sigma-finite-spaces	pending		A-P
def-product-norms-on-finitely-many-normed-spaces	pending		
def-product-of-an-ideal-and-a-module	pending		
def-product-of-an-indexed-family	pending		
def-product-of-finite-probability-spaces	pending		
def-product-orientation	pending		
def-product-ring	pending		
def-product-sigma-algebra-and-finite-product-sigma-algebras	pending		
def-product-topology	pending		
def-product-varieties-universal-property	pending		A-P
def-products-and-coproducts	pending		
def-profinite-completion-of-an-abstract-group	pending		
def-profinite-group-by-inverse-limit	pending		
def-profinite-topology-on-an-abstract-group	pending		
def-projective-algebraic-set	pending		
def-projective-closure-affine-set	pending		A-R
def-projective-dimension-of-an-object	pending		
def-projective-indecomposable-characters-and-cartan-invariants	pending		U-P
def-projective-module	pending		
def-projective-morphism-classical	pending		A-P
def-projective-object	pending		
def-projective-resolution-in-an-abelian-category	pending		
def-projective-space-points	pending		
def-projective-variety-classical	pending		
def-promise-preserving-reduction	pending		U-P
def-promise-problem	pending		U-P
def-proper-equivalence-of-binary-quadratic-forms	pending		
def-proper-map-between-euclidean-open-sets	pending		
def-proper-smooth-function-and-compact-morse-slab	pending		
def-proper-vertex-colouring-and-chromatic-number	pending		
def-properties-of-a-relation-on-a-set	pending		
def-property-star-for-a-finite-family	pending		
def-protocol-game-tree-and-value	pending		U-P
def-prufer-code	pending		
def-pseudocompact-space	pending		
def-pth-power-subgroup-of-a-group	pending		
def-pullback-and-pushout-of-an-extension	pending		
def-pullback-covering-space	pending		
def-pullback-module-ringed-spaces	pending		
def-pullback-of-a-cotangent-vector	pending		
def-pullback-of-a-covariant-tensor-by-a-linear-map	pending		
def-pullback-of-a-covariant-tensor-field	pending		
def-pullback-of-a-differential-form	pending		
def-pullback-vector-bundle-as-a-fibre-product	pending		
def-pullbacks-and-pushouts	pending		
def-purely-inseparable-extension	pending		
def-pushforward-and-pullback-of-a-vector-field-by-a-diffeomorphism	pending		
def-pushout-of-group-homomorphisms	pending		
def-q-integer-q-factorial-and-q-multinomial	pending		
def-quadratic-casimir-element	existing_finding	terra-lie-01-receipts.json	A-P
def-quadratic-energy-of-a-hermitian-positive-definite-linear-system	pending		
def-quadratic-form-and-polar-form	pending		
def-quadratic-irrational	pending		
def-quadratic-residue-modulo-n	pending		
def-quasi-coherent-ideal-sheaf	pending		
def-quasi-compact-and-quasi-separated-morphism	pending		
def-quasi-compact-and-quasi-separated-scheme	pending		
def-quasi-finite-morphism-classical	pending		U-P
def-quasi-geodesic-and-quasi-geodesic-metric-space	pending		
def-quasi-isometry-group-of-a-metric-space	pending		
def-quasi-isometry-invariant-and-geometric-property-of-a-finitely-generated-group	pending		
def-quasi-isometry-type-of-a-finitely-generated-group	pending		
def-quasi-isomorphism	pending		
def-quasisimple-group-component-and-layer	pending		
def-quaternion-group-of-order-eight	pending		
def-quaternions	pending		
def-quotient-blockade-by-mixed-block-reachability	pending		
def-quotient-complex	pending		
def-quotient-graph-of-an-action-without-inversions	pending		
def-quotient-graph-of-groups-from-a-tree-action	pending		
def-quotient-group	pending		
def-quotient-module	pending		
def-quotient-ring	pending		
def-quotient-seminorm	pending		
def-quotient-topology	pending		
def-quotient-vector-bundle-by-a-subbundle	pending		
def-quotient-vector-space-and-canonical-projection	pending		A-P
def-quotient-vector-space-coset-notation	pending		
def-radial-mollifier-family-in-rn	pending		U-P
def-radian-angle-by-unit-circle-arc-length	pending		U-P
def-radical-extension	pending		
def-radical-of-an-ideal	pending		
def-radon-measure-on-an-lch-space	pending		
def-radon-nikodym-derivative	pending		U-P
def-ramification-index	pending		
def-ramsey-colouring-and-arrow-notation	pending		
def-random-element-and-real-random-variable	pending		
def-rank-and-nullity	pending		
def-rank-of-a-finite-rank-free-group	pending		
def-rank-of-a-smooth-map-at-a-point	pending		
def-rank-of-a-well-founded-relation	pending		
def-rank-suborbits-and-subdegrees-of-a-transitive-action	pending		
def-rat-operations	pending		
def-rat-order	pending		
def-rational-approximation-with-a-runge-pole-set	pending		
def-rational-cauchy-sequence	pending		
def-rational-character-ring	pending		U-P
def-rational-formal-power-series-and-reduced-denominator	pending		
def-rational-local-fields	pending		
def-rational-power	pending		
def-rationals	pending		
def-rayleigh-quotient	pending		
def-rayleigh-quotient-iteration	pending		U-P
def-reachable-dfa-state	pending		
def-read-only-input-logspace-machine	pending		U-P
def-read-only-input-workspace-classes	pending		A-R
def-real-analytic-function	pending		
def-real-analytic-map-on-the-plane	pending		
def-real-and-complex-givens-transformations	pending		
def-real-beta-integral	pending		U-P
def-real-dedekind	pending		
def-real-exponential-function-and-e	pending		
def-real-frechet-derivative-on-real-and-complex-matrix-spaces	pending		
def-real-gamma-function-by-the-euler-integral	pending		U-P
def-real-limit	pending		U-P
def-real-numbers	pending		
def-real-order	pending		
def-real-polynomial-degree-leading-coefficient-and-monic	pending		
def-real-power	pending		
def-real-power-by-rational-supremum	pending		
def-real-power-series-and-radius-of-convergence	pending		
def-realification-of-a-complex-vector-space	pending		
def-rearrangement-and-unconditional-convergence	pending		
def-recursive-and-finite-group-presentations	pending		
def-recursive-and-recursively-enumerable-languages	pending		
def-reduced-affine-scheme	pending		
def-reduced-graph-of-groups-word	pending		
def-reduced-homology-theory-and-augmentation	pending		
def-reduced-positive-definite-binary-quadratic-form	pending		
def-reduced-resolvent-or-group-inverse-at-a-simple-eigenvalue	pending		A-P
def-reduced-syllable-word-in-a-family-of-groups	pending		
def-reduced-van-kampen-diagram	pending		
def-reduction-gadget-and-interface-invariant	pending		U-P
def-reduction-of-scheme	pending		
def-rees-algebra-and-rees-module	pending		
def-reflective-subcategory-and-reflector	pending		
def-reflexive-banach-space	pending		U-P
def-reflexive-pair	pending		
def-regressive-function-on-ordinals	pending		
def-regular-actions	pending		
def-regular-and-critical-points-and-values	pending		
def-regular-and-equitable-vertex-partition	pending		
def-regular-and-t3-spaces	pending		
def-regular-borel-measure-on-an-lch-space	pending		
def-regular-complex-borel-measure-on-an-lch-space	pending		
def-regular-continued-fraction	pending		
def-regular-covering	pending		
def-regular-critical-points-values-and-level-sets	pending		
def-regular-element-and-rank-for-a-complex-semisimple-lie-algebra	no_candidate_found	terra-lie-01-receipts.json	
def-regular-foliation-atlas	pending		
def-regular-function-projective-variety	pending		A-R
def-regular-holomorphic-germ	pending		
def-regular-language-by-dfa-recognition	pending		
def-regular-locus-of-a-c-one-map	pending		
def-regular-multigraph-and-normalized-adjacency	pending		U-P
def-regular-noetherian-ring	pending		
def-regular-outer-measure-and-measurable-hull	pending		
def-regular-root-hyperplane-arrangement-in-a-cartan-subalgebra	existing_finding	terra-lie-01-receipts.json	U-P
def-regular-sequence-on-a-module	pending		
def-regular-system-of-parameters	pending		
def-relation-domain-range-and-field	pending		
def-relative-algebraic-closure	pending		
def-relative-computability-and-enumerability	pending		A-R
def-relative-field-automorphism-group	pending		
def-relative-frobenius-of-a-finite-field-extension	pending		
def-relative-homology-connecting-homomorphism-on-cycles	pending		
def-relative-homology-of-a-chain-map	pending		
def-relative-projectivity	pending		A-P
def-relative-singular-homology	pending		
def-relativization-to-a-definable-class	pending		
def-relativized-complexity-class	pending		U-P
def-relativizing-proof-technique	pending		U-P
def-relators-relations-and-finite-presentations	pending		
def-repeated-root-and-separable-polynomial	pending		
def-representable-enriched-functor	pending		
def-residue-field-scheme-point	pending		
def-residue-isolated-singularity	pending		
def-resolvent-cubic-of-a-monic-quartic	pending		
def-restarted-gmres-m	pending		
def-restricted-dual-of-a-weight-module	pending		
def-restriction-and-corestriction-on-group-cohomology	pending		
def-restriction-and-extension-of-scalars	pending		
def-restriction-induction-and-coinduction-for-group-modules	pending		
def-restriction-inflation-and-the-quotient-conjugation-action-on-first-cohomology	pending		
def-restriction-of-a-measure	pending		
def-restriction-of-a-vector-bundle	pending		
def-restriction-sheaf-open-subspace	pending		
def-retraction-and-deformation-retract	pending		
def-retraction-of-the-kernel-in-a-group-extension	pending		
def-riemann-area-between-continuous-graphs	pending		
def-riemann-integral-over-a-jordan-set	pending		U-P
def-riemann-map-extremal-family	pending		
def-riemann-sphere-holomorphic-charts	pending		
def-riemann-stieltjes-sum-and-integral	pending		
def-riemann-surface-of-a-complete-analytic-function	pending		
def-riemann-xi-function	pending		
def-riemann-zeta-function	pending		
def-riemann-zeta-zero-counting	pending		
def-riemannian-gradient-of-a-smooth-function	pending		
def-riemannian-metric-symmetric-cotangent-connection-and-covariant-hessian	pending		
def-right-derived-map-relative-to-resolution-data	pending		
def-right-derived-object-relative-to-injective-resolution-data	pending		
def-right-six-vertex-prime-h-graph	pending		A-R
def-right-total-derived-functor-on-the-bounded-below-derived-category	no_candidate_found	terra-derived-01-receipts.json	
def-rigid-object-and-rigid-monoidal-category	pending		
def-ring	pending		
def-ring-characteristic	pending		
def-ring-homomorphism	pending		
def-ring-matrix-product-identity-and-transpose	no_candidate_found	root-determinants-01-receipts.json	
def-ring-of-functions	pending		
def-ring-of-integers-of-a-number-field	pending		
def-ringed-space	pending		
def-rising-factorial	pending		
def-ritz-values-and-ritz-vectors-from-arnoldi	pending		
def-root-reflections-and-the-weyl-group-action	existing_finding	terra-lie-01-receipts.json	U-P
def-rooted-stable-tooth-comb	pending		
def-rooted-tree	pending		
def-roots-of-unity-in-a-field	pending		
def-rotation-of-a-triangle	pending		
def-row-echelon-reduced-row-echelon-and-pivots	pending		
def-row-space-column-space-nullspace-and-matrix-ranks	pending		
def-row-transformations-over-a-commutative-ring	U-P_candidate	root-determinants-01-receipts.json	U-P
def-runge-approximation-on-a-plane-domain	pending		
def-samuel-compactification	pending		
def-samuel-uniformity	pending		
def-scalar-and-vector-line-integrals-along-piecewise-c1-paths	pending		U-P
def-scheme	pending		
def-scheme-over-base	pending		
def-scheme-theoretic-fibre	pending		
def-scheme-theoretic-image	pending		
def-scheme-theoretic-inverse-image-subscheme	pending		U-P
def-schreier-generator	pending		
def-schreier-rewriting-map	pending		
def-schreier-transversal-and-schreier-system	pending		
def-schur-covering-group-of-a-finite-group	pending		U-P
def-schur-index-of-an-irreducible-character	pending		U-P
def-schur-multiplier-of-a-group	pending		
def-schur-number	pending		
def-search-version-of-an-np-relation	pending		U-P
def-secant-and-tangent-direction-maps-of-an-euclidean-embedding	pending		
def-second-cohomology-by-factor-sets	pending		
def-second-countable-space	pending		
def-section-restriction-and-global-section	pending		
def-sections-and-iterated-riemann-integrals	pending		
def-sections-of-sets-and-functions-on-products	pending		
def-segre-map	pending		U-P
def-self-adjoint-and-normal-endomorphism	pending		
def-self-adjoint-complex-function-algebra	pending		
def-self-correction-of-a-noisy-linear-function	pending		
def-semiadditive-category	pending		
def-semicontinuity	pending		
def-semicontinuity-on-euclidean-subsets	pending		
def-semifinite-part-of-a-measure	pending		
def-semigroup-and-monoid	pending		
def-semilinear-and-quasilinear-first-order-cauchy-problems	pending		
def-semilocally-simply-connected-space	pending		
def-semisimple-and-nilpotent-endomorphisms	pending		
def-semisimple-module	pending		
def-semisimple-object-and-semisimple-abelian-category	pending		
def-semisimple-ring	pending		
def-separable-closure-in-an-algebraic-extension	pending		
def-separable-degree	pending		
def-separable-elements-and-separable-extensions	pending		
def-separable-space	pending		
def-separated-and-complete-filtered-module	pending		
def-separated-net-in-a-metric-space	pending		
def-separated-presheaf	pending		
def-separated-sets	pending		
def-separated-uniform-space	pending		
def-separately-holomorphic-function	pending		
def-separating-real-function-lattice	pending		
def-separating-set-and-coseparating-set	pending		
def-sequence	pending		
def-sequence-construction-of-a-combinatorial-class	pending		
def-sequence-convergence-top	pending		
def-sequences-in-an-ordered-field	pending		
def-series	pending		
def-series-and-absolute-convergence-in-a-normed-space	pending		
def-series-of-real-functions	pending		
def-series-of-vectors-and-rearrangement	pending		
def-serre-r-k-and-s-k-conditions	pending		
def-sesquilinear-and-hermitian-forms-over-a-field-with-involution	pending		
def-set-coded-terms-and-formulas	pending		
def-set-cover	pending		
def-set-difference-and-symmetric-difference	pending		
def-set-family-and-its-incidence-matrix	pending		
def-set-limsup-and-liminf	pending		
def-set-partition-and-block	pending		
def-set-signature-and-finite-syntax-strings	pending		
def-set-structures-and-variable-assignments	pending		
def-set-weighted-limit-and-weighted-colimit	pending		
def-shadow-of-a-uniform-family	pending		
def-shapovalov-determinant-on-a-weight-space	pending		U-P
def-sharply-k-transitive-actions	pending		
def-sharpp-and-gap-p-functions	pending		
def-shattering-and-vc-dimension	pending		
def-sheaf-hom	pending		
def-sheaf-on-topological-space	pending		
def-sheaf-tensor-product	pending		
def-sheafification	pending		
def-shift-of-a-chain-complex	pending		
def-shift-of-a-chain-map-and-chain-homotopy	pending		
def-short-exact-sequence-of-complexes	pending		
def-sidon-set-in-the-integer-dual	pending		
def-sigma-algebra	pending		U-P
def-sigma-algebra-generated-by-a-function	pending		
def-sigma-n-pi-n-and-delta-n-sets	pending		U-P
def-sign-representation-and-restriction-of-a-representation	pending		
def-signed-and-signless-stirling-first-kind	pending		
def-signed-measure	pending		
def-similar-matrices	pending		
def-simple-continued-fraction-coding	pending		
def-simple-function-and-canonical-representation	pending		
def-simple-graph-without-a-finiteness-hypothesis	pending		
def-simple-group	pending		
def-simple-integral-against-a-signed-or-complex-measure	pending		
def-simple-module	pending		
def-simple-object	pending		
def-simple-pole	pending		
def-simple-polygonal-region-and-triangulation	pending		
def-simple-solid-region-in-a-coordinate-direction	pending		
def-simple-spectral-projector	pending		
def-simplicial-chain-groups-and-boundary	pending		
def-simplicial-cycles-boundaries-and-homology	pending		
def-simplicial-euler-characteristic	pending		
def-simplicial-map-and-its-geometric-realization	pending		
def-simplicial-path-metric	pending		
def-simplicial-path-reduced-path-cycle-and-connectedness	pending		
def-simplicial-subcomplex-star-closure-and-link	pending		
def-simplicial-to-singular-chain-map	pending		
def-simplicial-tree	pending		
def-simply-connected	pending		
def-simultaneous-diagonalisability-of-a-family	pending		
def-sine-and-cosine-by-power-series	pending		U-P
def-singular-boundary-operator	pending		
def-singular-boundary-point-and-natural-boundary	pending		
def-singular-chain-complex-and-singular-homology	pending		
def-singular-chain-complex-of-a-pair	pending		
def-singular-chain-cross-product-on-generators	pending		
def-singular-function	pending		
def-singular-simplex-and-singular-chain-group-with-coefficients	pending		
def-singular-values-of-an-endomorphism	pending		
def-singularity-at-infinity	pending		
def-skeleta-cw-subcomplex-and-relative-cw-complex	pending		
def-skeletal-category-and-skeleton	pending		
def-skeletal-mapping-telescope-of-a-cw-pair	pending		
def-skyscraper-sheaf-abelian-group	pending		
def-slice-category-and-the-pullback-functor	pending		
def-small-cancellation-condition-t-q	pending		
def-small-cancellation-conditions-c-lambda-and-c-prime-lambda	pending		
def-small-finite-and-large-limits-completeness-and-cocompleteness	pending		
def-small-locally-small-and-large-category	pending		
def-smooth-atlas	pending		
def-smooth-bundle-metric	pending		
def-smooth-chart-atlas-and-structure-on-a-manifold-with-boundary	pending		
def-smooth-collar-of-a-manifold-boundary	pending		
def-smooth-differential-k-form	pending		
def-smooth-distribution-on-a-manifold	pending		
def-smooth-embedding	pending		
def-smooth-family-of-maps-and-evaluation-map	pending		
def-smooth-fibre-bundle-and-local-trivialization	pending		
def-smooth-function-on-a-relatively-open-subset-of-a-half-space	pending		
def-smooth-immersion-and-embedding-for-manifolds-with-boundary	pending		
def-smooth-manifold	pending		
def-smooth-map-between-manifolds-with-boundary	pending		
def-smooth-partition-of-unity-subordinate-to-an-open-cover	pending		
def-smooth-section-local-section-and-support	pending		
def-smooth-structure-generated-by-an-atlas	pending		
def-smooth-tensor-field	pending		
def-smooth-vector-bundle-rank-fibre-and-trivial-bundle	pending		
def-smooth-vector-field-as-a-tangent-bundle-section	pending		
def-smoothly-compatible-charts	pending		
def-snake-data	pending		
def-socle-of-a-module	pending		
def-solid-between-continuous-graphs-over-a-jordan-base	pending		
def-solid-of-revolution-about-a-coordinate-axis	pending		
def-solvable-by-radicals	pending		
def-space-of-bounded-linear-operators	pending		
def-spanning-tree	pending		
def-sparse-orientation-of-a-blockade	pending		
def-special-and-extraspecial-p-groups	pending		
def-specialisation-and-generic-point	pending		
def-spectral-edge-and-vertex-expansion	pending		U-P
def-spherical-averages-and-local-ball-means-in-rn	pending		U-P
def-spherical-structure	pending		
def-split-coequalizer	pending		
def-split-extension-class	pending		
def-split-extension-of-groups	pending		
def-split-inert-ramified-and-unramified-prime	pending		
def-split-monomorphism-and-split-epimorphism	pending		
def-split-set-in-a-bull-free-graph	pending		
def-split-short-exact-sequence	pending		
def-split-short-exact-sequence-in-an-abelian-category	pending		
def-splitting-field-for-a-finite-group	pending		
def-splitting-p-modular-system-for-a-finite-group	pending		
def-square-map-of-an-extraspecial-two-group	pending		
def-squarefree-positive-integer	pending		
def-stable-and-unstable-sets-of-a-critical-point	pending		
def-stalk-of-presheaf	pending		
def-standard-and-costandard-objects-in-category-o	pending		U-P
def-standard-bilinear-form-on-a-coordinate-space	pending		
def-standard-borel-space	pending		
def-standard-complete-bipartite-path-and-cycle-graphs	pending		
def-standard-cone-triangle-in-the-homotopy-category	pending		
def-standard-cycle-form-and-foata-fundamental-transformation	pending		
def-standard-inner-product-on-complex-class-functions	pending		U-P
def-standard-integer-loops-in-the-circle	pending		
def-standard-relative-floating-point-model-and-unit-roundoff	pending		
def-standard-residue-contours	pending		
def-standard-topological-simplex-and-its-affine-face-maps	pending		
def-standard-topologies	pending		
def-star-expansion-of-a-graph	pending		
def-star-shaped-open-subset-of-rn	pending		
def-starred-summatory-function	pending		
def-stationary-antichains-modulo-nonstationary	pending		
def-stationary-iteration-from-a-matrix-splitting	pending		
def-steiner-systems-and-steiner-triple-systems	pending		
def-stirling-second-kind-and-bell-number	pending		
def-stochastic-process-and-finite-dimensional-distributions	pending		
def-stolz-approach-region-at-one	pending		
def-stone-cech-compactification	pending		
def-strict-monoidal-category	pending		
def-strict-two-category	pending		
def-strong-erdos-hajnal-property-for-a-hereditary-class	pending		
def-strong-linkage-order-on-weights	pending		U-P
def-structural-comb-partition-hypothesis	pending		
def-structure-presheaf-on-basic-opens	pending		
def-subcategory-and-full-subcategory	pending		
def-subcomplex	pending		
def-subfield	pending		
def-subgradient-and-subdifferential	pending		
def-subgraph-induced-subgraph-and-spanning-subgraph	pending		
def-subgroup	pending		
def-subgroup-commutator-and-lower-central-series	pending		
def-subgroup-separable-and-lerf	pending		
def-subharmonic-and-superharmonic-functions-in-rn	pending		
def-sublinear-functional	pending		
def-sublinear-operator-weak-and-strong-type-p-q	pending		
def-submatrix-minors-of-a-rectangular-matrix	pending		
def-submodule	pending		
def-subnet	pending		
def-subnormal-normal-series-refinement-and-equivalence	pending		
def-subobject-and-quotient-object	pending		
def-subobject-classifier	pending		
def-subrepresentation-and-irreducible-representation	pending		
def-subring	pending		
def-subsequential-limit	pending		
def-subset-and-proper-subset	pending		
def-subset-sum-and-partition	pending		
def-subsheaf	pending		
def-subspace-iteration-and-the-dominant-invariant-subspace	pending		
def-subspace-topology-top	pending		
def-substitution-of-a-graph-for-a-vertex	pending		
def-substitution-of-combinatorial-classes	pending		
def-sum-and-product-of-ideals	pending		
def-sum-check-instance-and-protocol	pending		U-P
def-sum-free-set-of-integers	pending		
def-sum-of-four-squares-representation	pending		
def-sum-of-linear-subspaces	pending		
def-sum-of-two-squares-representation	pending		
def-sum-over-a-finite-index-set	pending		
def-summability-matrix	pending		
def-summable-family-of-formal-series	pending		
def-summatory-function-and-average-order	pending		
def-sunflower	pending		
def-superperfect-group	pending		
def-supersolvable-groups-and-monomial-characters	pending		
def-supplied-injective-resolution-datum	pending		
def-supplied-projective-resolution-datum	pending		
def-support-and-compactly-supported-riemann-integral-in-rn	pending		U-P
def-support-of-a-module	pending		
def-supporting-hyperplane-to-a-convex-set	pending		
def-supporting-line-for-a-real-function	pending		
def-surface-area-and-scalar-surface-integral-of-a-patch	pending		
def-surface-reparametrization-and-orientation	pending		
def-suspension-and-desuspension-of-a-chain-complex	pending		
def-sylow-p-subgroup	pending		
def-symmetric-and-alternating-covariant-tensor-subbundles	pending		
def-symmetric-design	pending		
def-symmetric-group	pending		
def-symmetric-monoidal-category	pending		
def-symmetric-polynomial	pending		
def-symmetric-real-random-variable	pending		U-P
def-symmetrisation-of-a-relator-set	pending		
def-symmetrization-and-alternation-operators	pending		
def-system-of-parameters-and-parameter-ideal	pending		
def-syzygy-and-cosyzygy-relative-to-a-resolution	pending		
def-t-algebra-and-algebra-homomorphism	pending		
def-t-k-homogeneous-property	pending		
def-t0-and-t1-spaces	pending		
def-tagged-join-of-oracles	pending		U-P
def-tagged-partition-and-riemann-sum	pending		
def-tail-filter-of-a-net	pending		
def-tail-sigma-algebra-of-a-sequence	pending		U-P
def-tame-and-wild-ramification	pending		
def-tangent-bundle-as-a-disjoint-union	pending		
def-tangent-cotangent-secant-cosecant	pending		
def-tangent-plane-of-a-regular-surface-patch	pending		
def-tangent-space-to-a-regular-level-set	pending		
def-tape-finite-support-convention	pending		
def-tau-critical-graph	pending		
def-taylor-and-maclaurin-series	pending		U-P
def-taylor-polynomial-and-remainder	pending		
def-taylor-series-holomorphic-function	pending		
def-teichmuller-lift-in-a-splitting-p-modular-system	pending		
def-tensor-and-multitensor-category	pending		
def-tensor-double-complex-of-two-projective-resolutions	no_candidate_found	tor-pilot.json	
def-tensor-functor-between-tensor-categories	pending		
def-tensor-product-of-complex-representations	pending		
def-tensor-product-of-modules-by-generators-and-relations	pending		
def-tensor-product-of-multilinear-tensors	pending		
def-tensor-product-total-complex-of-chain-complexes	pending		
def-tent-function-and-takagi-series	pending		
def-term-denotation-in-a-set-structure	pending		
def-the-absolutely-continuous-and-singular-parts-of-a-sigma-finite-signed-measure	pending		
def-the-additive-category-of-matrices-over-a-ring	pending		
def-the-arrow-category-of-an-abelian-category	pending		
def-the-axioms-ab3-and-ab3-star	pending		
def-the-axioms-ab4-and-ab4-star	pending		
def-the-axioms-ab5-and-ab5-star	pending		
def-the-braid-category	pending		
def-the-categorical-trace-of-a-morphism-into-the-double-dual	pending		
def-the-category-of-binary-words	pending		
def-the-category-of-right-module-endofunctors	pending		
def-the-ceiling-of-a-quotient-of-naturals	pending		
def-the-derangement-number	pending		
def-the-diagonal-of-a-space	pending		
def-the-dimension-of-an-object-relative-to-a-pivotal-structure	pending		
def-the-direct-image-and-inverse-image-of-a-subobject	pending		
def-the-dual-of-a-morphism	pending		
def-the-dyadic-rationals-of-the-unit-interval	pending		
def-the-freyd-axioms-for-an-abelian-category	pending		
def-the-idempotent-completion-of-a-preadditive-category	pending		
def-the-identity-and-membership-relations-on-a-set	pending		
def-the-induced-boundary-chain-of-a-c2-surface-patch	pending		
def-the-integral-function	pending		
def-the-internal-hom-and-its-evaluation-morphism	pending		
def-the-join-of-subobjects-in-an-abelian-category	pending		
def-the-local-algebra-of-smooth-function-germs	pending		
def-the-long-line	pending		
def-the-quotient-of-an-object-by-a-subobject	pending		
def-the-reverse-and-the-opposite-of-a-monoidal-category	pending		
def-the-set-of-functions-from-one-set-to-another	pending		
def-the-solution-set-condition	pending		
def-the-space-of-finite-total-variation-signed-measures	pending		
def-the-space-of-summing-directions	pending		
def-the-standard-flat-function	pending		
def-the-standard-smooth-step-function	pending		U-P
def-the-ultrafilter-endofunctor-unit-and-multiplication	pending		
def-the-underlying-ordinary-category-of-an-enriched-category	pending		
def-the-zig-zag-identities	pending		
def-theories-models-and-semantic-consequence	pending		
def-thick-subcategory	pending		
def-three-colourability	pending		
def-tietze-transformations	pending		
def-tight-family-of-integrable-functions	pending		
def-tikhonov-regularised-least-squares	pending		
def-time-dependent-vector-field-and-evolution-operator	pending		
def-topological-group	pending		
def-topological-isomorphism-of-normed-spaces	pending		
def-topological-manifold-with-boundary	pending		
def-topological-manifold-without-boundary	pending		
def-topological-space	pending		
def-topology-basis-subbasis	pending		
def-topology-induced-by-an-ultrafilter-algebra	pending		
def-topology-of-compact-convergence	pending		
def-topology-of-pointwise-convergence	pending		
def-topology-of-uniform-convergence	pending		
def-tor-by-resolving-the-left-module	pending		A-R
def-tor-by-resolving-the-right-module	no_candidate_found	tor-pilot.json	
def-total-derivative-in-euclidean-space	pending		
def-total-ring-of-fractions	pending		
def-total-variation-function-on-a-compact-interval	pending		
def-total-variation-of-a-signed-or-complex-measure	pending		
def-totally-bounded	pending		
def-totally-bounded-uniform-space	pending		
def-totally-disconnected-and-totally-separated-spaces	pending		
def-totally-ordered-abelian-group	pending		
def-tournament	pending		
def-tournament-property-s-k	pending		
def-trace-dual-and-codifferent-of-a-number-field	pending		
def-trace-form-of-a-finite-extension	pending		
def-trace-of-a-square-matrix	pending		
def-trace-of-a-square-matrix-over-a-commutative-ring	pending		
def-trace-of-an-endomorphism	pending		
def-trace-sigma-algebra	pending		
def-transitive-closure-of-a-set	pending		
def-translation-length-of-a-tree-automorphism-without-inversions	pending		
def-translation-of-a-function-on-rn	pending		
def-translation-of-a-set-in-rn	pending		
def-transpose-of-a-bounded-operator	pending		
def-transpose-of-a-linear-map	pending		
def-transpose-of-a-matrix	pending		
def-transverse-embedded-submanifolds	pending		
def-transverse-linear-subspaces	pending		
def-transverse-smooth-maps	pending		
def-tree-forest-and-leaf	pending		
def-triangle-in-a-category-with-translation	pending		
def-triangular-and-diagonal-matrices-over-a-commutative-ring	no_candidate_found	root-determinants-01-receipts.json	
def-triangularisable-endomorphism	pending		
def-triangulated-category	pending		
def-triangulated-category-axiom-tr-four-octahedral	pending		
def-triangulated-category-axiom-tr-one	pending		
def-triangulated-category-axiom-tr-three	pending		
def-triangulated-category-axiom-tr-two	pending		
def-triangulated-subcategory	pending		
def-trivial-regular-and-permutation-representations	pending		
def-truncated-singular-value-pseudoinverse-at-a-declared-threshold	pending		
def-truncation-at-a-fixed-level	pending		
def-truth-table-reduction	pending		U-P
def-tubular-neighbourhood-of-an-embedded-submanifold	pending		
def-turing-degree-and-degree-order	pending		U-P
def-turing-jump	pending		U-P
def-turing-machine-acceptance-problem	pending		
def-turing-machine-configuration	pending		
def-turing-reducibility-and-equivalence	pending		U-P
def-twelvefold-way-ball-box-conventions	pending		
def-twist-and-ribbon-structure	pending		
def-twisted-arrow-category	pending		
def-twisted-product-extension-from-a-two-cocycle	pending		
def-two-design	pending		
def-two-dimensional-torus	pending		
def-two-point-duplication-property	pending		
def-two-square-representation-function	pending		
def-two-value-omitting-holomorphic-family	pending		
def-two-variable-second-order-discriminant	pending		
def-type-i-type-ii-and-elementary-green-regions	pending		
def-type-r-s-tensor-bundle	pending		
def-type-r-s-tensor-on-a-finite-dimensional-vector-space	pending		
def-u-split-coequalizer-and-creation-of-their-coequalizers	pending		
def-ultrafilter	pending		
def-ultrafilter-extension-principle	pending		
def-uniform-continuity-real	pending		A-R
def-uniform-convergence-of-complex-valued-functions	pending		
def-uniform-cover-space	pending		
def-uniform-embedding-and-uniform-isomorphism	pending		
def-uniform-finite-probability-space	pending		
def-uniform-hypergraph-and-complete-partite-hypergraph	pending		
def-uniform-ramsey-number	pending		
def-uniform-space-by-entourages	pending		
def-uniform-word-problem-for-finite-presentations	pending		
def-uniformising-parameter	pending		
def-uniformizable-space	pending		
def-uniformly-continuous-map	pending		
def-uniformly-integrable-family	pending		A-P
def-union-of-a-set-and-binary-union	pending		
def-unique-factorisation-domain	pending		
def-unit-disc-upper-half-plane-and-blaschke-factor	pending		
def-unit-group-modulo-n-and-euler-totient	pending		
def-unit-interval-function-family-separates-points-from-closed-sets	pending		
def-unital-separating-real-function-algebra	pending		
def-unital-separating-real-function-algebra-general	pending		
def-univalent-holomorphic-function	pending		
def-universal-arrow-to-and-from-a-functor	pending		
def-universal-central-extension	pending		
def-universal-central-extension-from-a-free-presentation	pending		
def-universal-covering-space	pending		
def-universal-delta-functor	pending		
def-universal-element	pending		
def-universal-enveloping-algebra-as-a-tensor-quotient	no_candidate_found	terra-lie-01-receipts.json	
def-universal-net	pending		
def-universal-turing-machine	pending		U-P
def-unnormalized-homogeneous-bar-resolution	pending		
def-unordered-pair-and-singleton	pending		
def-unparametrized-morse-trajectory-moduli-space	pending		
def-unreduced-homology-theory-on-cw-pairs	pending		
def-unshifted-and-shifted-qr-iteration-with-deflation-and-wilkinson-shift	pending		
def-upper-and-roelcke-uniformities-of-a-topological-group	pending		
def-upper-bound	pending		
def-upper-central-series	pending		
def-upper-hessenberg-and-real-symmetric-tridiagonal-matrices	pending		
def-upper-semicontinuous-regularization	pending		
def-urysohn-space	pending		
def-valuation-on-a-field	pending		
def-valuation-ring	pending		
def-value-group-of-a-valuation-ring	pending		
def-van-der-waerden-number	pending		
def-van-kampen-diagram-boundary-label-and-area	pending		A-R
def-vandermonde-polynomial	pending		
def-variance-and-covariance	pending		
def-variation-function-and-positive-negative-variation	pending		
def-variational-equation-along-an-ode-solution	pending		
def-variety-scheme-theoretic	pending		
def-vector-bundle-chart-and-transition-function	pending		
def-vector-bundle-map-over-a-smooth-base-map	pending		
def-vector-field-tangent-to-a-distribution	pending		
def-vector-potential-of-a-c1-vector-field	pending		
def-vector-space	pending		
def-vector-space-of-linear-maps	pending		A-P
def-vector-subbundle	pending		
def-vector-valued-derivative-and-integral	pending		
def-vector-valued-functions-limits-and-continuity	pending		
def-velocity-derivation-of-a-smooth-curve	pending		
def-verma-module	pending		
def-veronese-map	pending		U-P
def-vertex-and-edge-connectivity	pending		
def-vertex-and-edge-covers-and-covering-numbers	pending		
def-vertex-and-source-of-an-indecomposable-module	pending		
def-vertical-composition-of-natural-transformations	pending		
def-viral-property-for-a-finite-family	pending		
def-virtual-character-and-character-ring-of-a-finite-group	pending		U-P
def-vitali-cover-and-fine-cover-on-the-line	pending		
def-vitali-set-on-the-unit-interval	pending		U-P
def-volume-form-on-an-oriented-manifold	pending		
def-von-mangoldt-function	pending		
def-walks-paths-and-connectedness-in-a-simple-graph	pending		
def-weak-and-strict-separation	pending		
def-weak-order-on-the-symmetric-group	pending		
def-weak-star-topology	pending		
def-weakly-initial-object-and-jointly-weakly-initial-set	pending		
def-wedge-and-cowedge	pending		
def-wedge-of-pointed-spaces	pending		
def-wedge-product-of-alternating-covectors	pending		
def-wedge-product-of-differential-forms	pending		
def-weierstrass-elementary-factor	pending		
def-weierstrass-polynomial	pending		
def-weierstrass-products-canonical-products-and-genus	pending		
def-weight-density-and-character	pending		
def-weighted-graph-and-minimum-spanning-tree	pending		
def-weighted-zero-and-pole-counts-on-cycle	pending		
def-well-founded-setlike-relations	pending		
def-well-order	pending		U-P
def-well-powered-and-co-well-powered-category	pending		
def-weyl-vector-rho-for-a-chosen-positive-system	existing_finding	terra-lie-01-receipts.json	U-P
def-whitney-sum-of-vector-bundles	pending		
def-wiener-algebra-of-the-circle	pending		
def-winding-number-closed-complex-contour	pending		
def-wirtinger-derivatives	pending		
def-wirtinger-operators-in-several-complex-variables	pending		
def-wonderful-finite-family	pending		
def-word-and-language-reversal	pending		
def-word-length-with-respect-to-a-generating-set	pending		
def-word-metric	pending		
def-word-problem-for-a-fixed-finite-presentation	pending		
def-word-quotient-model-of-the-free-group	pending		
def-worst-case-time-and-space-complexity	pending		U-P
def-yoneda-embedding	pending		
def-yoneda-splice-product	pending		
def-zarankiewicz-number	pending		
def-zero-and-stalk-complex	pending		
def-zero-divisor-and-integral-domain	pending		
def-zero-sets-and-cozero-sets	pending		
def-zero-simplex-augmentation-and-reduced-singular-homology	pending		
ex-a-backward-stable-solution-of-an-ill-conditioned-system	pending		
ex-a-bilinear-form-as-a-type-zero-two-tensor	pending		
ex-a-bilinear-form-neither-symmetric-nor-alternating	pending		
ex-a-bipartite-four-tooth-comb-has-the-co-e-structural-partition	pending		
ex-a-block-with-one-ordinary-and-one-brauer-character	pending		U-P
ex-a-blockade-rainbow-copy-of-the-four-vertex-path	pending		
ex-a-bv-function-with-a-jump-is-differentiable-almost-everywhere	pending		
ex-a-canonical-truncation-triangle	pending		
ex-a-cartesian-product-computed-inside-the-double-power-set	pending		
ex-a-cauchy-sequence-in-the-additive-p-adic-metric	pending		
ex-a-ccc-nonseparable-cantor-cube	pending		
ex-a-ceiling-bound-from-the-strong-pigeonhole	pending		
ex-a-central-product-of-two-cyclic-groups-of-order-four	pending		
ex-a-chain-map-computed-on-cycles-boundaries-and-homology	pending		
ex-a-closed-unbounded-differential-operator	pending		
ex-a-closed-uncomplemented-subspace	pending		
ex-a-coleaf-is-a-leaf-in-the-complement-of-the-five-vertex-path	pending		
ex-a-compactly-supported-cutoff-of-an-incomplete-vector-field-is-complete	pending		U-P
ex-a-compactly-supported-vector-field-with-global-solutions	pending		
ex-a-complete-four-blockade-gives-a-four-vertex-clique	pending		
ex-a-constant-map-with-a-large-critical-locus-and-one-critical-value	pending		
ex-a-constant-vector-field-and-translation-solutions	pending		
ex-a-contact-form-on-three-space	pending		
ex-a-contractible-simplicial-cone	pending		
ex-a-contracting-homotopy-for-the-two-term-identity-complex	pending		
ex-a-contravariant-functor-derived-via-the-opposite-category	pending		
ex-a-convex-domain-is-a-domain-of-holomorphy	pending		
ex-a-coordinate-bump-embedding-of-the-circle-in-euclidean-space	pending		
ex-a-cotensor-computed-in-sets	pending		
ex-a-countable-disjoint-union-of-lines-is-a-smooth-manifold	pending		
ex-a-covering-quotient-of-a-simply-connected-space-need-not-be-simply-connected	pending		
ex-a-cross-edge-in-a-rooted-stable-tooth-comb-creates-an-induced-five-cycle	pending		
ex-a-cubic-image-curve-has-winding-number-three-about-the-origin	pending		
ex-a-cyclic-companion-operator	pending		
ex-a-cyclic-cubic-field-inside-the-seventh-cyclotomic-field	pending		
ex-a-cylinder-as-the-preimage-of-a-circle-under-projection	pending		
ex-a-cylinder-deformation-retracts-onto-an-end	pending		
ex-a-degreewise-split-sequence-with-nonzero-connecting-map	pending		U-P
ex-a-dehn-reduction-sequence	pending		
ex-a-delta-complex-structure-on-the-torus	pending		
ex-a-dense-nonclosed-copy-of-a-group-in-its-completion	pending		
ex-a-dense-null-g-delta-set-containing-the-rationals	pending		
ex-a-dense-open-subset-of-the-unit-interval-of-small-measure	pending		
ex-a-directed-union-of-subgroups-meeting-a-fixed-subgroup	pending		
ex-a-disjoint-union-of-small-cliques-is-a-sparse-vertex-set	pending		
ex-a-distributive-law-between-two-finite-closure-operator-monads	pending		
ex-a-dumbbell-domain-is-simply-connected-but-not-star-shaped	pending		
ex-a-family-containing-k-one-is-vacuously-viral	pending		
ex-a-family-of-vc-dimension-two-attaining-the-sauer-shelah-bound	pending		
ex-a-fibre-product-of-submersions	pending		
ex-a-finite-complex-with-euler-characteristic-zero	pending		
ex-a-finite-group-fixing-the-centre-of-a-tree	pending		
ex-a-finite-hausdorff-space-is-discrete	pending		
ex-a-finite-index-subgroup-of-a-free-abelian-group-is-quasi-isometric-to-it	pending		
ex-a-five-as-the-smallest-nonabelian-simple-group	pending		U-P
ex-a-five-conjugacy-classes-and-split-five-cycles	pending		
ex-a-flat-nonprojective-module	pending		A-R
ex-a-floating-point-dot-product-error-bound	pending		
ex-a-forbidden-pattern-and-its-complement-share-eh-status	pending		
ex-a-four-has-a-normal-klein-four-subgroup-and-four-conjugacy-classes	pending		
ex-a-four-has-four-complements-to-its-normal-klein-four-subgroup	pending		
ex-a-four-has-no-subgroup-of-order-six	pending		
ex-a-four-is-not-nilpotent	pending		
ex-a-four-petal-sunflower-with-nonempty-core	pending		
ex-a-four-tooth-comb-with-a-special-vertex-triggers-property-star	pending		
ex-a-four-tooth-comb-with-an-external-complete-vertex	pending		
ex-a-four-two-computed-three-ways	pending		
ex-a-four-vertex-graph-with-the-erdos-hajnal-property-by-substitution	pending		
ex-a-free-action-and-the-quotient-graph-basis	pending		
ex-a-full-column-rank-pseudoinverse-from-reduced-qr	pending		
ex-a-generating-pair-decomposition-of-an-extraspecial-group-of-order-thirty-two	pending		
ex-a-generator-of-f-eight-multiplicative-group	pending		
ex-a-generic-section-of-a-line-bundle-has-a-hypersurface-zero-set	pending		
ex-a-generic-sl2-block-is-semisimple	pending		U-P
ex-a-greendlinger-cell-in-a-van-kampen-diagram	pending		
ex-a-harmonic-conjugate-of-x-squared-minus-y-squared	pending		
ex-a-hermitian-simple-eigenvalue-derivative-is-a-rayleigh-quotient-direction	pending		
ex-a-jordan-block-splits-by-a-square-root-perturbation	pending		
ex-a-kan-extension-computing-a-free-functor	pending		
ex-a-kleisli-composite-computed	pending		
ex-a-krylov-chain-with-early-stabilisation-and-its-relative-minimal-polynomial	pending		
ex-a-large-almost-pure-pair-extends-an-anticomplete-blockade	pending		
ex-a-large-epsilon-restricted-induced-subgraph-gives-a-polynomial-clique-or-stable-set	pending		
ex-a-large-y-part-in-a-structural-comb-partition	pending		
ex-a-lax-monoidal-functor-that-is-not-strong	pending		
ex-a-layout-with-a-single-wrong-decided-pair	pending		
ex-a-lebesgue-measurable-function-that-is-not-borel	pending		
ex-a-linear-system-and-its-fundamental-matrix	pending		
ex-a-locally-cartesian-closed-slice-computed	pending		
ex-a-locally-integrable-function-can-fail-to-differentiate-on-a-null-set	pending		
ex-a-map-vacuously-transverse-to-a-submanifold-it-avoids	pending		
ex-a-matrix-multifusion-category-with-nonsimple-unit	pending		
ex-a-matrix-over-f-two-with-no-eigenvalues	pending		
ex-a-member-chase-verifying-monicity	pending		
ex-a-metric-space-as-an-enriched-category	pending		
ex-a-mixed-chain-collapses-to-one-quotient-block	pending		
ex-a-module-valued-coend-computed-as-a-quotient-of-a-direct-sum	pending		
ex-a-monoid-as-a-one-object-monoidal-category	pending		
ex-a-monoid-object-written-with-and-without-associators	pending		
ex-a-morse-smale-height-function-on-a-tilted-torus	pending		
ex-a-nearly-covered-sparse-pair-at-small-parameters	pending		
ex-a-negative-real-continued-fraction	pending		
ex-a-non-residually-finite-baumslag-solitar-group	pending		
ex-a-nonautonomous-equation-made-autonomous-by-adjoining-time	pending		
ex-a-noncommutative-yoneda-product	pending		
ex-a-noncompact-embedded-curve-with-no-uniform-tubular-radius	pending		U-P
ex-a-nonempty-product-built-without-choice	pending		
ex-a-nonfree-action-with-three-orbits-on-four-points	pending		
ex-a-nonreal-eigenvector-recovers-a-real-invariant-plane	pending		
ex-a-nonzero-tor-correction-in-universal-coefficients	no_candidate_found	tor-pilot.json	
ex-a-normal-basis-of-f-eight-over-f-two	pending		
ex-a-normal-basis-of-the-complex-numbers-over-the-reals	pending		
ex-a-numeric-run-of-the-lemma-three-three-exponent-choice	pending		
ex-a-numeric-run-of-the-lemma-two-nine-iteration	pending		
ex-a-one-handle-joins-components-or-adds-a-tunnel	pending		
ex-a-partition-and-the-equivalence-relation-it-induces-computed	pending		
ex-a-paused-circle-loop-is-homotopic-to-the-standard-loop	pending		
ex-a-periodic-resolution-for-a-finite-cyclic-group	pending		
ex-a-piecewise-quadratic-distribution-function-recovers-its-density	pending		
ex-a-point-and-r-are-homotopy-equivalent-not-homeomorphic	pending		U-P
ex-a-positive-measure-compact-set-can-miss-part-of-every-interval	pending		
ex-a-power-function-realises-the-duality-norm-on-unit-interval	pending		
ex-a-preadditive-category-with-two-objects-and-a-nonzero-hom-group	pending		
ex-a-preordered-set-as-a-category-enriched-in-the-two-element-lattice	pending		
ex-a-probability-convergent-sequence-with-a-prescribed-fast-as-subsequence	pending		U-P
ex-a-projective-resolution-of-a-cyclic-abelian-group	pending		
ex-a-proper-isometric-action-that-is-not-cobounded	pending		
ex-a-proper-smooth-exhaustion-of-euclidean-space	pending		U-P
ex-a-proper-smooth-exhaustion-of-the-open-unit-ball	pending		U-P
ex-a-pullback-computed-as-a-kernel-of-a-difference	pending		
ex-a-pure-blockade-with-perfect-but-not-cograph-pattern	pending		
ex-a-quartic-solved-by-its-resolvent-cubic	pending		
ex-a-quasi-isomorphism-detected-by-an-acyclic-cone	pending		
ex-a-radial-bump-on-euclidean-space	pending		A-R
ex-a-random-series-that-converges-conditionally-almost-surely	pending		U-P
ex-a-rank-deficient-matrix-has-an-affine-family-of-least-squares-minimisers	pending		
ex-a-rational-function-is-real-analytic-via-a-geometric-series	pending		
ex-a-regular-value-with-empty-fibre	pending		
ex-a-relation-on-a-three-element-set-with-its-domain-range-inverse-and-composites	pending		
ex-a-residually-finite-free-group	pending		
ex-a-ring-as-a-one-object-ab-enriched-category	pending		
ex-a-ring-viewed-as-a-one-object-preadditive-category-with-its-matrices	pending		
ex-a-ritz-pair-and-its-residual-from-a-small-arnoldi-run	pending		
ex-a-roof-representing-an-ext-one-class	pending		
ex-a-rooted-stable-tooth-comb-with-two-teeth	pending		
ex-a-schreier-coset-graph-and-its-tree-basis	pending		
ex-a-self-conjugate-partition-and-its-diagonal-hooks	pending		
ex-a-shear-makes-z-one-z-two-regular-in-z-two	pending		
ex-a-simple-function-and-its-canonical-representation	pending		
ex-a-singular-a2-central-character-summand	pending		U-P
ex-a-singular-cardinal-of-uncountable-cofinality	pending		U-P
ex-a-six-term-cohomology-sequence	pending		
ex-a-six-vertex-witness-graph-makes-the-bird-criterion-explicit	pending		U-P
ex-a-small-cancellation-hyperbolic-group	pending		U-P
ex-a-smooth-function-with-a-prescribed-closed-zero-set	pending		
ex-a-smooth-map-with-a-nonclosed-critical-value-set	pending		
ex-a-smooth-partition-on-real-space-subordinate-to-two-half-spaces	pending		
ex-a-sparse-orientation-of-four-blocks	pending		
ex-a-sparse-p-five-free-graph-with-an-anticomplete-two-blockade	pending		
ex-a-split-coequalizer-in-set	pending		
ex-a-split-exact-complex-and-its-contraction	pending		
ex-a-split-exact-complex-contracts-degree-by-degree	pending		
ex-a-split-triangularisable-but-nondiagonalisable-operator	pending		
ex-a-square-corner-has-an-explicit-barrier	pending		
ex-a-stem-extension-that-is-not-universal	pending		
ex-a-step-function-generates-a-finite-atomic-measure	pending		
ex-a-strictly-increasing-singular-function-from-a-dense-cantor-series	pending		
ex-a-subcomplex-and-its-quotient-complex	pending		
ex-a-surjective-circle-loop-of-degree-zero	pending		
ex-a-suzuki-group-family-entry	pending		
ex-a-symmetric-monoidal-category-in-which-every-object-is-self-dual	pending		
ex-a-three-block-blockade-and-its-width	pending		
ex-a-three-set-and-a-four-set-sieve-computed	pending		
ex-a-three-tooth-comb	pending		
ex-a-time-dependent-translation-field-and-its-evolution-operator	pending		
ex-a-torsion-free-small-cancellation-group	pending		A-R
ex-a-tree-is-zero-hyperbolic	pending		U-P
ex-a-trigonometric-polynomial-in-the-wiener-algebra	pending		
ex-a-two-block-pure-blockade-has-additive-kappa	pending		
ex-a-two-category-as-a-cat-enriched-category	pending		
ex-a-two-function-smooth-partition-on-the-circle	pending		
ex-a-two-point-retract-that-is-not-a-deformation-retract	pending		
ex-a-two-step-function-shows-the-l-p-norm-converging-to-the-essential-supremum	pending		
ex-a-two-term-complex-and-its-kernel-and-cokernel-homology	pending		
ex-a-u-shaped-prism-as-a-finite-gluing-of-three-boxes	pending		U-P
ex-a-uniformly-equicontinuous-family-of-lipschitz-functions	pending		
ex-a-uniformly-integrable-family-with-no-integrable-majorant	pending		
ex-a-unit-mass-spike-has-a-large-maximal-superlevel-set	pending		
ex-a-urysohn-function-on-the-real-line	pending		
ex-a-vector-field-with-finite-time-escape	pending		
ex-a-vector-line-integral-counts-multiple-traversals	pending		
ex-a-vertex-can-be-mixed-on-a-quotient-block-while-pure-on-each-member-block	pending		
ex-a-wedge-product-detects-linear-dependence	pending		
ex-a-weighted-limit-computing-a-kernel-pair	pending		
ex-a-wide-transversal-in-four-structural-comb-partitions	pending		
ex-a2-regular-dominant-verma-embedding-poset	pending		U-P
ex-a2-singular-dot-orbit-collapses	pending		U-P
ex-abel-dini-pair-for-the-harmonic-series	pending		
ex-abel-limit-along-a-nonradial-stolz-approach	pending		
ex-abel-test-applied	pending		
ex-abel-theorem-on-the-alternating-harmonic-series	pending		
ex-abelian-groups-modules-and-vector-spaces-are-additive	pending		
ex-abelian-groups-of-order-three-hundred-sixty-in-both-canonical-forms	pending		
ex-absolute-value-is-convex	pending		
ex-absolute-value-lipschitz-not-c1	pending		
ex-absolutely-convergent-rational-integral-on-the-line	pending		
ex-absolutely-convergent-rearranged-freely	pending		
ex-action-groupoid-orbits-and-stabilizers	pending		
ex-additive-and-multiplicative-groups-of-a-field	pending		
ex-additive-functors-out-of-the-matrix-category	pending		
ex-additive-group-uniformity-on-r	pending		
ex-additivity-on-a-step-function	pending		
ex-adic-completion-of-the-integers	pending		
ex-adjacency-spectrum-of-c-four	no_candidate_found	root-spectral-02-receipts.json	
ex-adjoint-of-a-three-by-two-complex-matrix	pending		
ex-adjoint-of-the-right-and-left-shifts	pending		
ex-adjunction-between-preorders-computed	pending		
ex-affine-and-harmonic-polynomial-functions	pending		
ex-affine-cone-over-conic	pending		U-P
ex-affine-dimension-formula	pending		
ex-affine-general-linear-group-is-two-transitive	pending		
ex-affine-group-modulo-eight-as-a-holomorph	pending		
ex-affine-group-of-the-real-line	pending		
ex-affine-n-space-over-arbitrary-base	pending		
ex-affine-type-agl-one-p	pending		
ex-ahlfors-proof-yields-the-explicit-bloch-bound-sqrt-three-over-four	pending		
ex-aleph-one-is-at-most-the-continuum	pending		U-P
ex-algebraic-closure-of-a-finite-field	pending		
ex-algebraic-closure-of-the-rationals-and-real-algebraic-subfield	pending		
ex-all-complex-logarithms-of-minus-one	pending		
ex-all-four-canonical-pair-colouring-types	pending		
ex-all-values-of-i-to-the-i	pending		
ex-almost-simple-type-from-an-alternating-group	pending		
ex-alternating-harmonic-power-series-at-the-boundary	pending		
ex-alternating-harmonic-rearranged-to-three-halves	pending		
ex-alternating-harmonic-series	pending		
ex-alternating-harmonic-series-sums-to-log-two	pending		
ex-amalgamating-c-two-inside-c-four-and-c-six	pending		
ex-amalgamation-along-a-whole-factor	pending		
ex-an-a2-verma-weight-space-of-dimension-two	pending		
ex-an-absolutely-convergent-non-smooth-fourier-series	pending		
ex-an-acyclic-complex-that-becomes-zero-in-d-but-not-in-k	pending		
ex-an-acyclic-resolution-that-is-not-an-injective-resolution	pending		
ex-an-adjunction-read-as-a-duality-of-endofunctors	pending		
ex-an-aleph-fixed-point	pending		U-P
ex-an-algebraic-relator-area-computation	pending		
ex-an-artin-schreier-extension-over-f-p-of-t	pending		
ex-an-ascending-hnn-extension-from-doubling-the-integers	pending		
ex-an-atomic-signed-measure-on-z-has-total-variation-three	pending		
ex-an-edge-inversion-and-its-barycentric-subdivision	pending		
ex-an-endomorphism-as-a-type-one-one-tensor	pending		
ex-an-erdos-ko-rado-star	pending		
ex-an-eventown-family-of-maximum-size	pending		
ex-an-eventually-constant-inverse-system	pending		
ex-an-exact-functor-between-module-categories	pending		
ex-an-exact-short-sequence-as-an-acyclic-three-term-complex	pending		
ex-an-explicit-comparison-homotopy	pending		
ex-an-explicit-riesz-subsequence-for-the-typewriter-sequence	pending		
ex-an-ext-dimension-shift	pending		
ex-an-h-five-overlap-class-and-its-terminal-quotient	pending		
ex-an-increasing-sequence-in-omega-one-has-a-countable-supremum	pending		U-P
ex-an-infinite-separated-subset-of-the-unit-sphere	pending		
ex-an-injective-resolution-of-an-abelian-group-beginning-with-a-divisible-envelope	pending		
ex-an-integer-that-genuinely-needs-four-squares	pending		
ex-an-integrable-pfaffian-equation-with-a-local-first-integral	pending		
ex-an-interval-endpoint-is-not-a-density-point	pending		
ex-an-invariant-flag-producing-upper-triangular-form	pending		
ex-an-octahedron-for-two-composable-maps-of-stalk-complexes	pending		
ex-an-oddtown-family-on-four-points	pending		
ex-an-ordinary-element-as-the-member-from-the-integers	pending		
ex-an-overdetermined-inconsistent-system-and-its-minimum-norm-least-squares-solution	pending		
ex-an-underdetermined-system-and-its-minimum-norm-exact-solution	pending		
ex-an-upside-down-comb-with-anticonnected-blocks-creates-a-co-p-five	pending		
ex-anagrams-by-the-multinomial-coefficient	pending		
ex-annihilator-colon-ideals-in-a-cyclic-module	pending		
ex-annihilator-of-a-coordinate-plane	pending		
ex-annihilator-of-a-coordinate-subspace	pending		
ex-arbitrarily-long-runs-of-composites	pending		
ex-arctangent-generates-a-borel-probability-measure	pending		
ex-arens-space-is-sequential-not-frechet-urysohn	pending		
ex-arnoldi-factorization-by-hand-for-a-three-step-krylov-chain	pending		
ex-arrow-category-of-set	pending		
ex-artin-induction-for-a-cyclic-group	pending		U-P
ex-artin-permutation-relation-for-a5	pending		U-P
ex-artin-rees-intersection	pending		
ex-artin-tate-finite-intermediate-algebra	pending		
ex-artinian-local-ring-henselian	pending		
ex-artinian-product-of-local-rings	pending		
ex-artinian-truncated-polynomial-ring	pending		
ex-ascoli-on-a-finite-discrete-domain	pending		
ex-associated-graded-of-a-local-ring	pending		
ex-associated-graded-polynomial-map-singular-kernel	pending		U-P
ex-auslander-buchsbaum-first-syzygy	pending		U-P
ex-automorphism-group-of-the-cyclic-group-of-order-eight	pending		
ex-babylonian-sqrt-two	pending		
ex-baer-sum-of-two-extensions-of-cyclic-groups	pending		
ex-baer-sum-of-two-factor-sets	pending		
ex-baire-reproves-r-uncountable	pending		
ex-baire-sequence-space-and-the-irrationals	pending		
ex-banach-fixed-point-for-square-roots	pending		U-P
ex-banach-limit-from-hahn-banach	pending		
ex-bartle-sherbert-bounds-for-pi	pending		
ex-base-change-real-conic-to-complex	pending		
ex-base-field-is-splitting-field-of-empty-family	pending		
ex-bases-and-dimensions-of-exterior-powers-of-r-two-r-three-and-r-four	pending		
ex-basic-open-affine-line	pending		
ex-basic-plane-subharmonic-functions	pending		
ex-basis-of-the-eventually-zero-families	pending		
ex-bass-serre-tree-of-a-baumslag-solitar-group	pending		
ex-bass-serre-tree-of-a-free-product	pending		
ex-bass-serre-tree-of-an-amalgamated-free-product	pending		
ex-baumslag-solitar-groups-as-hnn-extensions	pending		
ex-bayes-theorem-for-two-urns	pending		
ex-bernstein-polynomials-of-the-square-function	pending		U-P
ex-bertrand-chord-paradox-is-a-model-specification-problem	pending		
ex-bertrand-finite-range-verification	pending		
ex-bessel-is-strict-for-a-proper-orthonormal-set	pending		
ex-best-rational-approximations-to-pi	pending		
ex-beta-kernel-convergence-rational	pending		
ex-beta-of-the-naturals-as-an-ultrafilter-algebra	pending		
ex-beta-one-half-one-half-equals-pi	pending		
ex-betti-numbers-from-a-koszul-resolution	pending		U-P
ex-betti-numbers-residue-field-regular-ring	pending		U-P
ex-bezout-coefficients-not-unique	pending		A-P
ex-bidisc-minus-the-origin-is-not-a-domain-of-holomorphy	pending		
ex-binary-necklaces-of-length-four	pending		
ex-binary-necklaces-of-length-six-in-two-colours	pending		
ex-binary-words-as-sequences-of-two-atoms	pending		
ex-binary-words-avoiding-101	pending		
ex-binary-words-avoiding-consecutive-ones	pending		
ex-biquadratic-extension-has-four-embeddings	pending		
ex-biquadratic-galois-correspondence-lattice	pending		
ex-biquadratic-quartic-has-galois-group-v-four	pending		
ex-block-lu-factorisation-and-a-schur-complement-solve	pending		
ex-blocks-in-a-regular-cyclic-action	pending		
ex-boolean-lattice-on-four-elements	pending		
ex-borel-cantelli-eventually-no-large-deviations	pending		
ex-borel-cantelli-for-shrinking-dyadic-intervals	pending		
ex-borel-trace-on-the-cantor-set	pending		
ex-bose-construction-for-the-steiner-triple-system-on-nine-points	pending		
ex-boundaries-of-the-standard-one-and-two-simplices	pending		
ex-boundary-expansion-in-the-free-group	pending		
ex-boundary-of-a-triangle-has-first-homology-z	pending		
ex-boundary-orientation-of-the-unit-sphere-by-the-outward-normal	pending		
ex-bounded-discontinuous-derivative-that-is-riemann-integrable	pending		
ex-bounded-functions-on-n-extend-to-beta-n	pending		
ex-bounded-functions-with-sup-metric-are-complete	pending		
ex-bounded-order-graph-classes-are-erdos-hajnal	pending		
ex-bounded-remetrisation-of-r	pending		
ex-bounded-with-no-local-extremum-and-nowhere-semicontinuous	pending		U-P
ex-brauer-characters-of-a-p-group	pending		U-P
ex-brauer-induction-for-s3	pending		U-P
ex-britton-reduction-of-a-word-with-two-pins	pending		
ex-brutal-versus-canonical-truncation	pending		
ex-building-a-jordan-string-basis-for-a-nilpotent-operator	pending		
ex-c-four-shows-divisibility-of-irreducible-degrees-by-the-group-order-is-not-an-equivalence	pending		U-P
ex-c-mod-constants-and-oscillation-norm	pending		
ex-c-of-a-compact-space-is-banach	pending		
ex-c-two-free-product-c-three-is-infinite	pending		
ex-c0-is-a-banach-space	pending		U-P
ex-canonical-choice-on-naturals	pending		
ex-canonical-coordinates-for-a-hyperbolic-equation	pending		
ex-canonical-double-dual-map-for-polynomial-space-is-not-surjective	pending		
ex-canonical-embedding-of-r-n-into-c-n	pending		
ex-canonical-map-from-free-product-to-direct-product	pending		
ex-canonical-product-for-zeros-at-the-squares	pending		
ex-canonical-random-walk-from-product-increments	pending		U-P
ex-canonical-split-sequence-of-a-direct-sum	pending		
ex-cantor-critical-measure-computed	pending		
ex-cantor-function-as-riemann-stieltjes-integrator	pending		
ex-cantor-function-bv-not-absolutely-continuous	pending		
ex-cantor-function-graph-is-rectifiable-without-being-absolutely-continuous	pending		
ex-cantor-function-has-zero-derivative-almost-everywhere-is-not-differentiable-on-the-cantor-set-and-rises-by-one	pending		
ex-cantor-function-is-borel-measurable	pending		
ex-cantor-function-maps-a-null-set-onto-the-unit-interval	pending		
ex-cantor-function-values	pending		
ex-cantor-measure-is-concentrated-on-the-cantor-set	pending		
ex-cantor-measure-minus-lebesgue-on-zero-one-is-already-in-jordan-form	pending		
ex-cantor-normal-form-computed	pending		
ex-cantor-set-as-a-product	pending		
ex-cantor-set-in-ternary	pending		
ex-cantor-set-is-perfect-and-totally-disconnected	pending		
ex-cantor-set-measure-from-the-removed-intervals	pending		
ex-cantor-slab-has-content-zero	pending		U-P
ex-cardano-from-the-lagrange-resolvent	pending		
ex-cardinal-absorption-computed	pending		U-P
ex-cardinal-functions-of-a-one-point-compactification	pending		
ex-cardinal-functions-of-an-uncountable-discrete-space	pending		
ex-cardinal-functions-of-the-lower-limit-line	pending		U-P
ex-cardinal-functions-of-the-real-line	pending		
ex-carmichael-function-of-five-hundred-sixty-one	pending		
ex-carmichael-function-of-one-thousand-seven-hundred-twenty-nine	pending		
ex-cartan-matrix-from-d-transpose-d	pending		U-P
ex-cartans-formula-for-a-coordinate-vector-field	pending		
ex-catalan-numbers-to-six-computed-two-ways	pending		
ex-catastrophic-cancellation-and-a-stable-reformulation	pending		
ex-cauchy-complete-not-complete-field	pending		
ex-cauchy-davenport-in-the-integers-modulo-seven	pending		
ex-cauchy-estimates-computed-on-a-bidisc	pending		
ex-cauchy-integral-formula-computed-on-a-bidisc	pending		
ex-cauchy-integral-formula-cosine-third-order-pole	pending		
ex-cauchy-integral-formula-exponential-over-z-minus-one	pending		
ex-cauchy-kovalevskaya-normal-form	pending		
ex-cauchy-product-of-geometric-series	pending		
ex-cauchy-sequences-as-a-commutative-ring	pending		
ex-cavalieri-computes-the-area-of-the-unit-disc	pending		
ex-cavalieri-shear-preserves-jordan-content	pending		
ex-cayley-hamilton-reduces-powers-of-a-two-by-two-matrix	pending		
ex-cayley-transform-biholomorphism-upper-half-plane-to-disc	pending		
ex-cb-of-a-space-is-banach	pending		
ex-ceiling-and-floor-are-adjoint-to-the-inclusion-of-the-integers	pending		
ex-cellular-boundary-matrix-of-a-closed-orientable-surface	pending		U-P
ex-cellular-homology-and-ring-independent-groups-of-complex-projective-space	pending		U-P
ex-cellular-homology-of-a-lens-space	pending		U-P
ex-cellular-homology-of-an-infinite-dimensional-projective-space	pending		U-P
ex-cellular-homology-of-real-projective-space	pending		U-P
ex-center-and-commutator-subgroup-of-an-abelian-group	pending		
ex-central-extensions-of-a-cyclic-group	pending		
ex-cesaro-means-of-alternating	pending		
ex-cfl-closure-under-union-concatenation-star-and-homomorphism	pending		U-P
ex-chain-rule-computed	pending		
ex-change-of-base-along-the-underlying-set-functor	pending		
ex-change-of-basepoint-isomorphism-for-fundamental-groups	pending		
ex-change-of-variables-on-the-oriented-circle	pending		
ex-change-of-variables-through-an-increasing-absolutely-continuous-map-with-a-positive-measure-flat-set	pending		U-P
ex-changing-a-section-by-a-one-cochain	pending		
ex-characteristic-functions-of-open-and-closed-sets-are-semicontinuous	pending		U-P
ex-characteristic-polynomial-and-eigenspaces-of-a-two-by-two-matrix	pending		
ex-chebyshev-binomial-coefficient-estimate	pending		
ex-chebyshev-inequality-is-sharp	pending		
ex-chinese-remainder-map-modulo-twelve	pending		
ex-chinese-remainder-system-worked	pending		
ex-choice-free-discontinuous-functional-on-c00	pending		
ex-cholesky-factorisation-and-solve	pending		
ex-choosing-x-for-the-classical-erdos-hajnal-bound	pending		U-P
ex-choosing-x-for-the-loglog-erdos-hajnal-bound	pending		U-P
ex-chordal-distance-formula-from-complex-coordinates	pending		
ex-chromatic-number-of-a-complete-graph	pending		
ex-circle-as-r-mod-z	pending		U-P
ex-circle-covering-towers-follow-divisibility	pending		
ex-circle-integral-of-one-over-z-minus-a	pending		
ex-circuit-value-is-p-complete	pending		U-P
ex-clairaut-complete-integral-and-envelope	pending		
ex-class-equation-of-s-three	pending		
ex-class-equation-of-the-dihedral-group-of-order-eight	pending		
ex-classical-stokes-on-an-oriented-graph-surface	pending		
ex-classification-of-laplace-heat-and-wave-equations	pending		
ex-classification-of-z-plus-one-two-z-and-one-over-z	pending		
ex-clifford-boundaries-n-equals-one-and-n-equals-g	pending		U-P
ex-clifford-theory-for-s3-over-a3	pending		U-P
ex-clique-is-np-complete	pending		U-P
ex-closed-cube-is-totally-bounded	pending		
ex-closed-cylinder-as-a-finitely-patched-oriented-surface	pending		
ex-closed-interval-is-perfect	pending		
ex-closed-rays-form-a-borel-generating-pi-system	pending		
ex-closed-subscheme-double-origin-point	pending		U-P
ex-closed-subsets-of-the-line-as-zero-sets-and-g-delta-sets	pending		
ex-closed-subspaces-of-normal-spaces	pending		
ex-closed-unit-interval-has-one-compatible-uniformity	pending		
ex-closed-walks-in-the-complete-graph	pending		
ex-closure-interior-boundary-of-q	pending		
ex-club-tails-limits-and-diagonal	pending		
ex-cluster-graphs-are-p-three-free	pending		
ex-clustered-eigenvalues-give-a-better-cg-bound-than-spread-eigenvalues	pending		
ex-co-bird-e-free-comb-singleton-partition	pending		
ex-co-bird-e-neighbourhood-case-table	pending		
ex-co-bird-edge-plus-isolate-adjacency-witness	pending		
ex-co-bird-path-plus-isolate-adjacency-witness	pending		
ex-cocountable-closure-detected-by-a-net-not-a-sequence	pending		
ex-cocountable-topology-on-r	pending		U-P
ex-coefficient-field-noncanonical-choice	pending		
ex-cofinite-topology	pending		U-P
ex-cohen-macaulay-associated-primes-unmixed	pending		U-P
ex-cohen-macaulay-ring-with-zero-divisors	pending		U-P
ex-cohen-presentation-singular-hypersurface	pending		
ex-cohomological-dimension-of-the-trivial-group-and-of-an-infinite-cyclic-group	pending		
ex-cohomology-of-a-finite-cyclic-group-from-the-periodic-resolution	pending		
ex-colimit-of-an-increasing-chain-of-sets	pending		
ex-collapse-of-a-nontransitive-well-founded-relation	pending		
ex-collinear-triangle-has-zero-content	pending		
ex-columnwise-additivity-versus-whole-matrix-nonadditivity	pending		
ex-commutative-monoid-objects-in-sets-are-ordinary-commutative-monoids	pending		
ex-commuting-coordinate-fields-and-their-commuting-flows	pending		
ex-compact-affine-interpolation-family	pending		
ex-compact-families-of-constant-maps	pending		
ex-compactness-in-the-standard-topologies	pending		U-P
ex-comparison-maps-between-two-resolutions-of-a-cyclic-group	pending		
ex-compatible-p-adic-digit-sequences	pending		
ex-complementary-forbidden-bases	pending		
ex-complements-of-a-maximal-cyclic-subgroup-need-not-be-unique	pending		
ex-complete-and-complete-bipartite-graphs-k5-and-k33	pending		
ex-complete-and-empty-hereditary-classes-have-constant-one	pending		
ex-complete-and-empty-pairs-are-zero-regular	pending		
ex-complete-discrete-valuation-ring-henselian	pending		
ex-complete-graphs-as-a-hereditary-class	pending		
ex-complete-homogeneous-symmetric-polynomials-in-two-variables	pending		
ex-complete-reciprocity-table-for-small-odd-primes	pending		
ex-completion-depth-computation	pending		U-P
ex-completion-not-exact-without-finiteness	pending		
ex-completion-of-a-domain-not-a-domain	pending		
ex-completion-of-borel-dirac-measure	pending		
ex-completion-of-q-is-r	pending		
ex-completion-regularity-invariance	pending		U-P
ex-complex-differentiable-on-the-coordinate-axes-but-holomorphic-nowhere	pending		
ex-complex-exponential-cauchy-riemann-in-cartesian-and-polar-form	pending		
ex-complex-geometric-power-series	pending		
ex-complex-jacobian-of-a-quadratic-map-of-the-bidisc	pending		
ex-complex-sine-is-unbounded-on-the-imaginary-axis	pending		
ex-complex-symmetric-nilpotent-matrix	pending		U-P
ex-complex-tensor-square-over-the-reals	pending		
ex-complexification-of-a-real-polynomial-space	pending		
ex-components-distance-and-girth-in-a-disconnected-graph	pending		
ex-componentwise-convergence-and-a-vector-valued-integral-computed	pending		
ex-componentwise-holomorphy-of-an-explicit-map-into-complex-three-space	pending		
ex-composition-and-derived-series-of-s-four	pending		
ex-composition-and-derived-series-of-s-three	pending		
ex-compositions-of-four-from-sequences	pending		
ex-computing-a-minimal-polynomial-from-annihilating-polynomials	pending		
ex-condensation-applied	pending		
ex-condensation-of-singularities	pending		
ex-conditionally-convergent-step-function-integral	pending		
ex-congruence-diagonalization-and-inertia-of-a-real-quadratic-form	pending		
ex-conjugacy-in-a-free-group-by-cyclic-reduction	pending		
ex-conjugate-gradients-can-terminate-at-a-relative-grade-smaller-than-the-dimension	pending		
ex-conjugate-gradients-on-a-two-by-two-hermitian-positive-definite-system	pending		
ex-conjugate-subgroups-and-normalizers-in-s-three	pending		
ex-conjugating-permutations-by-relabeling	pending		
ex-conjugation-in-symmetric-group-three	pending		
ex-conjugation-of-the-partitions-of-six	pending		
ex-connectedness-of-the-standard-topologies	pending		
ex-constant-vector-fields-and-translation-flows	pending		
ex-constant-velocity-transport	pending		
ex-constraint-cloud-rounding-and-loop-counts	pending		U-P
ex-constructing-a-potential-on-an-open-rectangle	pending		
ex-continued-fraction-and-extended-euclid	pending		
ex-continued-fraction-of-square-root-fourteen	pending		
ex-continued-fraction-of-square-root-two	pending		
ex-continuous-argument-along-a-spiralling-contour	pending		
ex-continuous-functions-on-the-unit-interval-with-the-sup-metric	pending		
ex-continuous-inverse-gives-the-nth-root	pending		
ex-contour-integral-of-conjugation-depends-on-the-path	pending		
ex-contractive-sequence-fixed-point	pending		
ex-convergence-of-partial-p-adic-expansions	pending		
ex-convergent-positive-continuous-unbounded-integrand	pending		
ex-convergent-sequence-with-its-limit-is-compact	pending		
ex-convex-subsets-of-rn-are-path-connected	pending		
ex-cook-levin-can-be-made-parsimonious	pending		U-P
ex-coordinate-formula-for-a-nonzero-lie-bracket	pending		
ex-coordinate-functionals-on-classical-sequence-spaces	pending		
ex-coordinate-inclusions-and-projections-as-immersion-and-submersion	pending		
ex-coordinate-plane-distribution-and-its-affine-leaves	pending		
ex-coordinate-projections-and-inclusions-on-product-banach-spaces	pending		
ex-coordinate-reading-sequence-has-subnets-but-no-convergent-subsequence	pending		
ex-coordinates-depend-on-the-ordered-basis	pending		
ex-copowers-and-powers-in-set	pending		
ex-cosets-of-nz-in-z	pending		
ex-cosets-of-q-in-r-and-the-vitali-translates-on-unit-interval	pending		
ex-cotangent-expansion-computes-sum-of-one-over-n-squared-plus-a-squared	pending		
ex-countability-profile-of-omega-one	pending		
ex-countability-profile-of-the-lower-limit-plane	pending		U-P
ex-countable-choice-spent-on-enumerations	pending		
ex-countable-cocountable-sigma-algebra	pending		
ex-countable-cocountable-zero-infinity-measure	pending		
ex-countable-dense-set-has-zero-hausdorff-dimension	pending		
ex-countable-probability-space-with-geometric-weights	pending		
ex-counting-committees	pending		
ex-counting-functional-on-a-discrete-lch-space	pending		
ex-counting-functions-and-subsets-of-the-continuum	pending		U-P
ex-counting-induced-three-vertex-paths-by-extensions	pending		
ex-counting-measure-and-sigma-finiteness	pending		
ex-counting-measure-integral-is-a-series	pending		
ex-counting-outer-measure	pending		
ex-counting-outer-measure-is-metric-on-the-real-line	pending		
ex-counting-premeasure-on-the-finite-cofinite-algebra	pending		
ex-courant-fischer-on-a-three-by-three-symmetric-matrix	pending		
ex-cousins-lemma-gives-heine-borel-on-an-interval	pending		
ex-cover-small-chains-for-the-two-arc-cover-of-a-circle	pending		
ex-covering-the-cube-minus-the-origin-with-n-hyperplanes	pending		
ex-cramers-rule-two-by-two-system	pending		
ex-critical-points-and-values-of-a-height-function-on-a-sphere	pending		
ex-crossed-homomorphisms-from-a-cyclic-group-are-determined-by-a-generator	pending		
ex-cube-face-colourings-under-rotations	pending		
ex-cube-root-extension-has-three-embeddings-and-one-automorphism	pending		
ex-cubic-has-an-inflection-point-at-zero	pending		
ex-cubic-polynomial-large-circle-loop-has-degree-three	pending		
ex-cubic-x-cubed-minus-three-x-plus-one-has-galois-group-a-three	pending		
ex-cubic-x-cubed-minus-two-has-galois-group-s-three	pending		
ex-curl-and-divergence-encoded-by-the-exterior-derivative	pending		
ex-currying-for-sets-of-three-variables	pending		
ex-cusp-local-ring-not-regular	pending		U-P
ex-cycle-index-of-c-four	pending		
ex-cycle-index-of-d-four	pending		
ex-cycle-index-of-s-three	pending		
ex-cyclic-amalgamation-with-relation-xm-equals-yn	pending		
ex-cyclic-fixed-point-detection-for-s3	pending		U-P
ex-cyclic-simple-groups-of-prime-order	pending		
ex-cyclotomic-different-preview	pending		
ex-cyclotomic-quartic-has-galois-group-c-four	pending		
ex-cylinder-and-cone-volume-computations	pending		
ex-cylinder-and-mobius-band-as-quotients	pending		U-P
ex-cylindrical-coordinate-jacobian	pending		
ex-d-four-galois-correspondence-for-x-four-minus-two	pending		
ex-decimal-expansion-nonuniqueness	pending		
ex-deck-groups-of-connected-circle-coverings	pending		
ex-decomposing-the-square-of-the-two-dimensional-s-three-character	pending		U-P
ex-decomposition-groups-in-a-tower	pending		A-P
ex-decomposition-inertia-in-a-quadratic-field	pending		U-P
ex-decomposition-matrix-of-s-three-in-characteristic-two	pending		U-P
ex-dedekind-kummer-in-a-cubic-field	pending		
ex-dedekind-localisation-is-dvr	pending		
ex-degree-of-a-coordinate-reflection-on-a-sphere	pending		U-P
ex-degree-of-q-cube-root-two	pending		
ex-degree-of-q-sqrt-two	pending		
ex-degree-of-the-antipodal-map-in-low-dimensions	pending		U-P
ex-degree-of-the-circle-power-map	pending		U-P
ex-degree-order-is-representative-independent	pending		U-P
ex-degree-zero-invariants-and-coinvariants	pending		
ex-deletion-contraction-and-a-minor-model	pending		
ex-delta-one-minus-delta-minus-one-has-the-obvious-hahn-and-jordan-decomposition	pending		
ex-delta-zero-plus-lebesgue-on-zero-one-splits-into-discrete-and-absolutely-continuous-parts	pending		
ex-dense-jump-integrand-with-dense-nondifferentiability	pending		
ex-density-computed-for-a-presheaf-on-a-two-object-category	pending		
ex-dependent-choice-partial-tuples	pending		
ex-depressed-cubic-discriminant	pending		
ex-depth-infinity-zero-module-convention	pending		
ex-depth-lemma-three-inequalities	pending		U-P
ex-depth-of-a-hypersurface	pending		U-P
ex-depth-of-a-union-of-planes	pending		U-P
ex-derivative-of-the-nth-root-by-the-inverse-rule	pending		U-P
ex-derivatives-of-polynomials-computed	pending		
ex-derived-hom-of-cyclic-abelian-groups	pending		
ex-derived-tensor-of-two-cyclic-abelian-groups	pending		
ex-determinant-as-the-pairing-of-top-exterior-powers	pending		
ex-determinant-differential-at-an-invertible-and-a-singular-matrix	pending		
ex-determinant-in-two-ordered-bases	pending		
ex-determinant-is-a-natural-transformation	pending		
ex-diagonal-extraction-on-a-disc-for-montels-theorem	pending		
ex-diagonal-pseudoinverse-and-the-two-orthogonal-projections	pending		
ex-diagonal-ramsey-lower-bound-by-the-union-bound	pending		
ex-diagonal-self-application-machine	pending		U-P
ex-diagonal-spd-preconditioning-improves-the-preconditioned-condition-number	pending		
ex-differentiable-function-with-discontinuous-derivative	pending		U-P
ex-differentiating-the-laplace-sine-integral-under-the-integral-sign	pending		
ex-differentiation-on-polynomials-is-unbounded-in-the-supremum-norm	pending		
ex-dihedral-actions-of-prime-and-composite-degree	pending		
ex-dihedral-group-of-order-six-is-s-three	pending		
ex-dimensions-coordinate-cross-components	pending		U-P
ex-dini-on-the-unit-interval	pending		U-P
ex-dirac-integral-is-evaluation-at-a-point	pending		
ex-dirac-measure	pending		
ex-direct-cancellation-in-the-boundary-squared-of-a-two-simplex	pending		
ex-direct-image-open-immersion	pending		U-P
ex-directed-three-cycle-tournament	pending		
ex-dirichlet-character-orthogonality-table	pending		A-P
ex-dirichlet-characters-modulo-eight-and-twelve	pending		
ex-dirichlet-characters-modulo-three-four-and-five	pending		U-P
ex-dirichlet-convolution-table-through-twelve	pending		
ex-dirichlet-density-of-primes-in-a-small-progression	pending		U-P
ex-dirichlet-function-is-borel-and-nowhere-continuous	pending		
ex-dirichlet-function-is-henstock-kurzweil-integrable	pending		U-P
ex-dirichlet-hyperbola-lattice-decomposition	pending		
ex-dirichlet-inverse-recursion	pending		
ex-dirichlet-kernel-at-zero-and-away-from-zero	pending		
ex-dirichlet-series-abscissa-boundaries	pending		
ex-dirichlet-test-with-period-three-signs	pending		
ex-disc-automorphism-swapping-two-points	pending		
ex-discrete-and-indiscrete-topologies	pending		
ex-discrete-continuous-and-mixed-distribution-functions	pending		U-P
ex-discrete-metric	pending		
ex-discrete-metric-compact-iff-finite	pending		
ex-distance-function-lattice-is-dense-on-a-compact-metric-space	pending		
ex-distance-functions-form-a-compact-family-in-c01	pending		U-P
ex-distance-to-a-set-is-attained-on-a-compact-set	pending		
ex-distance-to-a-subspace-via-annihilating-functionals	pending		U-P
ex-distance-to-the-integers	pending		
ex-distance-to-the-integers-is-1-lipschitz	pending		
ex-distinct-and-odd-partitions-of-seven	pending		
ex-distinct-basepoint-change-isomorphisms-on-two-circle-wedge	pending		
ex-distinct-conjugations-on-c-two-give-distinct-fixed-real-forms	pending		
ex-distinguished-open-finite-subcover-from-unit-expression	pending		
ex-distinguished-subset-and-localisation-primes	pending		
ex-distributional-harmonicity-removes-an-apparent-corner	pending		U-P
ex-divergence-theorem-on-a-euclidean-ball	pending		
ex-divisor-counting-and-sum-prime-power-formulas	pending		
ex-divisor-function-from-zeta-square	pending		
ex-divisor-lattice-of-sixty	pending		
ex-divisor-of-a-fractional-ideal	pending		
ex-divisor-summatory-error-table	pending		
ex-dixon-gluing-traced-on-an-annulus-cycle	pending		
ex-dot-conjugate-weights-have-the-same-central-character	pending		U-P
ex-double-array-with-unequal-iterated-sums	pending		
ex-doubled-origin-nonseparated-scheme	pending		
ex-doubling-integers-has-nonunit-determinant	pending		
ex-downward-flux-on-the-graph-z-equals-xy	pending		
ex-dual-basis-and-transpose-on-f-three	pending		
ex-dual-numbers-not-regular	pending		
ex-dual-numbers-one-point-nonreduced	pending		U-P
ex-dual-of-a-finite-dimensional-space	pending		
ex-durfee-square-decomposition-of-five-three-three-two-one	pending		
ex-dvr-length-computation	pending		
ex-dvrs-as-regular-local-rings	pending		U-P
ex-dyadic-probability-measure-on-naturals	pending		
ex-dyadic-simple-approximations-to-x-squared-on-zero-two	pending		
ex-e-to-z-minus-three-z-has-one-zero-in-the-unit-disc	pending		
ex-edge-set-orbits-on-four-vertices-by-polya	pending		
ex-edgeless-graphs-as-a-hereditary-class	pending		
ex-effective-dimension-is-liminf-prefix-complexity-rate	pending		U-P
ex-egorov-for-the-powers-x-to-the-k-on-the-unit-interval	pending		
ex-eikonal-cones-are-not-classical-at-the-vertex	pending		
ex-eisenstein-applied-to-the-translate-of-the-seventh-cyclotomic-polynomial	pending		
ex-eisenstein-proves-a-family-irreducible	pending		
ex-eisenstein-total-ramification	pending		
ex-elementary-and-hyperelementary-small-groups	pending		
ex-elementary-factorisation-of-an-invertible-matrix	pending		
ex-elements-of-the-alternating-group-a-four	pending		
ex-elimination-of-useless-symbols	pending		U-P
ex-ell-infinity-is-a-banach-space	pending		
ex-ellipsoid-as-a-regular-level-set	pending		
ex-elliptic-and-hyperbolic-automorphisms	pending		
ex-embedded-component-varies-but-radical-does-not	pending		
ex-embedding-dimension-versus-dimension-node	pending		
ex-empty-and-unit-koszul-boundaries	pending		
ex-empty-diagrams-select-terminal-and-initial-objects	pending		
ex-empty-fibre-tensor-zero-ring	pending		
ex-empty-space-unique-sheaf-sections	pending		
ex-endofunctor-composition-as-a-strict-tensor	pending		
ex-energy-of-trivial-and-discrete-partitions	pending		
ex-equalizer-of-group-homomorphisms	pending		
ex-equalizers-and-coequalizers-in-set	pending		
ex-equivalent-adic-filtrations	pending		
ex-euclidean-algorithm-on-consecutive-fibonacci-numbers	pending		
ex-euclidean-algorithm-worked	pending		
ex-euclidean-closed-ball-and-sphere-through-the-compactness-chart	pending		
ex-euclidean-norm-and-squared-norm-are-convex	pending		U-P
ex-euclidean-spaces-and-open-subsets-as-smooth-manifolds	pending		
ex-euler-characteristic-of-a-tensor-product-complex	pending		
ex-euler-criterion-with-a-large-prime	pending		
ex-euler-formula-on-a-tree-cycle-and-k-four	pending		U-P
ex-euler-poincare-for-a-finite-complex	pending		
ex-euler-product-numerically-approximates-zeta-at-two	pending		
ex-euler-totient-as-a-mobius-convolution	pending		
ex-euler-totient-dirichlet-series	pending		
ex-euler-totient-product-formula-worked	pending		
ex-euler-totient-recovered-by-mobius-inversion	pending		
ex-evaluation-functional-on-c-of-k	pending		
ex-evaluation-functionals-and-point-masses	pending		
ex-even-and-odd-character-theta-kernels	pending		
ex-every-closed-subset-of-the-line-is-a-zero-set	pending		U-P
ex-every-convex-plane-domain-is-simply-connected	pending		
ex-every-divisor-is-a-subgroup-order-in-a-cyclic-group	pending		
ex-every-star-shaped-plane-domain-is-simply-connected	pending		
ex-exact-top-form-with-nonzero-integral-on-a-manifold-with-boundary	pending		
ex-exact-trigonometric-values-at-eighteen-thirty-six-and-seventy-two-degrees	pending		
ex-existence-and-uniqueness-of-multilinear-extension	pending		
ex-exp-one-over-z-shows-great-picard-is-sharp	pending		
ex-expander-mixing-lemma	pending		U-P
ex-expander-walk-hits-dense-bad-sets	pending		U-P
ex-expectation-under-a-measurable-transformation	pending		
ex-explicit-equivalence-constants-for-standard-norms-on-kn	pending		
ex-exponential-contour-integral-by-riemann-sum-and-parametrization	pending		
ex-exponential-integral-by-monotone-truncation	pending		
ex-exponential-over-z-unit-circle-integral-by-series	pending		
ex-exponential-product-limit-at-negative-input	pending		
ex-exponential-random-variable-from-its-tail	pending		U-P
ex-ext-from-a-two-term-projective-resolution	pending		
ex-ext-of-a-cyclic-abelian-group-by-an-abelian-group	pending		
ex-ext-one-as-a-derived-category-morphism	pending		
ex-ext-one-of-z-mod-n-by-an-abelian-group-as-extension-classes	pending		
ex-ext-zero-as-hom-in-both-constructions	pending		
ex-extended-dfa-transition-respects-concatenation	pending		
ex-extending-a-degree-zero-natural-transformation	pending		
ex-extending-a-published-prefix-automaton-to-a-factor-avoidance-dfa	pending		
ex-extension-by-empty-outside-open	pending		
ex-extension-of-scalars-of-coordinate-modules	pending		
ex-exterior-derivatives-of-coordinate-one-forms	pending		
ex-exterior-powers-of-a-diagonal-operator	pending		
ex-f-eight-as-a-polynomial-quotient	pending		
ex-f-four-as-a-polynomial-quotient	pending		
ex-f-n-and-its-coordinate-subspaces	pending		
ex-f-nine-as-a-polynomial-quotient	pending		
ex-f-sigma-and-g-delta-sets-are-borel	pending		
ex-faithfully-flat-principal-open-cover	pending		
ex-family-hyperbolas-degenerate-fibre	pending		U-P
ex-fat-cantor-hausdorff-measure-and-dimension	pending		
ex-fat-cantor-measure-computed	pending		
ex-fejer-means-of-a-single-character	pending		
ex-fejer-summation-of-the-square-wave	pending		
ex-fibonacci-companion-matrix	pending		
ex-fibonacci-generating-function-and-binet-formula	pending		
ex-fibonacci-monomer-domino-tilings-by-transfer-matrix	pending		
ex-fibre-closed-immersion	pending		
ex-fibre-dimension-jump	pending		U-P
ex-fibre-family-xy-equals-t	pending		
ex-fibres-hyperbola-projection	pending		U-P
ex-field-is-artinian	pending		
ex-field-ordered-in-two-ways	pending		
ex-fields-as-regular-local-rings	pending		
ex-fifth-roots-of-unity	pending		
ex-finding-pieces-and-checking-c-prime-one-sixth	pending		
ex-finite-and-locally-finite-amenable-groups	pending		
ex-finite-bad-place-test-for-a-ternary-form	pending		
ex-finite-character-partial-choice-graphs	pending		
ex-finite-choice-by-induction	pending		
ex-finite-counting-measure-on-n-points-recovers-rn-p-norms	pending		
ex-finite-dimensional-algebra-over-a-field-is-noetherian	pending		
ex-finite-dimensional-sl2-quotient-of-a-verma-module	pending		U-P
ex-finite-dimensional-vector-spaces-form-a-fusion-category	pending		
ex-finite-euler-factors-under-character-induction	pending		
ex-finite-flat-module-over-a-local-ring	pending		
ex-finite-jensen-gives-the-mean-square-inequality	pending		
ex-finite-maximum-of-affine-functions-and-its-subdifferential	pending		
ex-finite-partition-of-unity-on-a-compact-space	no_candidate_found	root-partitions-examples-01-receipts.json	
ex-finite-partition-sigma-algebra	pending		
ex-finite-regular-local-base-cohen-macaulay-freeness	pending		U-P
ex-finite-sequences-c00-with-standard-norms	pending		
ex-finite-set-system-sdr	pending		
ex-finite-space-function-algebras-interpolate-exactly	pending		
ex-finite-step-integrator-weighted-jump-sum	pending		U-P
ex-finite-subset-net-for-unordered-real-summation	pending		U-P
ex-first-and-second-mertens-numerics	pending		
ex-first-barycentric-subdivision-of-a-triangle	pending		
ex-first-chebyshev-polynomials	pending		
ex-first-cohomology-of-c-two-with-trivial-action-on-c-three-is-zero	pending		
ex-first-hierarchy-stages-and-ranks	pending		
ex-first-isomorphism-theorem-for-a-coordinate-map	pending		
ex-fitting-and-frattini-subgroups-of-s-three	pending		
ex-five-colouring-by-a-kempe-swap	pending		U-P
ex-five-cycle-k-two-two-free	pending		
ex-fixed-point-congruence-for-an-action-of-z-two	pending		
ex-fixed-point-from-the-ivt	pending		
ex-flat-exponential-function	pending		U-P
ex-flat-idempotent-quotient	pending		
ex-flux-of-the-inverse-square-field-through-a-sphere-centred-at-the-origin	pending		U-P
ex-flux-of-the-inverse-square-field-through-a-sphere-not-enclosing-the-origin	pending		U-P
ex-foata-transformation-on-three-one-four-two	pending		
ex-folner-boxes-in-zn	pending		
ex-folner-intervals-in-the-integers	pending		
ex-formal-derivative-detects-a-repeated-root-in-characteristic-two	pending		
ex-formal-geometric-series	pending		
ex-formal-power-series-ring-regular	pending		U-P
ex-formal-series-over-zmod-four	pending		
ex-formal-square-root-one-minus-four-x	pending		
ex-forward-shift-injective-not-surjective	pending		
ex-four-by-four-determinant-by-cofactors-and-row-reduction	pending		
ex-four-square-congruence-for-an-odd-prime	pending		
ex-four-square-descent-for-thirteen	pending		
ex-four-square-product-identity-by-expansion	pending		
ex-four-square-representation-from-prime-factorisation	pending		
ex-four-square-representations-of-sixty-five	pending		
ex-four-square-roots-modulo-a-power-of-two	pending		
ex-fourier-partial-sum-operators-and-uniform-boundedness	pending		
ex-fourier-partial-sums-of-the-sawtooth	pending		
ex-fp-t-over-fp-tp-is-purely-inseparable-of-degree-p	pending		
ex-fraction-field-flat-not-projective	pending		
ex-fraction-field-of-the-integers-is-the-rationals	pending		
ex-fractional-ideal-in-the-integers	pending		
ex-frattini-quotient-of-zp	pending		
ex-frattini-subgroup-of-a-cyclic-p-group	pending		
ex-frattini-subgroup-of-an-elementary-abelian-p-group	pending		
ex-frattini-subgroups-of-dihedral-and-quaternion-groups	pending		
ex-frechet-filter	pending		
ex-free-group-and-free-module-functors	pending		
ex-free-group-on-one-generator	pending		
ex-free-group-on-the-empty-set	pending		
ex-free-group-on-two-generators-is-not-abelian	pending		
ex-free-group-universal-property-as-a-representation	pending		
ex-free-groups-acting-geometrically-on-regular-trees	pending		
ex-free-groups-and-their-cantor-boundaries	pending		U-P
ex-free-monoid-universal-property-as-a-representation	pending		
ex-free-ultrafilter-converging-in-a-convergent-sequence-space	pending		
ex-free-ultrafilter-on-naturals	pending		
ex-frobenius-in-a-small-cyclotomic-field	pending		U-P
ex-frobenius-inner-product-on-matrix-space	pending		
ex-frobenius-on-f-four	pending		
ex-frobenius-reciprocity-for-group-representations	pending		
ex-frobenius-reciprocity-for-the-two-preceding-s-three-inductions	pending		U-P
ex-froda-is-sharp	pending		
ex-from-psi-to-the-logarithmic-integral	pending		
ex-frullani-rational-kernel	pending		
ex-fubini-computes-the-integral-of-x-exp-xy	pending		
ex-fubini-verified-on-a-two-object-index	pending		
ex-function-sets-as-exponential-representing-objects	pending		
ex-functions-injections-and-subsets-of-a-small-set	pending		
ex-functions-of-disjoint-independent-coordinate-blocks	pending		U-P
ex-functor-points-affine-line	pending		
ex-fundamental-cycle-and-cut	pending		
ex-fundamental-group-of-the-punctured-plane	pending		U-P
ex-fundamental-group-of-the-unit-interval	pending		
ex-fundamental-groupoid	pending		
ex-fundamental-groups-of-once-and-twice-punctured-two-sphere	pending		U-P
ex-fusion-rules-for-a-supplied-finite-simple-family	pending		
ex-gabriels-horn-has-finite-volume	pending		
ex-gabriels-horn-has-unbounded-truncated-lateral-area	pending		
ex-gallagher-correspondence-for-a-direct-product	pending		U-P
ex-galois-conjugate-characters-of-c3	pending		U-P
ex-gamma-and-its-complement-computed-for-a-plane-series	pending		U-P
ex-gamma-values-at-half-integers-and-negative-half-integers	pending		
ex-gauges-of-norm-balls-and-ellipsoids	pending		
ex-gauss-lemma-for-three-modulo-eleven	pending		
ex-gauss-reduction-of-a-three-variable-symmetric-polynomial	pending		
ex-gauss-sum-for-chi-four	pending		U-P
ex-gaussian-and-eisenstein-frobenius	pending		A-P
ex-gaussian-and-eisenstein-integer-bases	pending		
ex-gcd-and-lcm-as-subgroups-of-z	pending		
ex-gcd-with-zero	pending		
ex-generalized-dihedral-group-of-the-klein-four-group	pending		
ex-generalized-pell-bounded-representatives	pending		
ex-generalized-pell-orbits-for-six	pending		
ex-generator-change-koszul-isomorphism	pending		
ex-generator-rank-of-upper-unitriangular-groups	pending		
ex-generic-affine-hyperplanes-meet-an-embedded-submanifold-transversely	pending		
ex-generic-and-exceptional-height-directions-on-a-torus	pending		
ex-geometric-function-taylor-remainder	pending		
ex-geometric-power-series-and-an-interior-reexpansion	pending		
ex-geometric-series-computed	pending		
ex-geometric-series-reexpanded-about-an-arbitrary-complex-point	pending		
ex-germs-of-continuous-functions	pending		
ex-gershgorin-disks-and-spectrum	pending		
ex-givens-qr-on-a-sparse-matrix	pending		
ex-glaisher-bijection-on-an-odd-partition	pending		
ex-global-dimension-of-a-field-and-of-the-integers	pending		
ex-glue-line-bundle-transition-functions	pending		
ex-gmres-on-a-small-nonsymmetric-system	pending		
ex-going-down-needs-normality	pending		
ex-golden-ratio-as-a-periodic-continued-fraction	pending		
ex-goursat-four-triangle-boundary-cancellation	pending		
ex-goursat-triangle-integral-of-z-squared	pending		
ex-gradient-flow-on-the-torus-morse-function	pending		
ex-gradient-theorem-for-a-polynomial-potential	pending		
ex-graham-pollak-for-the-complete-graph-on-four-vertices	pending		
ex-gram-determinant-of-two-vectors	pending		
ex-gram-schmidt-in-c-two	pending		
ex-gram-schmidt-in-r-three	pending		
ex-graph-as-a-regular-level-set	pending		U-P
ex-graph-nonisomorphism-is-in-ip	pending		U-P
ex-graph-of-finite-groups-giving-a-virtually-free-group	pending		
ex-graph-polynomial-map-closed-subscheme	pending		U-P
ex-grassmannian-boundary-r-zero-n	pending		
ex-grassmannian-lines-in-projective-three-space	pending		U-P
ex-greens-theorem-on-a-planar-disk	pending		
ex-gregory-leibniz-partial-sums-with-certified-error	pending		
ex-group-actions-as-functors	pending		
ex-group-cohomology-of-the-trivial-group	pending		
ex-groupoid-inclusion-is-left-adjoint-to-the-maximal-subgroupoid	pending		
ex-groups-of-order-thirty	pending		
ex-growth-degree-of-the-discrete-heisenberg-group	pending		U-P
ex-growth-of-free-abelian-groups	pending		
ex-h-one-and-h-five-arise-by-the-prescribed-leaf-attachments	pending		
ex-h-zero-is-the-five-wheel	pending		
ex-hall-burnside-detects-a-nontrivial-coprime-automorphism	pending		
ex-hall-condition-fails-three-left-two-neighbours	pending		
ex-hamel-basis-additive-function	pending		U-P
ex-hamel-basis-of-r-over-q	pending		
ex-harmonic-complex-power-series-on-the-unit-circle	pending		
ex-harmonic-function-attaining-only-boundary-extrema	pending		
ex-harmonic-series-diverges	pending		
ex-harnack-constant-from-the-poisson-kernel-ratio	pending		U-P
ex-harnack-inequality-for-a-poisson-kernel	pending		
ex-hartogs-figure-in-modulus-coordinates	pending		
ex-hasse-minkowski-for-a-quaternary-form	pending		U-P
ex-hat-partition-of-unity-on-the-real-line	no_candidate_found	root-partitions-examples-01-receipts.json	
ex-hawaiian-earring-retracts-onto-each-circle	pending		U-P
ex-height-on-a-torus-with-four-critical-points	pending		
ex-height-on-the-sphere-is-a-perfect-morse-function	pending		
ex-height-theorem-bound-sharp	pending		
ex-heisenberg-group-is-nilpotent-of-class-two	pending		
ex-heisenberg-sylow-subgroup-of-the-upper-triangular-group	pending		
ex-helicoid-model-of-the-logarithm-surface	pending		
ex-hensel-factor-correction-mod-three-powers	pending		
ex-hermitian-two-by-two-unitary-diagonalisation	pending		
ex-hierarchy-theorems-do-not-separate-p-from-np	pending		U-P
ex-high-girth-high-chromatic-parameter-ledger	pending		
ex-hilbert-90-and-pythagorean-triples	pending		
ex-hilbert-basis-leading-coefficient-reduction	pending		
ex-hilbert-cube	pending		
ex-hilbert-cube-as-a-compact-polish-universal-space	pending		
ex-hilbert-one-place-principle	pending		
ex-hilbert-samuel-finite-length-case	pending		
ex-hilbert-samuel-multiplicity-of-a-plane-curve	pending		
ex-hilbert-samuel-polynomial-of-a-dvr	pending		
ex-hilbert-series-of-a-polynomial-ring	pending		
ex-hilbert-symbol-at-an-odd-prime	pending		
ex-hilbert-symbol-over-the-reals	pending		
ex-hnn-extension-realising-two-conjugate-subgroups	pending		
ex-hodge-star-in-dimensions-two-three-and-four	pending		
ex-holomorphy-of-integral-of-t-to-z	pending		
ex-hom-between-finite-modules-over-the-integers	pending		
ex-homogeneous-number-of-complete-and-empty-graphs	pending		
ex-homogeneous-number-of-complete-bipartite-graphs	pending		
ex-homology-as-a-homological-delta-functor	pending		
ex-homology-of-an-interval-from-contractibility	pending		
ex-homology-of-punctured-euclidean-space-by-deformation-retraction	pending		
ex-homotopy-classes-as-h-zero-of-a-hom-complex	pending		
ex-hopf-formula-from-a-one-relator-presentation	pending		U-P
ex-householder-qr-factorisation-by-hand	pending		
ex-householder-reduction-to-hessenberg-form-for-a-three-by-three-matrix	pending		
ex-hurwitz-preserves-a-simple-zero-under-local-uniform-convergence	pending		
ex-hyperspherical-coordinate-jacobian	pending		
ex-hypersurface-regularity-at-a-rational-point	pending		U-P
ex-ideal-inverse-computation	pending		
ex-ideals-as-submodules-of-the-regular-module	pending		
ex-idempotent-clopen-product-ring	pending		
ex-idempotent-lifting-and-product-decomposition	pending		
ex-iid-sequence-with-a-prescribed-law	pending		U-P
ex-imprimitive-wreath-product-block-system	pending		
ex-improper-substitution-reciprocal	pending		
ex-incidence-point-hyperplane	pending		U-P
ex-incomparability-in-a-quadratic-integral-extension	pending		
ex-inconsistent-system-detected-by-a-pivot	pending		
ex-independence-of-two-comparison-lifts-on-homology	pending		
ex-independent-but-not-identically-distributed-coordinate-sequence	pending		U-P
ex-independent-events-that-are-not-disjoint	pending		
ex-index-obstructs-naive-polynomial-factorization	pending		A-P
ex-index-of-the-boundary-cycle-of-a-round-annulus	pending		
ex-index-of-the-trivial-subgroups	pending		
ex-index-table-modulo-seventeen	pending		
ex-index-two-subgroup-of-a-rank-two-free-group	pending		
ex-indicator-functions-are-measurable	pending		
ex-indicator-of-q-is-baire-class-two-not-one	pending		
ex-indicator-of-the-cantor-set-is-integrable-with-integral-zero	pending		U-P
ex-indicator-of-the-rationals-has-zero-essential-supremum-but-pointwise-supremum-one	pending		
ex-indicator-of-the-rationals-is-lebesgue-integrable-with-integral-zero-and-not-riemann-integrable	pending		
ex-indicator-of-the-unit-interval-convolved-with-itself-is-the-tent-function	pending		
ex-induced-co-e-witnesses-for-both-forbidden-path-runs	pending		
ex-induced-k-two-copy-count	pending		
ex-induced-path-counting-from-three-pure-pairs	pending		
ex-inducing-a-nontrivial-character-of-a-three-cycle-subgroup-of-s-three-gives-an-irreducible-degree-two-character	pending		U-P
ex-inducing-the-trivial-character-of-a-subgroup-of-order-two-in-s-three-gives-one-plus-an-irreducible-degree-two-character	pending		U-P
ex-induction-and-coinduction-of-group-representations	pending		
ex-inf-of-reciprocals	pending		
ex-infinite-binary-product-ring-is-not-noetherian	pending		
ex-infinite-coin-toss-space	pending		U-P
ex-infinite-convex-or-concave-subsequence-by-ramsey	pending		
ex-infinite-monotone-subsequence-by-ramsey	pending		
ex-infinite-rank-subgroup-of-a-rank-two-free-group	pending		
ex-infinite-solution-affine-parametrisation	pending		
ex-infinite-variable-polynomial-ring-is-not-noetherian	pending		
ex-initial-interval-indicators-are-one-separated-in-l-infinity	pending		
ex-inner-automorphisms-of-an-abelian-group	pending		
ex-integer-determinant-two-is-invertible-over-q-not-z	no_candidate_found	root-determinants-02-receipts.json	A-P
ex-integers-acting-geometrically-on-the-line	pending		
ex-integers-are-an-integral-domain-not-a-field	pending		
ex-integers-as-a-commutative-ring	pending		
ex-integers-as-a-noetherian-non-artinian-module	pending		
ex-integers-mod-n-additive-group	pending		
ex-integers-modulo-n-as-a-z-module	pending		
ex-integers-under-addition	pending		
ex-integers-with-absolute-value-are-euclidean	pending		
ex-integral-elements-subring-computation	pending		
ex-integral-geometric-layers-for-fourteen-ordered-blocks	pending		
ex-integral-network-max-flow-min-cut	pending		
ex-integral-of-the-floor-function	pending		
ex-integral-of-x-squared-from-the-definition	pending		
ex-integral-test-applied-to-the-p-series	pending		
ex-integrality-equation-and-power-basis	pending		
ex-integrality-localisation-clearing-denominators	pending		
ex-integrating-a-compactly-supported-form-in-two-overlapping-charts	pending		
ex-integration-by-parts-for-absolutely-continuous-functions	pending		U-P
ex-integration-of-a-density-on-the-mobius-band	pending		
ex-interior-square-root-singularity	pending		
ex-intersection-two-projective-curves	pending		U-P
ex-interval-formulas-for-a-function-with-one-jump	pending		
ex-intervals-and-euclidean-spaces-are-contractible	pending		U-P
ex-inverse-by-augmented-row-reduction	pending		
ex-inverting-a-quasi-isomorphism-by-a-reversed-roof	pending		
ex-inverting-six-in-the-integers	pending		
ex-inviscid-burgers-gradient-catastrophe	pending		
ex-inviscid-burgers-rarefying-data	pending		
ex-involutions-of-four-and-their-cycle-decomposition	pending		
ex-irrational-linear-foliation-of-the-two-torus	pending		
ex-irregular-pentagon-area-by-triangulation-and-shoelace	pending		
ex-iterated-adic-completions	pending		
ex-ivt-gives-nth-roots	pending		
ex-jacobi-and-gauss-seidel-splittings-with-spectral-radius-comparison	pending		
ex-jacobi-symbol-by-the-euclidean-algorithm	pending		
ex-jensen-for-logarithm-and-exponential	pending		
ex-jensen-formula-for-a-polynomial	pending		
ex-jensen-yields-weighted-am-gm	pending		
ex-jordan-chevalley-decomposition-from-jordan-blocks	pending		
ex-jordan-form-with-two-eigenvalues-from-power-ranks	pending		
ex-joukowski-sends-circles-to-ellipses	pending		
ex-jump-and-continuous-parts-of-x-plus-rational-jumps	pending		
ex-k-four-has-sixteen-spanning-trees-by-kirchhoff	no_candidate_found	root-spectral-02-receipts.json	
ex-k-four-is-bull-free-with-a-nontrivial-module	pending		
ex-k-to-the-minus-a-membership-in-ell-p	pending		
ex-k23-three-disjoint-paths-and-separator	pending		
ex-k33-is-hamiltonian	pending		
ex-karp-lipton-collapse	pending		
ex-kernel-conjugate-complements-differ-by-a-principal-crossed-homomorphism	pending		
ex-kernel-of-a-submersion-as-an-integrable-distribution	pending		
ex-kernel-of-the-exponent-sum-map	pending		
ex-kernels-cokernels-images-and-coimages-computed-in-abelian-groups	pending		
ex-keyhole-contour-assembly-without-cauchys-theorem	pending		
ex-keyhole-evaluates-x-alpha-minus-one-over-one-plus-x	pending		
ex-klein-four-group	pending		
ex-klein-four-group-as-a-direct-product	pending		
ex-klein-four-is-normal-in-a-four	pending		
ex-koebe-function-realizes-the-quarter-disc-bound	pending		
ex-konigsberg-bridges-has-no-euler-trail	pending		
ex-koszul-complex-one-and-two-elements	pending		
ex-koszul-complex-polynomial-variables	pending		
ex-koszul-d-square-sign-check-three-elements	pending		
ex-koszul-homology-after-localisation	pending		
ex-koszul-homology-of-a-zero-divisor	pending		
ex-koszul-homology-zero-divisor	pending		
ex-koszul-resolution-betti-table-complete-intersection	pending		
ex-koszul-resolution-complete-intersection	pending		
ex-krull-intersection-in-a-local-domain	pending		
ex-kruskal-and-prim-on-a-weighted-graph	pending		
ex-kunneth-for-two-cyclic-two-term-complexes	pending		U-P
ex-kunneth-over-a-field	pending		
ex-kuratowski-embedding-of-a-finite-metric-space	pending		
ex-kuratowski-fourteen-sets	pending		
ex-kuratowski-ordered-pairs-computed	pending		
ex-kurosh-decomposition-of-a-subgroup	pending		
ex-lacunary-factorial-exponent-power-series	pending		
ex-lagrange-in-sym-three	pending		
ex-lagrange-inversion-catalan-coefficients	pending		
ex-lagrange-multiplier-on-an-affine-graph	pending		U-P
ex-lagrange-multipliers-on-the-sphere	pending		U-P
ex-lagrange-multipliers-with-two-constraints	pending		
ex-lah-number-l-four-two	pending		
ex-lan-along-the-inclusion-of-the-rationals-in-the-reals	pending		
ex-laplacian-kernel-of-a-disconnected-graph	no_candidate_found	root-spectral-02-receipts.json	
ex-large-fundamental-pell-solution-for-sixty-one	pending		
ex-lateral-area-of-a-right-circular-cone	pending		
ex-ldu-factorisation-and-its-unique-diagonal-pivots	pending		
ex-least-absolute-remainders-and-the-even-modulus-tie	pending		
ex-leaves-of-a-lie-subalgebra-distribution	pending		
ex-lebesgue-measure-of-a-linear-image-of-the-unit-cube	pending		
ex-lebesgue-measure-of-intervals-boxes-and-the-rationals	pending		
ex-lebesgue-number-of-a-two-set-cover	pending		
ex-lebesgue-stieltjes-functional-is-represented-by-its-stieltjes-measure	pending		
ex-left-kan-extension-along-a-full-subcategory-inclusion	pending		
ex-left-regular-action-is-free-and-transitive	pending		
ex-lehmer-code-and-q-factorial-for-s-four	pending		
ex-length-computed-for-a-finite-abelian-group	pending		
ex-length-of-a-truncated-local-module	pending		
ex-length-of-z-modulo-p-to-the-k	pending		
ex-level-set-foliation-of-a-regular-function	pending		
ex-lhopital-rational-removable-quotient	pending		
ex-lie-derivative-of-an-area-form-and-planar-divergence	pending		
ex-lie-derivative-of-the-euclidean-metric-under-dilations	pending		
ex-lifting-a-primitive-root-through-powers-of-five	pending		
ex-limit-at-infinity-of-a-rational-function	pending		
ex-limit-of-a-polynomial	pending		
ex-limsup-of-alternating-sequence	pending		
ex-line-segment-and-polygonal-path-length	pending		
ex-line-segment-hausdorff-length	pending		
ex-line-segment-scalar-and-vector-line-integrals	pending		
ex-linear-congruence-worked	pending		
ex-linear-diophantine-equation-solvability	pending		
ex-linear-self-correction	pending		
ex-linear-system-fibre-dimension-rank-loci	pending		U-P
ex-liouville-dirichlet-series	pending		
ex-liouville-square-indicator	pending		
ex-lipschitz-extension-from-the-rationals	pending		
ex-lipschitz-graph-has-finite-hausdorff-length	pending		
ex-loaded-die-and-conditional-probability	pending		
ex-local-degrees-of-a-polynomial-map-on-the-riemann-sphere	pending		U-P
ex-local-gch-at-omega-and-its-power-set	pending		
ex-local-lemma-hypergraph-parameter-check	pending		
ex-local-mapping-of-complex-squaring-at-zero-and-one	pending		
ex-local-obstruction-to-a-rational-conic	pending		
ex-local-test-for-an-isomorphism	pending		
ex-localisation-does-not-commute-with-products	pending		
ex-localisation-for-functions-equal-on-an-arc	pending		
ex-localisation-kills-exactly-s-torsion	pending		
ex-localisation-of-a-pid-at-a-prime	pending		
ex-localisation-strictly-lowers-dimension	pending		
ex-localisations-not-faithfully-flat	pending		
ex-localised-hom-needs-finite-presentation	pending		
ex-localised-integers-not-henselian	pending		
ex-localised-polynomial-ring-regular	pending		U-P
ex-localising-an-abelian-group-at-a-prime	pending		
ex-localization-is-flat-and-has-vanishing-positive-tor	pending		A-R
ex-locally-finite-versus-point-finite-families	no_candidate_found	root-partitions-examples-01-receipts.json	
ex-locally-integrable-density-functional-is-represented-by-g-dlambda	pending		
ex-locally-unbounded-finite-everywhere	pending		
ex-log-modulus-is-harmonic-on-the-punctured-plane	pending		
ex-log-two-from-four-characterisations	pending		
ex-logarithm-continuation-around-the-unit-circle-shifts-by-two-pi-i	pending		
ex-logarithmic-and-exponential-growth-comparisons	pending		
ex-logarithmic-functions-without-normalisation	pending		
ex-logspace-reductions-compose	pending		U-P
ex-low-order-hilbert-matrices-have-large-condition-numbers	pending		
ex-lower-limit-line-is-regular-and-not-metrizable	pending		
ex-lp-banach-space-dictionary	pending		
ex-lucas-cyclic-tilings-and-the-trace-method	pending		
ex-lucas-generating-function-and-closed-form	pending		
ex-lucky-arnoldi-breakdown-on-an-invariant-krylov-space	pending		
ex-lusin-for-the-indicator-of-the-rationals-in-the-unit-interval	pending		
ex-lying-over-by-quotient-and-localisation	pending		
ex-machin-formula	pending		
ex-machine-equivalence-is-undecidable	pending		U-P
ex-mantel-balanced-complete-bipartite	pending		
ex-many-extensions-from-a-codimension-one-subspace	pending		U-P
ex-markov-and-chebyshev-sharpness	pending		
ex-markov-inequality-is-sharp	pending		
ex-marshall-hall-separating-quotient	pending		
ex-matrix-algebra-extension-of-scalars	pending		
ex-matrix-category-equivalent-to-finite-dimensional-vector-spaces	pending		
ex-matrix-free-gmres-for-a-sparse-operator	pending		
ex-matrix-of-a-map-between-coordinate-spaces	pending		
ex-matrix-ring-decomposition-into-minimal-left-ideals	pending		
ex-maximal-abelian-subgroups-of-the-dihedral-group-of-order-eight	pending		
ex-maximal-cohen-macaulay-module	pending		U-P
ex-maximal-subgroups-as-frattini-hyperplanes	pending		
ex-maximum-modulus-bound-for-a-polynomial-on-the-unit-disc	pending		
ex-maximum-modulus-on-the-distinguished-boundary-of-a-bidisc	pending		
ex-mayer-vietoris-computation-of-sphere-homology	pending		
ex-mayer-vietoris-computation-of-the-torus-first-homology	pending		U-P
ex-mean-value-theorem-bounds-the-square-root-increment	pending		U-P
ex-members-of-an-abelian-group-correspond-to-its-subgroups	pending		
ex-membership-formula-parsing-and-assignment	pending		
ex-meridian-trajectories-for-height-on-the-sphere	pending		
ex-minimal-generators-local-ring	pending		
ex-minimal-polynomial-of-nested-radical-two-plus-root-three	pending		
ex-minimal-polynomials-of-scalar-diagonal-and-zero-dimensional-endomorphisms	pending		
ex-minimal-resolution-unit-cancellation	pending		
ex-minres-on-a-symmetric-indefinite-system	pending		
ex-minus-log-boundary-distance-is-plurisubharmonic-on-a-half-space	pending		
ex-mittag-leffler-function-with-double-poles-at-the-integers	pending		
ex-ml-estimate-on-a-semicircle	pending		
ex-mobius-map-is-conformal-off-its-pole	pending		
ex-mobius-on-a-four-element-chain	pending		
ex-mobius-on-the-boolean-lattice-b3	pending		
ex-mobius-on-the-diamond-poset	pending		
ex-mobius-on-the-divisor-lattice-of-twelve	pending		
ex-mobius-reciprocal-zeta-coefficients	pending		
ex-mobius-transformation-from-three-point-correspondence	pending		
ex-modules-of-complete-and-edgeless-graphs	pending		
ex-modules-of-the-four-vertex-path	pending		
ex-moduli-below-twenty-with-primitive-roots	pending		
ex-mollifying-the-unit-interval-indicator-at-two-scales	pending		A-R
ex-monic-resultant-of-two-quadratics	pending		
ex-monkey-saddle	pending		U-P
ex-monotone-function-discontinuous-exactly-at-the-rationals	pending		
ex-monotone-lattice-paths-from-the-origin-to-three-two	pending		
ex-morphism-projective-line-power-map	pending		U-P
ex-morries-law	pending		
ex-morse-smale-flow-on-the-circle	pending		
ex-most-strings-are-incompressible	pending		U-P
ex-multiple-residue-root-does-not-lift-uniquely	pending		
ex-nakayama-finite-generation-is-essential	pending		
ex-nakayama-jacobson-hypothesis-is-essential	pending		
ex-natural-actions-of-symmetric-and-alternating-groups	pending		
ex-naturality-of-a-connecting-map-under-a-map-of-coefficient-sequences	pending		
ex-naturality-of-the-balance-isomorphism	pending		
ex-near-extremal-triangle-free-graph	pending		
ex-negative-binomial-series	pending		
ex-negative-gradient-lines-for-a-quadratic-morse-function	pending		
ex-negative-pell-equation-for-five	pending		
ex-neighbourhood-indexed-net-converging-to-a-closure-point	pending		
ex-nested-intervals-single-point	pending		
ex-newman-tauberian-prime-number-theorem	pending		U-P
ex-newtons-identities-for-three-variables	pending		
ex-niemytzki-plane-metrization-profile	pending		
ex-nilpotent-shift-and-its-single-primary-component	pending		
ex-nilradical-need-not-be-nilpotent-nonnoetherian	pending		
ex-no-rational-square-root-of-three	pending		
ex-no-square-root-of-p-in-qp	pending		
ex-noether-normalisation-finite-field-weight-choice	pending		
ex-noether-normalisation-triangular-change	pending		
ex-noetherian-integers-and-fields	pending		
ex-noetherian-nilradical-common-exponent	pending		
ex-noetherian-not-artinian	pending		
ex-noetherian-quotient-affine-algebra	pending		
ex-non-cohen-macaulay-local-ring	pending		U-P
ex-non-intersecting-path-pairs-by-a-two-by-two-determinant	pending		
ex-non-negative-square-root-as-a-polynomial-in-a-matrix	pending		
ex-non-noetherian-ring-with-a-strict-chain-of-principal-ideals	pending		
ex-non-noetherian-subalgebra-of-a-polynomial-ring	pending		
ex-nonabelian-first-cohomology-of-a-trivial-c-two-action-on-s-three	pending		
ex-nonabelian-frobenius-conjugacy-class	pending		
ex-nonabelian-group-of-order-twenty-one	pending		
ex-nonclosed-support-without-finiteness	pending		
ex-nondedekind-ideal-not-invertible	pending		
ex-nondiscrete-ordered-subgroup-valuation	pending		
ex-nonfaithful-coset-action-of-z-six	pending		
ex-nonflat-quotient-module	pending		
ex-nonmaximal-quadratic-order	pending		A-P
ex-nonpermutable-regular-sequence	pending		
ex-nonreduced-fibre-x-squared-equals-t	pending		
ex-nonzero-square-zero-matrix-is-not-similar-to-a-diagonal-matrix	pending		
ex-norm-and-trace-in-a-finite-field-extension	pending		
ex-norm-and-trace-in-a-quadratic-extension	pending		
ex-normal-equations-versus-qr-conditioning	pending		
ex-normal-function-fixed-points-at-omega-one	pending		
ex-normalized-riemann-map-for-a-horizontal-strip	pending		
ex-normalized-riemann-map-for-a-sector-with-branch-choice	pending		
ex-normalized-riemann-map-for-the-slit-plane	pending		
ex-normalized-riemann-map-for-the-upper-half-plane-at-i	pending		
ex-normalizing-an-inhomogeneous-cochain	pending		
ex-norming-functionals-in-lp-from-the-measure-duality-page	pending		U-P
ex-north-east-west-walks-without-immediate-horizontal-reversal	pending		
ex-np-and-conp-are-the-first-levels	pending		U-P
ex-np-is-contained-in-p-sharpp	pending		U-P
ex-np-is-contained-in-pspace-and-pspace-in-exp	pending		U-P
ex-null-sequences-as-a-maximal-ideal	pending		
ex-nz-maximal-iff-prime	pending		
ex-odd-cycle-extremal-density	pending		
ex-omega-one-is-not-paracompact	no_candidate_found	root-partitions-examples-01-receipts.json	U-P
ex-omega-plus-omega-is-countable	pending		
ex-omega-times-two-and-two-times-omega	pending		
ex-one-dimension-shift-along-a-projective-presentation	pending		
ex-one-dimension-shift-along-an-injective-copresentation	pending		
ex-one-dimensional-gaussian-integral-from-tonelli-and-polar-coordinates	pending		
ex-one-equals-exp-two-pi-i-logarithm-paradox	pending		
ex-one-jump-function-generates-a-dirac-mass-at-zero	pending		
ex-one-line-composition-and-disjoint-cycle-decomposition	pending		
ex-one-operator-in-two-ordered-bases	pending		
ex-one-over-n-null	pending		
ex-one-over-one-minus-z-one-z-two-extends-from-a-hartogs-figure	pending		
ex-one-over-square-root-improper-integral	pending		U-P
ex-one-over-z-not-polynomially-approximable-on-unit-circle	pending		
ex-one-planar-graph-two-nonisomorphic-duals	pending		U-P
ex-one-plus-omega-and-omega-plus-one	pending		
ex-one-plus-one	pending		
ex-one-point-compactifications-of-the-line-and-of-the-naturals	pending		U-P
ex-one-rational-function-has-three-laurent-series	pending		
ex-one-sheeted-hyperboloid-as-a-regular-surface-of-revolution	pending		
ex-one-sided-limits-of-the-sign-function	pending		
ex-open-and-closed-set-functors-and-complement-naturality	pending		
ex-open-dense-set-indicator-is-a-monotone-l-one-limit-of-riemann-integrable-functions-but-is-not-riemann-integrable	pending		
ex-open-euclidean-ball-is-polygonally-connected	pending		
ex-open-set-decomposed-into-components	pending		
ex-opposite-group-is-naturally-isomorphic-to-the-identity-functor	pending		
ex-optimizing-the-prime-number-theorem-contour-height	pending		
ex-orbit-circles-of-rotation-as-a-foliation-away-from-the-origin	pending		
ex-order-topology	pending		
ex-ordered-bell-versus-bell-at-three	pending		
ex-ordinal-subtraction-and-division-computed	pending		
ex-ore-condition-without-dirac-condition	pending		
ex-orientation-reversal-negates-the-hodge-star	pending		
ex-orientation-reversal-preserves-area-and-negates-flux	pending		
ex-orientation-reversal-under-reflection	pending		
ex-oriented-area-and-volume-from-gram-determinants	pending		
ex-orthogonal-group-is-a-regular-level-set	pending		
ex-orthogonal-projection-has-one-borsuk-ulam-pair	pending		
ex-orthogonal-projection-onto-a-plane-and-nearest-point	pending		
ex-p-adic-dvr	pending		
ex-p-adic-expansion-of-minus-one	pending		
ex-p-adic-geometric-series	pending		
ex-p-adic-hensel-lifting-a-simple-root	pending		
ex-p-adic-integers-as-an-inverse-limit	pending		
ex-p-adic-ultrametric	pending		
ex-p-cores-fitting-and-frattini-subgroups-of-s-four	pending		
ex-p-four-is-connected-and-anticonnected	pending		
ex-p-is-contained-in-np-intersection-conp	pending		U-P
ex-p-metrics-on-rn	pending		
ex-p-norm-comparison-constants-on-r2	pending		
ex-p-poly-equals-p-with-polynomial-advice	pending		U-P
ex-p-regular-classes-of-s-three	pending		
ex-p-three-free-graphs-have-much-larger-homogeneous-sets	pending		U-P
ex-pairwise-independent-events-not-mutually-independent	pending		
ex-parabola-graph-has-content-zero	pending		
ex-paradoxical-decomposition-of-a-free-group	pending		
ex-parallelepiped-content-from-a-matrix	pending		
ex-parallelogram-content-from-a-two-by-two-matrix	pending		
ex-parameter-dependent-rank-drop	pending		
ex-parameter-sequence-fails-in-a-non-cm-ring	pending		U-P
ex-parameter-sequence-regular-in-a-hypersurface	pending		U-P
ex-partitions-into-three-parts-of-five-from-the-recurrence	pending		
ex-partitions-of-six-listed	pending		
ex-partitions-with-parts-at-most-three	pending		
ex-pascals-triangle-to-row-six	pending		
ex-path-homotopy-through-straight-segments-in-a-convex-set	pending		
ex-paths-on-at-least-four-vertices-are-prime	pending		
ex-pattern-graph-of-a-pure-blockade	pending		
ex-pattern-inventory-of-square-colourings-by-number-of-red-vertices	pending		
ex-pell-equation-for-fourteen	pending		
ex-pell-equation-for-three	pending		
ex-pell-equation-for-two	pending		
ex-pentagonal-recurrence-computes-p-ten	pending		
ex-perfect-closure-of-fp-t-is-an-infinite-perfect-field	pending		
ex-periods-of-a-holomorphic-function-on-an-annulus	pending		
ex-perron-formula-for-a-finite-dirichlet-polynomial	pending		
ex-perron-kernel-at-and-away-from-the-jump	pending		
ex-perron-solution-on-an-annulus-with-radial-data	pending		
ex-petersen-extremal-density	pending		
ex-petersen-graph-basic-invariants	pending		
ex-petersen-graph-nonplanar-by-kuratowski	pending		U-P
ex-petersen-graph-spectrum-from-the-two-subset-model	no_candidate_found	root-spectral-02-receipts.json	
ex-pg-two-three-has-thirteen-points-and-thirteen-lines	pending		
ex-picard-iteration-for-y-prime-equals-y	pending		
ex-pid-as-dedekind-domain	pending		
ex-piecewise-polynomial-periodic-oscillator	pending		U-P
ex-plane-curve-local-ring-not-dvr	pending		
ex-plane-trees-with-at-most-four-vertices	pending		
ex-plu-factorisation-by-hand	pending		
ex-point-evaluation-functional-is-represented-by-a-dirac-measure	pending		
ex-pointed-sets-equivalent-to-sets-and-partial-functions	pending		
ex-pointwise-but-not-uniform-convergence-on-a-countable-domain	pending		
ex-poisson-integral-of-a-single-character	pending		
ex-poisson-integral-of-cos-theta	pending		
ex-poisson-modification-of-a-radial-quadratic-on-a-disc	pending		
ex-poker-hands-from-a-deck	pending		
ex-polar-change-of-variables-on-an-annular-sector	pending		
ex-polar-coordinates-as-a-local-diffeomorphism	pending		
ex-polar-decomposition-of-a-singular-matrix	pending		U-P
ex-polar-decomposition-of-an-invertible-matrix	pending		
ex-pole-pushing-along-three-discs	pending		
ex-polynomial-algebra-is-dense-but-not-closed-on-an-interval	pending		
ex-polynomial-algebras-are-faithfully-flat	pending		
ex-polynomial-arithmetic-by-convolution	pending		
ex-polynomial-contour-integral-along-a-line-segment	pending		
ex-polynomial-dimension-zero-ring-boundary	pending		
ex-polynomial-extension-of-scalars	pending		
ex-polynomial-injection-killed-by-tensoring	pending		
ex-polynomial-integrals-by-the-ftc	pending		
ex-polynomial-long-division-and-gcd	pending		
ex-polynomial-map-total-derivative-and-jacobian	pending		
ex-polynomial-module-of-a-two-by-two-operator	pending		
ex-polynomial-projections-for-three-eigenvalues	pending		
ex-polynomial-ring-represents-the-underlying-set-functor-on-rings	pending		
ex-polynomial-rings-cohen-macaulay	pending		U-P
ex-polynomials-are-not-complete-in-the-supremum-norm	pending		
ex-positive-convex-function-that-is-not-log-convex	pending		
ex-positive-derivative-at-zero-with-no-local-monotonicity	pending		U-P
ex-positive-non-log-convex-solution-of-gamma-functional-equation	pending		U-P
ex-post-office-metric	pending		
ex-power-iteration-on-a-diagonal-matrix-displays-the-eigenvalue-ratio-rate	pending		
ex-power-map-sends-a-sector-to-a-half-plane	pending		
ex-power-maps-on-real-line-mod-integers-are-finite-sheeted-coverings	pending		U-P
ex-power-residues-modulo-seventeen	pending		
ex-power-series-expansion-of-a-geometric-quotient-in-two-variables	pending		
ex-power-series-expansion-of-an-exponential-of-a-coordinate-sum	pending		
ex-power-series-expansion-of-the-coordinate-product-on-a-bidisc	pending		
ex-powers-of-omega-and-epsilon-zero	pending		
ex-powers-of-two-form-a-hadamard-lacunary-sequence	pending		
ex-powerset-is-chain-complete	pending		
ex-presentation-of-a-dihedral-group	pending		
ex-presentation-of-a-finite-cyclic-group	pending		
ex-presentation-of-the-klein-four-group	pending		
ex-presentation-of-the-symmetric-group-on-three-letters	pending		
ex-presentation-of-z-squared	pending		
ex-primary-decomposition-over-q-with-an-irreducible-quadratic	pending		
ex-primary-localisation-kills-a-component	pending		
ex-primary-maximal-radical-test	pending		
ex-prime-counting-theta-and-psi-table	pending		
ex-prime-factorisation-worked	pending		
ex-prime-factorization-in-quadratic-fields	pending		
ex-prime-ideals-of-a-node	pending		
ex-prime-number-theorem-in-a-small-progression	pending		U-P
ex-prime-sets-of-a-field-and-the-integers	pending		
ex-prime-spectrum-set-of-a-product-ring	pending		
ex-prime-spectrum-set-of-dual-numbers	pending		
ex-primes-dividing-x-squared-plus-three	pending		
ex-primes-in-a-prime-localisation	pending		
ex-primes-represented-by-x-squared-plus-two-y-squared	pending		A-P
ex-primitive-ancestors-of-small-characters	pending		
ex-primitive-root-modulo-thirteen-by-prime-divisor-tests	pending		
ex-primitive-roots-modulo-seventeen	pending		
ex-primitive-two-square-representation-criterion	pending		
ex-principal-dirichlet-l-missing-euler-factors	pending		
ex-principal-filter-generated-by-a-set	pending		
ex-principal-ideal-height-zero-for-a-zerodivisor	pending		
ex-principal-logarithm-breaks-additivity-at-minus-one	pending		
ex-principal-square-root-breaks-multiplicativity-at-minus-one	pending		
ex-principal-submatrix-interlacing	pending		
ex-principal-ultrafilter	pending		
ex-principal-value-of-one-over-x	pending		
ex-pro-p-completion-of-a-finite-p-group	pending		
ex-product-action-wreath-product	pending		
ex-product-affine-lines-plane	pending		
ex-product-foliation	pending		
ex-product-of-one-minus-one-over-k-is-zero	pending		
ex-product-of-one-plus-z-over-two-to-n-is-entire-and-zero-free	pending		
ex-product-of-two-fields-is-semisimple	pending		
ex-product-ring-coordinate-ideal-and-quotient	pending		
ex-product-ring-has-zero-divisors	pending		
ex-product-with-a-fixed-space-is-a-functor	pending		
ex-products-and-coproducts-in-set	pending		
ex-products-in-a-poset-are-infima	pending		
ex-projecting-a-space-curve-can-create-a-double-point	pending		
ex-projective-closure-parabola	pending		U-P
ex-projective-conic-standard-charts	pending		U-P
ex-projective-cover-of-the-trivial-module-for-a-p-group	pending		
ex-projective-dimension-of-a-cyclic-abelian-group	pending		
ex-projective-line-by-gluing-affines	pending		
ex-projective-line-two-affine-charts	pending		U-P
ex-projective-linear-action-and-iwasawas-hypotheses	pending		
ex-projective-nonfree-module-z-two-over-z-six	pending		
ex-promise-oracle-off-promise-answers	pending		U-P
ex-proper-measurable-subgroups-of-the-line-are-lebesgue-null	pending		
ex-proper-versus-improper-equivalence-of-forms	pending		A-P
ex-proportional-functions-realise-the-equality-case-of-holder	pending		
ex-prufer-code-and-decoding	pending		
ex-prufer-p-group-is-artinian-not-noetherian	pending		
ex-psl-two-seven-and-a-low-rank-coincidence	pending		U-P
ex-pullback-free-module	pending		
ex-pullback-in-top	pending		
ex-pullback-of-the-circle-angular-form-along-a-parametrized-curve	pending		
ex-pullback-of-the-tautological-line-bundle-along-the-antipodal-cover	pending		
ex-pullback-over-an-evenly-covered-open-set-is-trivial	pending		U-P
ex-pullbacks-and-pushouts-in-set	pending		
ex-punctured-line-versus-punctured-plane	pending		
ex-pure-and-mixed-pairs-in-p-four	pending		
ex-pure-but-not-complete-blockade	pending		
ex-pure-cubic-power-basis	pending		
ex-pure-jump-function-with-dense-discontinuities-and-zero-derivative-almost-everywhere	pending		
ex-q-covered-by-intervals-of-small-total-length	pending		
ex-q-sqrt-two-sqrt-three-and-a-primitive-generator	pending		
ex-q-zeta-three-cuberoot-two-cuberoot-three-is-a-kummer-extension	pending		
ex-qr-factorisation-of-an-invertible-real-matrix	pending		
ex-quadratic-algebraic-integers-and-one-half	pending		
ex-quadratic-congruence-from-its-discriminant	pending		
ex-quadratic-cover-self-fibre-product	pending		
ex-quadratic-discriminant-and-double-root	pending		
ex-quadratic-field-codifferent	pending		
ex-quadratic-hamilton-jacobi-data-produce-explicit-caustic-time	pending		
ex-quadratic-ode-finite-time-blowup	pending		U-P
ex-quadratic-residues-and-nonresidues-modulo-eleven	pending		
ex-quadratic-veronese-conic	pending		U-P
ex-quarter-turn-diagonalises-after-complexification	pending		
ex-quarter-turn-jordan-form-after-scalar-extension	pending		
ex-quarter-turn-matrix-on-the-real-plane	pending		
ex-quarter-turn-real-normal-form	pending		U-P
ex-quartic-x-four-minus-x-minus-one-has-galois-group-s-four	pending		
ex-quartic-x-four-plus-eight-x-plus-twelve-has-galois-group-a-four	pending		
ex-quaternion-character-has-schur-index-two	pending		U-P
ex-quivers-as-a-functor-category	pending		
ex-quotient-by-the-kernel-is-isometric-to-the-range-with-the-induced-quotient-norm	pending		
ex-quotient-of-f-three-by-a-line-and-canonical-projection	pending		
ex-r-and-open-interval-homeomorphic-not-uniformly-isomorphic	pending		U-P
ex-r-as-a-vector-space-over-q	pending		
ex-r-three-three-both-bounds	pending		
ex-raabe-decides-where-ratio-fails	pending		
ex-rabinowitsch-identity-explicit	pending		
ex-rademacher-series-convergence-threshold	pending		U-P
ex-radial-deformation-retraction-of-punctured-rn	pending		
ex-radial-harmonic-functions-away-from-the-origin	pending		
ex-radial-normalization-retracts-the-punctured-disk-but-not-the-disk	pending		
ex-radial-r-squared-sine-one-over-r-is-differentiable-with-discontinuous-gradient	pending		
ex-radial-transport-flow	pending		
ex-radical-intersection-computation	pending		
ex-radical-of-a-product-and-intersection	pending		
ex-rank-one-svd-truncation	pending		A-P
ex-rank-two-valuation-ring-not-dvr	pending		
ex-ratio-fails-root-succeeds	pending		
ex-rational-and-jordan-forms-of-one-matrix-over-q-and-c	pending		
ex-rational-box-step-functions-give-a-countable-dense-family-in-l-two-of-unit-interval	pending		
ex-rational-canonical-form-of-an-explicit-four-by-four-matrix	pending		
ex-rational-function-field-order	pending		
ex-rational-p-integrals-at-both-endpoints	pending		U-P
ex-rational-square-root-two-as-a-simple-extension	pending		
ex-rationals-and-reals-as-fields	pending		
ex-rationals-are-borel-but-not-g-delta	pending		
ex-rationals-tensor-a-finite-cyclic-group-is-zero	pending		
ex-rayleigh-quotient-iteration-on-a-two-by-two-symmetric-matrix	pending		A-P
ex-real-and-imaginary-parts-of-holomorphic-monomials	pending		
ex-real-gamma-and-beta-special-values	pending		
ex-real-line-mod-integer-translations-is-a-covering	pending		U-P
ex-real-parts-of-z-powers-are-harmonic	pending		
ex-real-projective-space-from-affine-charts	pending		
ex-real-projective-space-is-orientable-exactly-in-odd-dimension	pending		
ex-real-quarter-turn-has-no-real-eigenvalues	pending		
ex-real-quarter-turn-has-rational-form-but-no-real-jordan-form	pending		
ex-real-rational-function-with-finite-taylor-radius	pending		
ex-real-rotation-changes-diagonalisability-after-complex-scalar-extension	pending		
ex-real-symmetric-three-by-three-orthogonal-diagonalisation	pending		
ex-realification-of-c-n-has-doubled-dimension	pending		
ex-reals-as-a-quotient-by-a-maximal-ideal	pending		
ex-reciprocal-function-from-the-complex-difference-quotient	pending		
ex-reciprocals-with-zero-are-compact	pending		
ex-recovering-nilpotent-blocks-from-ranks-of-powers	pending		
ex-recovering-the-coordinates-of-an-ordered-pair	pending		
ex-rectangular-products-have-equal-traces	pending		
ex-recursive-sqrt-two-plus-x	pending		
ex-reduced-forms-of-discriminant-minus-eight	pending		
ex-reduced-forms-of-discriminant-minus-four	pending		
ex-reduced-forms-of-discriminant-minus-twenty	pending		
ex-reduced-forms-of-discriminant-minus-twenty-three	pending		
ex-reduced-qr-least-squares-versus-normal-equations	pending		
ex-reducing-a-large-binary-quadratic-form	pending		
ex-reducing-a-word-with-formal-inverses	pending		
ex-reducing-an-integral-lattice-for-s-three	pending		
ex-reduction-dual-numbers	pending		
ex-reduction-mod-two-proves-a-cubic-irreducible	pending		
ex-reduction-modulo-n-first-isomorphism	pending		
ex-redundant-primary-component-deletion	pending		
ex-refinement-improves-the-darboux-sums	pending		
ex-reflection-formula-at-one-half	pending		
ex-reflection-of-cofinality-omega-and-omega-one	pending		
ex-region-under-x-squared-has-measure-one-third	pending		
ex-regular-and-nonregular-three-sheeted-wedge-coverings	pending		
ex-regular-cayley-trees-of-free-groups	pending		
ex-regular-flat-local-map-with-singular-closed-fibre	pending		U-P
ex-regular-level-slices-for-unparametrized-trajectories	pending		
ex-regular-local-ambient-cover-minimal-dimension	pending		U-P
ex-regular-sequence-powers-and-permutation	pending		
ex-reidemeister-schreier-for-a-surface-subgroup	pending		
ex-relative-algebraic-closure-of-r-in-c	pending		
ex-relative-height-in-a-quotient	pending		
ex-relative-homology-of-a-composable-pair-of-stalk-complexes	pending		
ex-relative-homology-of-a-disk-and-its-boundary	pending		U-P
ex-relative-homology-of-a-handle-by-excision	pending		U-P
ex-relative-homology-of-a-map-between-stalk-complexes	pending		
ex-relative-homology-of-an-interval-and-its-endpoints	pending		
ex-relative-projectivity-detected-by-higmans-criterion	pending		
ex-relativization-alone-cannot-resolve-p-versus-np	pending		U-P
ex-relativizing-to-the-empty-class	pending		
ex-repeated-eigenvalue-with-full-eigenspace	pending		
ex-repeated-eigenvalue-with-one-dimensional-eigenspace	pending		
ex-repeated-pole-produces-a-polynomial-factor	pending		
ex-repeated-root-polynomial-over-f-two	pending		
ex-representable-presheaf-on-a-poset	pending		
ex-residue-evaluates-cos-over-one-plus-x-squared	pending		
ex-residue-evaluates-int-one-over-one-plus-x-fourth	pending		
ex-residue-evaluates-int-one-over-one-plus-x-squared	pending		
ex-residue-evaluates-sine-over-x-principal-value	pending		
ex-residue-evaluates-the-basel-sum	pending		
ex-residue-evaluates-the-gaussian-cosine-integral-by-a-rectangle	pending		U-P
ex-residue-field-infinite-projective-dimension-singular	pending		
ex-residue-of-exp-over-z-cubed-by-derivative-formula	pending		
ex-residue-of-gamma-at-minus-two	pending		
ex-residue-of-p-over-q-at-a-simple-zero	pending		
ex-restarted-gmres-versus-full-gmres-on-the-same-system	pending		
ex-restricted-sets-in-a-complete-bipartite-graph	pending		
ex-restricted-sets-in-a-union-of-two-cliques	pending		
ex-restricting-that-degree-two-s-three-character-to-the-three-cycle-subgroup-gives-the-two-nontrivial-linear-characters	pending		U-P
ex-reversion-of-x-over-one-minus-x	pending		
ex-reynolds-operator-splits-the-invariant-inclusion	pending		
ex-ridge-regularisation-filters-a-diagonal-inverse-problem	pending		
ex-riemann-integrable-function-with-a-nonintegrable-section	pending		
ex-riemann-integrable-function-with-dense-nonintegrable-sections	pending		
ex-riemann-integrable-with-a-prescribed-null-f-sigma-discontinuity-set	pending		
ex-riemann-integral-functional-is-represented-by-interval-lebesgue-measure	pending		
ex-riemann-rearrangement-to-a-prescribed-sum	pending		
ex-riemann-stieltjes-integral-on-a-polygonal-contour	pending		
ex-riemann-stieltjes-polynomial-computation	pending		
ex-riemann-stieltjes-substitution	pending		
ex-riesz-product-for-three-powers-of-three	pending		
ex-riesz-representative-of-a-functional-on-c-three	pending		
ex-ring-of-integers-of-q	pending		
ex-ring-of-integers-of-q-sqrt-five	pending		U-P
ex-ringed-space-continuous-functions	pending		
ex-rn-as-a-product	pending		U-P
ex-rodls-theorem-with-an-explicit-constant-for-p-three-free-graphs	pending		
ex-roots-of-unity-in-characteristic-three	pending		
ex-rotations-of-a-square-on-its-vertices	pending		
ex-row-echelon-form-is-not-unique-but-rref-is	pending		
ex-row-operations-on-a-singular-matrix-over-z-mod-six	no_candidate_found	root-determinants-02-receipts.json	
ex-row-reduction-with-a-unique-solution	pending		
ex-russells-socks	pending		
ex-s-five-conjugacy-classes-and-class-equation	pending		
ex-s-four-as-the-holomorph-of-the-klein-four-group	pending		
ex-s-four-conjugacy-classes-and-class-equation	pending		
ex-s-four-has-five-conjugacy-classes-of-sizes-one-six-three-eight-and-six	pending		
ex-s-four-statistics-table	pending		
ex-s-four-two-computed-by-recurrence-formula-and-listing	pending		
ex-s-three-complements-to-a-three-cycle-subgroup-are-conjugate	pending		
ex-s-three-cycle-inversion-and-sign-table	pending		
ex-s-three-galois-correspondence-for-x-cubed-minus-two	pending		
ex-s-three-has-three-irreducible-complex-characters-of-degrees-one-one-and-two	pending		U-P
ex-s3-is-split-over-the-rationals	pending		U-P
ex-same-characteristic-polynomial-different-minimal-polynomials	pending		
ex-sampled-polynomial-inner-product-on-degree-at-most-three	pending		
ex-samuel-compactification-of-a-compact-hausdorff-space	pending		
ex-samuel-compactification-of-discrete-naturals-is-beta-n	pending		
ex-samuel-compactification-of-the-open-unit-interval	pending		
ex-samuel-reflection-of-a-nonempty-indiscrete-uniform-space	pending		
ex-scalar-line-integral-over-a-unit-semicircle	pending		
ex-scaled-gaussian-parameter-integral	pending		
ex-schanuel-lemma-for-two-presentations-of-a-module	pending		
ex-scheme-theoretic-image-dense-open-immersion	pending		
ex-schottky-bound-for-a-map-with-center-value-one-half	pending		
ex-schur-multiplier-of-a-cyclic-group	pending		U-P
ex-schur-multiplier-of-a-finite-abelian-group	pending		
ex-second-moment-bound-for-a-nonempty-random-subset	pending		
ex-second-order-multivariable-taylor-polynomial-computed	pending		U-P
ex-segre-p1-times-p1-quadric	pending		U-P
ex-segre-veronese-bidegree-two-three	pending		U-P
ex-selecting-an-admissible-contour-height	pending		
ex-semilinear-characteristics-with-logistic-growth	pending		
ex-semilocal-adic-completion	pending		
ex-semilocal-dedekind-domain-is-a-pid	pending		
ex-separating-a-point-from-a-finite-set-in-a-hausdorff-space	pending		
ex-separating-equal-critical-values-by-bump-functions	pending		
ex-separating-prime-for-a-missing-radical-element	pending		
ex-separation-preservation-table	pending		
ex-sequence-space-and-eventually-zero-subspace	pending		
ex-sequential-fan-is-frechet-urysohn-not-first-countable	pending		
ex-sequential-repetition-amplifies-error	pending		U-P
ex-set-arithmetic-isomorphisms-are-natural	pending		
ex-set-coproducts-as-representing-objects	pending		
ex-set-partitions-of-four-by-block-count	pending		
ex-set-partitions-of-four-with-no-singletons	pending		
ex-set-products-as-representing-objects	pending		
ex-shapiro-lemma-for-the-trivial-subgroup	pending		
ex-sheaf-continuous-real-functions	pending		
ex-sheaf-locally-constant-functions	pending		U-P
ex-shift-operators-on-classical-sequence-spaces	pending		
ex-shifted-inverse-iteration-targets-a-nondominant-eigenvalue	pending		
ex-shifting-a-three-term-complex-with-all-signs	pending		
ex-shoenfield-limit-lemma	pending		U-P
ex-sierpinski-and-particular-point-spaces	pending		
ex-sierpinski-gasket-dimension-by-hand	pending		
ex-sierpinski-space-is-normal-and-not-completely-regular	pending		
ex-sierpinski-space-is-t0-normal-and-not-regular	pending		U-P
ex-sigma-compactness-and-lindelof-in-the-line-and-the-rationals	pending		
ex-sigma-of-a-two-step-simple-function	pending		
ex-sigma-of-an-indicator-function	pending		
ex-sigma-one-sets-are-exactly-ce-sets	pending		U-P
ex-signs-of-five-and-six-cycles	pending		
ex-simple-diagonal-action	pending		
ex-simple-nonnormal-eigenvalue-derivative-uses-left-and-right-eigenvectors	pending		
ex-simple-root-and-factor-hensel-same-lift	pending		
ex-simplicial-homology-of-a-point-and-an-edge	pending		
ex-simplicial-homology-of-the-tetrahedron-boundary	pending		
ex-simultaneous-diagonalisation-of-two-commuting-matrices	pending		
ex-simultaneous-handles-at-a-repeated-critical-value	pending		U-P
ex-sine-density-on-zero-to-two-pi-exhibits-the-nonuniqueness-of-hahn-decompositions	pending		
ex-sine-harmonic-series-pointwise-not-uniform	pending		
ex-sine-harmonics-pointwise-bounded-without-uniform-subsequence	pending		U-P
ex-sine-minus-z-zero-of-order-three	pending		
ex-sine-of-xy-and-its-mixed-partials	pending		
ex-sine-over-x-has-a-noncompact-henstock-kurzweil-integral	pending		
ex-sine-period-arc-length-as-a-complete-elliptic-integral	pending		U-P
ex-sine-product-family-is-not-equicontinuous	pending		
ex-sine-product-recovers-the-basel-sum	pending		
ex-sine-sends-a-half-strip-to-the-upper-half-plane	pending		
ex-singleton-block-families-have-egf-exp-x	pending		
ex-singleton-rank-and-hereditary-size	pending		
ex-singletons-define-a-natural-transformation-to-the-power-set-functor	pending		
ex-singular-chain-complex-of-a-point	pending		
ex-singular-projection-has-zero-determinant	pending		
ex-singular-value-decomposition-of-a-two-by-three-matrix	pending		U-P
ex-singularities-at-infinity-for-polynomials-and-reciprocals	pending		
ex-skolems-construction-gives-the-fano-plane	pending		
ex-skyscraper-set-sheaf-stalks	pending		
ex-skyscraper-sheaf-exact-sequence	pending		
ex-sl2-casimir-and-its-highest-weight-eigenvalue	pending		U-P
ex-sl2-reducible-and-generic-verma-modules	pending		U-P
ex-sl2-shapovalov-norm-product	pending		
ex-sl2-verma-action-in-the-pbw-basis	pending		
ex-sl2-verma-embedding-chain	pending		U-P
ex-sl3-harish-chandra-center-generators	pending		U-P
ex-slicing-a-regular-pair-with-explicit-parameters	pending		
ex-smith-normal-form-of-an-explicit-integer-matrix	pending		
ex-smith-volterra-cantor-set-has-lebesgue-measure-one-half	pending		
ex-smooth-compactly-supported-bump	pending		U-P
ex-smooth-dependence-in-an-ode-with-a-parameter	pending		
ex-smooth-nonanalytic-transport-data-give-a-smooth-nonanalytic-solution	pending		
ex-smoothed-versus-sharp-explicit-formula	pending		
ex-smoothing-a-continuous-circle-valued-map-through-an-annular-retraction	pending		U-P
ex-smoothing-a-piecewise-linear-real-valued-function-relative-to-a-closed-set	pending		U-P
ex-socle-of-a-finite-solvable-primitive-group	pending		
ex-some-turing-reductions-are-not-truth-table-reductions	pending		U-P
ex-sorgenfrey-line	pending		
ex-sorgenfrey-plane	pending		U-P
ex-spanning-trees-of-a-cycle	pending		
ex-spanning-trees-of-k-four	pending		
ex-sparse-gaussian-elimination-can-create-fill-in	pending		
ex-sparse-spikes-ftc-conclusion-at-a-discontinuity	pending		
ex-specialisation-poset-of-a-small-spectrum	pending		
ex-spectrum-field-one-point	pending		U-P
ex-spectrum-integers-generic-and-closed-points	pending		
ex-spectrum-of-a-zero-ring-empty	pending		
ex-spectrum-of-k-three-three	no_candidate_found	root-spectral-02-receipts.json	
ex-spectrum-product-ring-disjoint-union	pending		
ex-spectrum-zero-ring-empty	pending		
ex-sphere-and-hemisphere-surface-integrals	pending		
ex-sphere-as-a-regular-level-set	pending		U-P
ex-spherical-coordinate-jacobian	pending		
ex-splicing-two-short-exact-sequences	pending		
ex-splitting-field-of-two-quadratics	pending		
ex-splitting-field-of-x-cubed-minus-two	pending		
ex-splitting-field-of-x-four-plus-two-x-squared-minus-eight	pending		
ex-splitting-field-of-x-squared-minus-two	pending		
ex-splitting-the-theta-mellin-integral-isolates-the-two-polar-terms	pending		
ex-sqrt-two-exists	pending		
ex-sqrt2-cut	pending		
ex-square-function-from-the-complex-difference-quotient	pending		
ex-square-map-sends-a-grid-to-orthogonal-parabolas	pending		
ex-square-root-ac-not-lipschitz	pending		
ex-square-root-continuation-around-the-origin-changes-sign	pending		
ex-square-root-is-half-holder	pending		
ex-square-root-of-minus-one-in-q5	pending		
ex-square-roots-modulo-a-composite-by-crt	pending		
ex-square-roots-modulo-an-odd-prime-power	pending		
ex-square-roots-of-one-modulo-one-hundred-twenty-eight	pending		
ex-square-roots-of-the-imaginary-unit	pending		
ex-square-summable-coefficient-power-series-on-the-closed-disc	pending		
ex-squared-distance-to-a-circle-and-its-medial-axis	pending		
ex-squarefree-sums-of-two-squares	pending		
ex-standard-basis-and-universal-map-from-r-three	pending		
ex-standard-limits-worked	pending		
ex-standard-quadratic-form-of-each-morse-index	pending		
ex-stationary-cofinality-strata	pending		
ex-steinhaus-follows-from-the-density-theorem	pending		
ex-steinitz-class-rank-two-module	pending		
ex-steinitz-confinement-worked-in-the-plane	pending		
ex-step-integrator-evaluates-at-the-jump	pending		U-P
ex-stereographic-projection-formulas-on-the-unit-sphere	pending		
ex-stirling-approximation-to-ten-factorial	pending		
ex-stirling-triangles-invert-up-to-four	pending		
ex-stokes-on-an-oriented-interval	pending		
ex-stokes-on-two-patches-spanning-the-same-circle	pending		
ex-stolz-cesaro-applied	pending		
ex-stone-cech-of-a-finite-discrete-space	pending		
ex-straight-line-homotopy-between-maps-into-rn	pending		
ex-strict-ratio-root-chain	pending		
ex-strict-union-bound-for-overlapping-events	pending		
ex-strictification-of-a-cartesian-monoidal-category-computed	pending		
ex-strip-to-disc-biholomorphism-by-exponential-and-cayley	pending		
ex-strong-nullstellensatz-nonradical-ideal	pending		
ex-subfields-of-f-sixty-four	pending		
ex-subgroups-of-the-integers	pending		
ex-subharmonic-quartic-and-harmonic-saddle	pending		U-P
ex-sublevels-of-height-on-the-sphere	pending		U-P
ex-subobjects-in-set-are-subsets	pending		
ex-subring-that-is-not-a-subfield	pending		
ex-subsequential-limits-fill-unit-interval	pending		
ex-substitution-into-an-edge-and-into-a-nonedge	pending		
ex-successive-p-layers-read-a-cyclic-decomposition	pending		
ex-sum-and-intersection-in-f-three	pending		
ex-sum-check-three-variable-transcript	pending		U-P
ex-sum-of-reciprocal-squares-converges	pending		
ex-sup-metric-on-bounded-functions	pending		
ex-sup-of-closed-interval	pending		
ex-sup-of-open-interval	pending		
ex-sup-of-sum-of-sets	pending		
ex-sup-rationals-below-sqrt-two	pending		
ex-support-of-a-cyclic-module	pending		
ex-support-of-an-infinite-direct-sum	pending		
ex-surface-area-of-the-sine-solid-of-revolution	pending		
ex-surface-groups-as-hyperbolic-groups	pending		U-P
ex-sylow-data-for-groups-of-order-at-most-fifteen	pending		
ex-sylow-subgroups-of-a-five	pending		
ex-sylow-subgroups-of-affine-group-modulo-five	pending		
ex-sylow-subgroups-of-gl-two-over-a-finite-prime-field	pending		
ex-sylow-subgroups-of-s-four	pending		
ex-sylvesters-criterion-for-a-three-by-three-matrix	pending		
ex-symmetric-finite-zero-products-model-the-xi-hadamard-product	pending		
ex-symmetric-group-on-three-letters	pending		
ex-symmetric-group-splits-over-the-alternating-group	pending		
ex-symmetric-polynomials-as-a-noether-invariant-ring	pending		
ex-symmetric-reduction-in-two-variables	pending		
ex-symmetries-of-a-square	pending		
ex-symmetrising-a-one-relator-presentation	pending		
ex-symplectic-normal-form-of-a-degenerate-alternating-form	pending		
ex-system-of-parameters-not-a-minimal-generating-set	pending		
ex-tame-different-exponent	pending		
ex-tangent-basis-change-between-cartesian-and-polar-coordinates	pending		
ex-tangent-homeomorphism-between-bounded-and-unbounded-spaces	pending		U-P
ex-telescoping-sum-computed	pending		
ex-tensor-product-and-contraction-in-a-basis	pending		
ex-tensor-product-of-two-quotient-modules	pending		
ex-the-abelian-category-of-representations-of-a-two-object-quiver	pending		
ex-the-adjoint-functor-theorem-for-ordered-sets	pending		
ex-the-affine-group-agl-one-p-has-one-kernel-conjugacy-class-of-complements	pending		
ex-the-alexander-subbase-lemma-applied-to-a-closed-interval	pending		
ex-the-angular-form-has-period-two-pi	pending		
ex-the-angular-one-form-has-no-global-potential	pending		
ex-the-angular-one-form-on-the-punctured-plane-is-closed	pending		
ex-the-area-form-in-polar-coordinates	pending		
ex-the-augmentation-ideal-and-loewy-series-for-kcp	pending		
ex-the-ball-is-levi-pseudoconvex	pending		
ex-the-ballot-problem-with-three-and-two-votes	pending		
ex-the-beth-hierarchy-computed	pending		U-P
ex-the-bi-infinite-line-and-its-translation-action	pending		
ex-the-bidisc-is-holomorphically-convex	pending		
ex-the-binary-icosahedral-cover-of-a-five	pending		U-P
ex-the-biproduct-of-two-abelian-groups-computed-as-a-matrix-calculus	pending		
ex-the-bird-graph-and-co-bird-graph-by-adjacency	pending		
ex-the-boundary-flux-of-the-gradient-of-a-harmonic-function-vanishes	pending		U-P
ex-the-boundary-of-an-oriented-interval	pending		
ex-the-braid-group-on-three-strands	pending		
ex-the-bull-graph-is-self-complementary	pending		
ex-the-canonical-factorisation-of-a-module-homomorphism	pending		
ex-the-canonical-iterated-free-resolution-of-a-module	pending		
ex-the-canonical-map-between-two-bracketings-of-a-five-fold-product	pending		
ex-the-canonical-one-form-on-a-cotangent-bundle-as-a-covariant-tensor	pending		
ex-the-canonical-presentation-of-a-monoid	pending		
ex-the-cardinality-of-the-continuum	pending		U-P
ex-the-cartesian-monoidal-structure-on-sets-computed	pending		
ex-the-categorical-trace-of-a-linear-endomorphism-is-its-matrix-trace	pending		
ex-the-cayley-graph-and-word-metric-of-the-integers	pending		
ex-the-cayley-graph-of-a-free-abelian-group-of-finite-rank	pending		
ex-the-cayley-tree-of-a-free-group-of-rank-two	pending		
ex-the-centered-maximal-function-of-the-unit-interval-indicator-on-r	pending		
ex-the-chain-rule-for-radon-nikodym-derivatives-on-zero-one	pending		
ex-the-character-chi-four-and-leibniz-series	pending		A-P
ex-the-character-table-of-a-finite-cyclic-group-over-c	pending		U-P
ex-the-character-table-of-a-four	pending		U-P
ex-the-character-table-of-dih-c-four	pending		U-P
ex-the-character-table-of-q-eight	pending		U-P
ex-the-character-table-of-s-four-and-its-normal-subgroups	pending		U-P
ex-the-character-table-of-s-three	pending		U-P
ex-the-circle-from-two-stereographic-charts	pending		
ex-the-classical-bound-is-subpolynomial	pending		
ex-the-closed-ball-and-its-sphere-boundary	pending		
ex-the-closed-ball-is-an-elementary-solid-region-with-the-octant-presentation	pending		U-P
ex-the-closed-half-space-as-a-manifold-with-boundary	pending		
ex-the-closed-unit-box-is-an-elementary-solid-region	pending		U-P
ex-the-closure-operator-monad-on-a-topological-space	pending		
ex-the-cocountable-topology-in-the-separation-hierarchy	pending		
ex-the-coend-of-a-hom-functor	pending		
ex-the-cofinality-of-aleph-omega	pending		
ex-the-cofinite-topology-in-the-separation-hierarchy	pending		
ex-the-combinatorial-nullstellensatz-on-a-two-variable-polynomial	pending		
ex-the-commutator-pairings-of-the-dihedral-and-quaternion-groups-of-order-eight	pending		
ex-the-compact-open-topology-on-the-continuous-functions-of-the-line	pending		
ex-the-comparison-functor-for-the-free-group-adjunction	pending		
ex-the-complex-density-e-to-ix-dlambda-has-total-variation-two-pi	pending		
ex-the-complex-group-algebra-of-s-three-is-c-times-c-times-m-two-c	pending		U-P
ex-the-complex-group-algebra-of-z-mod-three-is-c-times-c-times-c	pending		U-P
ex-the-complex-group-algebras-of-q-eight-and-dih-c-four-have-the-same-wedderburn-decomposition	pending		U-P
ex-the-complex-plane-satisfies-all-grand-equivalence-clauses	pending		
ex-the-complex-representations-of-a-cyclic-group-of-order-n-are-the-n-characters	pending		
ex-the-cone-long-exact-sequence-for-multiplication-by-m	pending		
ex-the-cone-of-multiplication-by-m-on-the-integers	pending		
ex-the-cone-of-zero-and-of-the-identity	pending		
ex-the-cone-triangle-of-multiplication-by-m	pending		
ex-the-connecting-map-for-a-short-exact-sequence-of-two-term-complexes	pending		
ex-the-connecting-morphism-computed-for-a-short-exact-sequence-of-abelian-groups	pending		
ex-the-cotangent-pullback-of-a-coordinate-one-form	pending		
ex-the-covering-criterion-checked-in-abelian-groups	pending		
ex-the-cp-squared-extension-as-a-nonzero-two-cocycle	pending		
ex-the-cross-product-from-hodge-star-and-wedge	pending		
ex-the-cycle-lemma-on-a-word-of-length-seven	pending		
ex-the-cylinder-with-two-oppositely-oriented-boundary-components	pending		
ex-the-deleted-tychonoff-plank-separation-profile	pending		
ex-the-density-two-x-on-zero-one-is-the-radon-nikodym-derivative-of-two-x-indicator-dlambda	pending		
ex-the-derangements-of-a-four-element-set-listed	pending		
ex-the-diagonal-in-the-cofinite-and-cocountable-topologies	pending		
ex-the-diagonal-of-the-real-line-is-closed	pending		
ex-the-differential-of-a-constant-map-is-zero	pending		
ex-the-differential-of-a-map-between-spheres-in-stereographic-coordinates	pending		
ex-the-dihedral-group-of-order-eight-is-a-split-extension-of-c-four-by-c-two	pending		
ex-the-dimension-of-a-vector-space-is-its-linear-dimension	pending		
ex-the-dini-derivatives-of-x-sine-of-one-over-x-at-zero-are-four-distinct-values	pending		
ex-the-direct-product-a-times-z-as-an-hnn-extension	pending		
ex-the-directional-derivative-of-a-simple-singular-value	pending		
ex-the-discrete-and-indiscrete-extremes-of-the-hierarchy	pending		
ex-the-divergence-theorem-on-the-closed-unit-box	pending		U-P
ex-the-double-contravariant-power-set-monad	pending		
ex-the-double-of-a-disk-is-a-sphere	pending		
ex-the-dual-of-a-finite-dimensional-vector-space-as-a-categorical-dual	pending		
ex-the-dual-of-ell-two-is-ell-two-by-the-counting-measure-pairing	pending		
ex-the-e-graph-and-co-e-graph-by-adjacency	pending		
ex-the-e-graph-sits-inside-a-one-subdivided-star-and-deletes-to-the-five-vertex-path	pending		
ex-the-empty-and-zero-dimensional-morse-cases	pending		
ex-the-empty-relation-and-the-empty-function	pending		
ex-the-empty-set-is-the-product-of-the-large-family-of-all-sets	pending		
ex-the-end-formula-checked-against-natural-transformations-on-a-small-diagram	pending		
ex-the-epsilon-to-five-d-substitution-in-lemma-four-five-one	pending		
ex-the-euclidean-area-form-is-closed	pending		
ex-the-euclidean-metric-as-a-symmetric-two-tensor	pending		
ex-the-evaluation-family-is-dinatural	pending		
ex-the-exhaustion-metric-on-the-unit-disc	pending		
ex-the-exponential-function-omits-exactly-zero-and-shows-little-picard-is-sharp	pending		
ex-the-exponential-law-worked-on-the-line	pending		
ex-the-exponential-of-two-small-categories	pending		
ex-the-fifth-cyclotomic-polynomial-splits-into-linear-factors-over-f-eleven	pending		
ex-the-first-coefficients-of-the-catalan-generating-function	pending		
ex-the-first-dyadic-levels-of-the-urysohn-construction	pending		
ex-the-first-three-bar-differentials	pending		
ex-the-first-twelve-cyclotomic-polynomials	pending		
ex-the-five-abelian-groups-of-order-sixteen	pending		
ex-the-five-bracketings-of-a-four-fold-product	pending		
ex-the-five-cycle-has-homogeneous-number-two	pending		
ex-the-five-cycle-is-not-one-narrow	pending		U-P
ex-the-five-cycle-is-prime	pending		
ex-the-five-dyck-paths-of-semilength-three	pending		
ex-the-five-vertex-path-is-leaf-reducible	pending		
ex-the-five-vertex-path-is-perfect-but-not-a-cograph	pending		
ex-the-flow-box-coordinates-for-a-nonconstant-planar-field	pending		
ex-the-four-cycle-is-a-cograph	pending		
ex-the-four-element-field-from-an-irreducible-quadratic	pending		
ex-the-four-vertex-path-is-the-only-prime-graph-on-four-vertices	pending		
ex-the-fourteen-triangulations-of-a-convex-hexagon	pending		
ex-the-free-abelian-group-monad	pending		
ex-the-free-category-on-a-quiver	pending		
ex-the-free-monoid-monad-as-a-monoid-object	pending		
ex-the-frobenius-conjugates-of-a-generator-of-f-sixteen	pending		
ex-the-function-set-as-an-exponential-computed	pending		
ex-the-galois-connection-between-ideals-and-varieties	pending		
ex-the-galois-connection-of-images-and-preimages-for-a-module-homomorphism	pending		
ex-the-galois-group-of-f-eight-over-f-two	pending		
ex-the-galois-group-of-the-twelfth-cyclotomic-field-and-its-quadratic-subfields	pending		
ex-the-gaussian-family-is-an-l-one-approximate-identity	pending		
ex-the-geometric-series-has-only-one-singular-boundary-point	pending		
ex-the-gradient-and-hessian-of-a-small-least-squares-functional	pending		
ex-the-graph-of-a-bundle-map-as-a-subbundle-of-a-whitney-sum	pending		
ex-the-graph-of-a-continuous-real-function-is-closed	pending		
ex-the-graph-of-a-continuous-real-function-is-lebesgue-null-in-the-plane	pending		
ex-the-graph-of-the-sine-function-as-an-embedded-submanifold	pending		
ex-the-grothendieck-ring-of-finite-dimensional-vector-spaces	pending		
ex-the-group-action-monad-and-its-algebras	pending		
ex-the-half-interval-integral-functional-has-norm-two-to-the-minus-one-over-q	pending		
ex-the-handshake-identity-by-double-counting	pending		
ex-the-harmonic-oscillator-as-a-first-order-system	pending		
ex-the-hat-check-ratio-as-a-quotient-of-counts	pending		
ex-the-hawaiian-earring-has-no-universal-cover	pending		U-P
ex-the-heisenberg-group-at-the-prime-two-is-the-dihedral-group-of-order-eight	pending		
ex-the-heisenberg-group-of-order-twenty-seven	pending		
ex-the-hexagon-checked-for-cartesian-products	pending		
ex-the-holomorphic-hull-of-a-circle-in-c-is-the-filled-disc	pending		
ex-the-holomorphic-hull-of-a-product-torus-in-the-bidisc-is-the-polydisc	pending		
ex-the-hom-complex-of-two-two-term-complexes	pending		
ex-the-hom-double-complex-in-low-bidegrees	pending		
ex-the-homeomorphism-x-plus-cx-carries-the-cantor-set-to-a-measure-one-compact-set	pending		
ex-the-horseshoe-resolution-of-an-extension-of-cyclic-groups	pending		
ex-the-hyperbolic-plane-is-hyperbolic	pending		U-P
ex-the-idempotent-completion-of-a-ring-is-the-finitely-generated-projective-modules	pending		
ex-the-identity-endomorphism-and-its-coordinate-independent-trace	pending		
ex-the-identity-function-generates-lebesgue-measure	pending		
ex-the-incidence-matrix-of-the-fano-plane	pending		
ex-the-inclusion-matrix-of-points-against-pairs-on-four-points	pending		
ex-the-infinite-dihedral-group-is-quasi-isometric-to-the-integers	pending		
ex-the-integers-are-quasi-isometric-to-the-real-line	pending		
ex-the-interior-comonad-on-a-topological-space	pending		
ex-the-internal-hom-of-abelian-groups	pending		
ex-the-intersection-of-coordinate-spheres-as-a-transverse-level-set	pending		
ex-the-interval-the-cantor-set-and-the-hilbert-cube-are-compact	pending		
ex-the-inverse-contour-formula-recovers-a-local-inverse-value	pending		
ex-the-inverse-derivative-of-a-two-by-two-matrix	pending		
ex-the-irreducible-complex-characters-of-a-finite-cyclic-group-are-the-n-powers-of-a-primitive-nth-root	pending		
ex-the-kernel-cokernel-sequence-of-a-composite-of-module-maps	pending		
ex-the-kernel-row-failure-for-multiplication-by-two-computed	pending		
ex-the-klein-four-extension-of-c-two-by-c-two-is-direct	pending		
ex-the-kleisli-adjunction-for-the-maybe-monad-is-monadic-but-not-strictly-monadic	pending		
ex-the-lamplighter-group-is-amenable	pending		
ex-the-lebesgue-decomposition-of-half-lebesgue-plus-half-cantor-measure	pending		
ex-the-lebesgue-set-of-the-rationals-indicator-is-all-of-r	pending		
ex-the-left-derived-functors-of-an-exact-functor	pending		
ex-the-left-six-vertex-prime-h-graph-is-prime-and-leaf-deletes-to-the-bull	pending		A-R
ex-the-lemma-three-five-parameter-choice-on-a-large-graph	pending		
ex-the-list-monad-on-a-two-element-set	pending		
ex-the-local-ring-of-polynomials-at-x	pending		
ex-the-local-ring-z-at-p-and-its-residue-field	pending		
ex-the-loglog-bound-is-still-subpolynomial	pending		
ex-the-long-exact-hom-sequence-of-a-cone-triangle	pending		
ex-the-long-line-in-the-connectedness-hierarchy	pending		
ex-the-lower-limit-line-and-plane-separation-profile	pending		
ex-the-mapping-cylinder-of-an-inclusion-of-two-term-complexes	pending		
ex-the-mathieu-groups-among-the-sporadics	pending		
ex-the-maybe-monad-and-partial-functions	pending		
ex-the-metric-urysohn-function-costs-no-choice	pending		U-P
ex-the-mobius-band-is-nonorientable-with-oriented-circle-boundary	pending		
ex-the-mobius-band-line-foliation	pending		
ex-the-mobius-band-presented-by-two-regular-patches	pending		U-P
ex-the-mobius-line-bundle-from-a-transition-function	pending		
ex-the-modular-decomposition-of-a-blown-up-five-cycle	pending		
ex-the-modular-group-of-order-twenty-seven	pending		
ex-the-monic-irreducible-cubics-over-f-two-and-the-divisor-sum-identity	pending		
ex-the-moving-spike-family-in-the-three-topologies	pending		
ex-the-multiplication-by-m-complex-computes-a-cyclic-group	pending		
ex-the-n-sphere-with-its-standard-smooth-atlas	pending		
ex-the-nine-lemma-verified-on-a-diagram-of-cyclic-groups	pending		
ex-the-nonuniform-fisher-bound-on-the-seven-lines-of-the-fano-plane	pending		
ex-the-nonuniform-intersection-bound-on-the-pairs-in-four-points	pending		
ex-the-normal-bundle-of-the-sphere-in-euclidean-space-is-trivial	pending		
ex-the-one-point-space-represents-the-underlying-set-functor-on-top	pending		
ex-the-onto-functions-from-a-five-set-to-a-three-set-counted-both-ways	pending		
ex-the-orbit-category-kan-extension	pending		
ex-the-ordinal-spaces-omega-plus-one-and-omega-one	pending		
ex-the-oscillating-zigzag-curve-computed	pending		
ex-the-parallelogram-law-on-two-indicator-functions-in-l-two	pending		
ex-the-particular-point-topology-in-the-separation-hierarchy	pending		U-P
ex-the-path-antipath-theorem-specialized-to-the-five-vertex-path	pending		
ex-the-pentagon-checked-for-cartesian-products	pending		
ex-the-permutation-representation-on-left-cosets-g-mod-h	pending		
ex-the-planar-divergence-theorem-on-a-rectangle	pending		
ex-the-prism-operator-for-a-path-homotopy	pending		
ex-the-product-orientation-on-a-torus	pending		
ex-the-profinite-completion-of-a-finite-group	pending		
ex-the-profinite-completion-of-the-integers	pending		
ex-the-published-module-five-lemma-as-an-instance	pending		
ex-the-published-module-four-lemma-as-an-instance	pending		
ex-the-published-module-snake-lemma-as-an-instance	pending		
ex-the-quasi-isometry-group-of-a-metric-space-of-finite-diameter-is-trivial	pending		
ex-the-quasi-isometry-group-of-the-integers-contains-the-multiplicative-group-of-nonzero-reals	pending		
ex-the-quaternion-and-dihedral-central-extension-classes	pending		
ex-the-quaternion-group-acts-on-the-quaternions-by-left-multiplication	pending		
ex-the-quotient-of-a-function-by-its-kernel-computed	pending		
ex-the-quotient-witness-reduction-in-a-four-block-configuration	pending		
ex-the-radial-vector-field-and-dilation-flow	pending		
ex-the-rationals-are-totally-disconnected-and-not-discrete	pending		
ex-the-real-two-dimensional-irreducible-of-c-three-has-endomorphism-ring-c	pending		
ex-the-reflection-bijection-on-a-concrete-path	pending		
ex-the-regular-integral-sl2-block-of-category-o	pending		U-P
ex-the-regular-module-of-cp-in-characteristic-p	pending		
ex-the-regular-representation-of-c-two-splits-as-trivial-plus-sign	pending		
ex-the-regular-representation-of-z-mod-four-over-c-splits-into-four-characters	pending		U-P
ex-the-right-circular-cylinder-is-an-elementary-solid-region	pending		
ex-the-right-derived-functors-of-hom-from-a-fixed-object	pending		
ex-the-right-six-vertex-prime-h-graph-is-the-complement-of-the-left-one-and-is-prime	pending		A-R
ex-the-ring-as-a-generator-of-its-module-category	pending		
ex-the-rotation-vector-field-and-circle-flow	pending		
ex-the-same-sequence-in-real-and-p-adic-metrics	pending		
ex-the-second-exterior-power-matrix-equals-the-signed-minor-matrix	pending		
ex-the-self-density-of-a-clique	pending		
ex-the-seventh-cyclotomic-polynomial-factors-into-two-cubics-over-f-two	pending		
ex-the-short-five-lemma-chased-with-members	pending		
ex-the-sign-braiding-on-supervector-spaces	pending		
ex-the-singleton-family-p-three-is-viral	pending		
ex-the-six-abelian-groups-of-order-three-hundred-sixty	pending		
ex-the-slit-plane-is-simply-connected-by-the-principal-logarithm	pending		
ex-the-smallest-sets-and-their-power-sets	pending		
ex-the-snake-lemma-applied-to-multiplication-by-an-integer	pending		
ex-the-solution-set-for-groups-computed-on-a-two-element-set	pending		
ex-the-sorgenfrey-line-is-lindelof-and-its-square-is-not	pending		
ex-the-special-linear-group-as-a-regular-level-set	pending		
ex-the-sphere-and-its-two-sided-normal-tube	pending		U-P
ex-the-split-distinguished-triangle	pending		
ex-the-split-extension-as-the-zero-baer-class	pending		
ex-the-split-extension-as-the-zero-cocycle	pending		
ex-the-splitting-lemma-instantiated-at-the-published-module-theorem	pending		
ex-the-square-root-rescaling-in-lemma-four-four	pending		
ex-the-standard-circle-and-its-annular-tubular-neighbourhood	pending		U-P
ex-the-standard-collar-of-a-closed-ball	pending		
ex-the-standard-compactly-supported-bump-on-the-line	pending		
ex-the-standard-representation-of-s-n-has-character-fixed-points-minus-one	pending		U-P
ex-the-standard-two-dimensional-representation-of-s-three-is-irreducible	pending		
ex-the-star-expansion-of-k-three-contains-the-hatted-five-cycle	pending		
ex-the-star-expansion-of-the-four-vertex-path	pending		
ex-the-star-expansion-of-the-four-vertex-path-contains-an-induced-five-cycle	pending		
ex-the-star-expansion-of-the-four-vertex-path-contains-an-induced-seven-cycle	pending		
ex-the-star-expansion-of-the-four-vertex-path-contains-an-induced-six-cycle	pending		
ex-the-state-monad	pending		
ex-the-subfield-lattice-of-the-field-of-order-two-to-the-twelve	pending		
ex-the-subobject-classifier-of-a-presheaf-category	pending		
ex-the-subobject-lattice-of-a-cyclic-group-of-order-twelve	pending		
ex-the-subobject-lattice-of-a-two-dimensional-vector-space	pending		
ex-the-subobject-poset-of-the-integers-in-abelian-groups	pending		
ex-the-swap-braiding-on-sets	pending		
ex-the-tail-swap-involution-on-an-intersecting-pair	pending		
ex-the-tangent-and-cotangent-bundles-as-vector-bundles	pending		
ex-the-tangent-bundle-of-euclidean-space-is-trivial	pending		
ex-the-tangent-bundle-of-the-circle-is-a-cylinder	pending		
ex-the-tangent-bundle-of-the-circle-is-trivial	pending		
ex-the-tangent-space-of-euclidean-space	pending		
ex-the-tangent-space-of-the-sphere-from-curve-velocities	pending		
ex-the-tautological-line-bundle-over-real-projective-space	pending		
ex-the-tensor-double-complex-in-low-degrees	no_candidate_found	tor-pilot.json	
ex-the-tensor-product-of-a-right-and-a-left-monoid-set-as-a-coend	pending		
ex-the-thick-subcategory-of-acyclic-complexes	pending		
ex-the-third-isomorphism-theorem-checked-for-abelian-groups	pending		
ex-the-third-outcome-of-property-star-gives-a-pure-four-blockade	pending		
ex-the-three-catalan-families-matched-at-semilength-three	pending		
ex-the-three-cone-calculation-for-a-composite	pending		
ex-the-three-four-one-trigonometric-inequality	pending		
ex-the-torus-as-a-product-smooth-manifold	pending		
ex-the-trivial-delta-functor-of-an-exact-functor	pending		
ex-the-trivial-line-bundle-and-its-sections-as-functions	pending		
ex-the-twisted-arrow-category-of-the-walking-arrow	pending		
ex-the-two-dimensional-trivial-representation-of-c-two-has-many-irreducible-splittings-but-one-isotypic-component	pending		
ex-the-two-extraspecial-groups-of-order-thirty-two	pending		
ex-the-two-routes-around-the-pentagon-are-equal	pending		
ex-the-two-strand-braiding-in-the-braid-category-has-infinite-order	pending		
ex-the-typewriter-sequence-converges-in-measure-and-in-l-one-but-nowhere-pointwise	pending		
ex-the-ultrafilter-algebra-structure-on-a-finite-discrete-space	pending		
ex-the-ultrafilter-monad-on-a-finite-set	pending		U-P
ex-the-underlying-category-of-a-cat-enriched-category-forgets-the-two-cells	pending		
ex-the-unit-ball-family-is-normal-on-any-domain	pending		
ex-the-unit-circle-is-a-holomorphic-graph-near-zero-one	pending		
ex-the-unit-disc-extremal-problem-is-solved-by-the-identity	pending		
ex-the-unit-disc-satisfies-all-grand-equivalence-clauses	pending		
ex-the-unit-loop-in-real-line-mod-integers-is-essential	pending		U-P
ex-the-volume-of-a-closed-ball-from-the-outward-flux-of-the-position-field	pending		U-P
ex-the-word-category-on-words-of-length-three	pending		
ex-the-writer-monad-from-a-monoid	pending		
ex-the-zero-differential-complex-has-homology-equal-to-each-term	pending		
ex-the-zero-ring	pending		
ex-the-zero-weight-singular-central-character	pending		U-P
ex-the-zig-zag-identities-checked-in-finite-dimensional-vector-spaces	pending		
ex-thinning-a-four-block-weakly-sparse-blockade-to-directional-sparse-subblocks	pending		
ex-third-mertens-product-numerics	pending		
ex-thomae-integral-function-differentiates-through-dense-discontinuities	pending		
ex-thomae-is-riemann-integrable-with-integral-zero	pending		U-P
ex-thomae-values-and-oscillation-computed	pending		
ex-three-by-three-inverse-by-adjugate	pending		
ex-three-by-three-leibniz-expansion	no_candidate_found	root-determinants-02-receipts.json	
ex-three-cycle-quotient-of-s3	pending		
ex-three-radius-one-series-with-different-endpoint-behaviour	pending		
ex-three-sat-reduces-to-three-colourability	pending		U-P
ex-three-series-with-rare-large-jumps	pending		U-P
ex-thue-lemma-produces-a-two-square-representation	pending		
ex-tietze-extension-from-a-closed-interval-of-the-line	pending		U-P
ex-time-dependent-pullback-differentiation-for-a-translation	pending		
ex-time-diagonal-language-respects-its-budget	pending		U-P
ex-todd-coxeter-as-a-partial-coset-enumeration-procedure	pending		
ex-topological-generation-in-zp-squared	pending		
ex-tor-detects-n-torsion	pending		A-R
ex-tor-of-two-cyclic-groups-from-a-two-term-resolution	pending		A-R
ex-tor-symmetry-over-a-commutative-ring	pending		A-R
ex-torsion-free-reflection-computed	pending		
ex-torus-as-a-quotient-of-the-square	pending		U-P
ex-torus-from-one-handle-of-each-index	pending		U-P
ex-torus-surface-area	pending		
ex-torus-volume-by-washers	pending		
ex-trace-vanishes-on-a-purely-inseparable-extension	pending		
ex-transcendence-basis-and-algebraic-remainder	pending		
ex-transfinite-subway-pressing-down	pending		
ex-transitive-tournament-has-no-directed-cycle	pending		
ex-translated-tent-functions-converge-in-the-compact-open-topology	pending		
ex-translation-makes-x-four-plus-one-eisenstein	pending		
ex-transport-with-growth-and-source	pending		
ex-transverse-and-tangent-intersections-of-plane-curves	pending		
ex-trees-on-at-most-five-vertices	pending		
ex-triangle-area-by-determinant-and-base-height	pending		
ex-triangle-count-in-the-erdos-renyi-random-graph	pending		
ex-triangle-counting-in-a-complete-tripartite-graph	pending		
ex-triangle-has-jordan-content-one-half	pending		
ex-tricomi-equation-changes-type	pending		
ex-trigonometric-circle-loops-have-their-integer-degrees	pending		
ex-trigonometric-identities-worked-at-pi-over-twelve	pending		
ex-trigonometric-integral-one-over-a-plus-cos-theta	pending		
ex-trigonometric-polynomials-are-dense-on-the-circle	pending		
ex-trivial-action-of-z-two-is-not-faithful	pending		
ex-trivial-and-discrete-sigma-algebras	pending		
ex-trivial-and-total-quotients	pending		
ex-trivial-character-has-schur-index-one	pending		U-P
ex-trivial-coverings-and-discrete-fibre-products	pending		U-P
ex-trivial-factors-in-an-elementary-group	pending		
ex-trivial-homomorphism-kernel-and-image	pending		
ex-trivial-zeros-of-a-dirichlet-l-function	pending		A-P
ex-truncated-centering-weak-law-with-infinite-mean	pending		U-P
ex-truncated-svd-denoising-on-a-diagonal-problem	pending		
ex-truncation-iteration-for-a-recursive-specification	pending		
ex-turan-graph-t-ten-three	pending		
ex-turan-ramsey-colouring-witness	pending		
ex-twelvefold-way-labelled-labelled-at-three-and-two	pending		
ex-twelvefold-way-labelled-to-unlabelled-at-three-and-two	pending		
ex-twelvefold-way-unlabelled-to-labelled-at-three-and-two	pending		
ex-twelvefold-way-unlabelled-unlabelled-at-three-and-two	pending		
ex-two-adic-hilbert-symbol	pending		
ex-two-adic-square-test	pending		
ex-two-automorphisms-of-z-squared	pending		
ex-two-by-two-determinant-formula	no_candidate_found	root-determinants-02-receipts.json	
ex-two-by-two-matrix-multiplication-is-not-commutative	pending		
ex-two-by-two-systems-with-contrasting-condition-numbers	pending		
ex-two-canonical-maps-with-different-underlying-braids	pending		
ex-two-colour-bracelets-of-length-six	pending		
ex-two-colour-necklaces-of-length-six-by-polya	pending		
ex-two-colour-necklaces-of-length-six-by-the-cycle-construction	pending		
ex-two-colourings-of-a-square-up-to-dihedral-symmetry	pending		
ex-two-composition-series-of-a-module-refined	pending		
ex-two-composition-series-of-the-cyclic-group-of-order-twelve	pending		
ex-two-contiguous-maps-of-a-subdivided-interval	pending		
ex-two-continuous-real-functions-agreeing-on-the-rationals-are-equal	pending		
ex-two-cw-structures-on-the-circle-have-the-same-euler-characteristic	pending		U-P
ex-two-elements-with-the-same-number-of-neighbours-in-a-finite-symmetric-relation	pending		
ex-two-equation-implicit-system	pending		
ex-two-essentially-different-representations-force-compositeness	pending		
ex-two-finite-continued-fractions-for-a-rational	pending		
ex-two-gauge-choices-give-different-eigenvector-derivatives	pending		
ex-two-generating-sets-of-a-dihedral-group	pending		
ex-two-generating-sets-of-the-integers-give-different-but-bilipschitz-equivalent-word-metrics	pending		
ex-two-generators-for-a-dedekind-ideal	pending		
ex-two-homology-theories-with-different-coefficient-groups	pending		U-P
ex-two-homotopic-maps-with-different-components	pending		
ex-two-involutions-generate-the-infinite-dihedral-group	pending		
ex-two-is-the-only-even-prime	pending		
ex-two-large-anticonnected-components-give-a-complete-two-blockade	pending		
ex-two-normalizations-give-the-same-lebesgue-stieltjes-measure	pending		
ex-two-orthogonal-latin-squares-of-order-three	pending		
ex-two-out-of-three-for-a-diagram-of-finite-complexes	pending		
ex-two-plus-two	pending		
ex-two-point-duplication-algebra-and-its-quotient	pending		
ex-two-regular-minimal-normal-subgroups	pending		
ex-two-resolution-data-and-their-change-isomorphism	pending		
ex-two-root-x-and-its-unbounded-derivative	pending		
ex-two-sheeted-model-of-the-square-root-surface	pending		
ex-two-sided-basis-change-for-a-rectangular-linear-map	pending		
ex-two-singletons-are-canonically-isomorphic-representing-objects	pending		
ex-two-spanning-trees-of-one-graph	pending		
ex-two-square-representation-of-seventy-three-by-extended-euclid	pending		
ex-two-square-representations-from-prime-factorisation	pending		
ex-two-subsequential-limits	pending		
ex-two-to-sqrt-two-by-two-real-power-constructions	pending		
ex-two-transposition-factorisations-have-the-same-parity	pending		
ex-two-universal-delta-functors-and-their-unique-isomorphism	pending		
ex-two-z-ideal-not-a-unital-subring	pending		
ex-uct-cohomology-of-a-two-term-free-complex	pending		
ex-uct-homology-with-z-mod-m-coefficients	pending		
ex-ultrafilter-selects-a-cell-of-a-finite-partition	pending		
ex-unbounded-derivative-evaluated-by-henstock-kurzweil	pending		U-P
ex-unbounded-integrand-stieltjes-integrable	pending		U-P
ex-uncountable-bernoulli-coordinate-process	pending		U-P
ex-uncountable-cantor-cube-uniformizable-not-first-countable	pending		
ex-uncountable-discrete-space-meets-bing-not-urysohn	pending		
ex-underlying-set-and-forgetful-functors	pending		
ex-unequal-iterated-improper-integrals-on-the-unit-square	pending		
ex-uniform-integrability-repairs-the-expectation-limit	pending		
ex-uniform-random-variable-on-zero-one	pending		
ex-uniformisers-and-dvr-ideal-arithmetic	pending		
ex-unique-cube-root-of-two-modulo-twenty-nine	pending		
ex-unique-sylow-subgroup-of-affine-group-modulo-p-squared	pending		
ex-unit-and-counit-of-the-free-group-adjunction	pending		
ex-unit-and-counit-of-the-free-vector-space-adjunction	pending		
ex-unit-ball-volumes-through-five-from-slicing	pending		
ex-unit-box-volume-and-integral	pending		U-P
ex-unit-circle-arc-has-length-theta	pending		
ex-unit-circle-implicit-function-theorem	pending		
ex-unit-circle-pi-calibration-table	pending		
ex-unit-disc-has-jordan-content-pi	pending		
ex-unit-group-modulo-one-hundred-decomposition	pending		
ex-unit-group-modulo-two-hundred-forty	pending		
ex-unit-hyperbolic-area-brackets-e	pending		
ex-unit-n-ball-volumes-through-eight-from-gamma	pending		
ex-units-and-totient-modulo-twelve	pending		
ex-units-modulo-eight-are-not-cyclic	pending		
ex-unshifted-and-shifted-qr-steps-on-a-symmetric-matrix	pending		
ex-upper-and-lower-central-series-of-the-dihedral-group-of-order-eight	pending		
ex-usual-metric-uniformity-on-r	pending		
ex-v-shaped-path-is-rectifiable-but-not-c1	pending		
ex-valuation-ring-ideals-linearly-ordered	pending		
ex-vandermonde-checked-numerically	pending		
ex-vandermonde-conditioning-improves-after-centering-and-scaling	pending		
ex-vector-spaces-over-a-field-as-an-abelian-category	pending		
ex-viete-first-nested-radical-approximants	pending		
ex-volume-of-a-solid-of-revolution-by-cylindrical-shells	pending		
ex-volume-of-the-sine-solid-of-revolution	pending		
ex-von-mangoldt-divisor-sum	pending		
ex-von-mangoldt-residue-table	pending		
ex-w-three-two-equals-nine	pending		
ex-walk-trail-path-and-cycle-in-one-small-graph	pending		
ex-wallis-partial-products-and-integral-bounds	pending		
ex-weak-and-bruhat-orders-in-s-three	pending		
ex-weak-choice-implication-map	pending		
ex-weak-compositions-worked	pending		
ex-weak-dimension-and-global-dimension-for-a-field-and-the-integers	pending		A-R
ex-weak-law-for-bernoulli-sample-means	pending		U-P
ex-weak-law-for-independent-nonidentical-variables	pending		U-P
ex-weak-nullstellensatz-over-real-numbers	pending		
ex-wedge-products-of-the-standard-dual-basis	pending		
ex-weierstrass-division-of-z-one-by-z-two-squared-minus-z-one	pending		
ex-weierstrass-function-with-one-half-and-fifteen	pending		
ex-weighted-inner-product-on-finite-coordinate-space	pending		
ex-width-three-poset-and-a-minimum-chain-cover	pending		
ex-wild-different-exponent	pending		
ex-wilkinson-shifted-qr-deflates-a-symmetric-tridiagonal-tail	pending		
ex-winding-number-of-a-figure-eight-cycle	pending		
ex-winding-number-of-the-unit-circle-traversed-three-times	pending		
ex-winding-numbers-of-a-keyhole-contour	pending		
ex-word-problem-by-free-reduction	pending		
ex-word-problem-in-a-finite-cyclic-presentation	pending		
ex-x-cubed-is-strictly-increasing-with-a-vanishing-derivative	pending		
ex-x-cubed-minus-two-over-q-omega-is-cyclic	pending		
ex-x-cubed-minus-two-over-r-and-c	pending		
ex-x-fifth-minus-six-x-plus-three-is-not-solvable-by-radicals	pending		
ex-x-fifth-minus-two-is-solvable-by-radicals	pending		
ex-x-fifth-minus-x-minus-one-has-a-real-root	pending		
ex-x-four-plus-one-factors-into-two-real-quadratics	pending		
ex-x-p-minus-t-is-irreducible-and-inseparable	pending		
ex-x-sine-of-one-over-x-tends-to-zero	pending		
ex-x-squared-minus-two-is-irreducible-over-q	pending		
ex-x-squared-plus-one-is-irreducible-over-r	pending		
ex-x-squared-plus-one-is-irreducible-over-r-and-split-over-c	pending		
ex-x-squared-sine-of-one-over-x-is-differentiable	pending		
ex-x-squared-sine-of-one-over-x-squared	pending		U-P
ex-x-times-dirichlet-has-a-limit-only-at-zero	pending		
ex-x-times-dirichlet-is-continuous-exactly-at-zero	pending		U-P
ex-x-times-psi-tends-to-zero	pending		
ex-x-to-the-beta-separates-the-holder-classes	pending		
ex-x-to-the-minus-a-on-zero-one-and-on-one-infinity-calibrates-l-p-membership	pending		
ex-x-to-the-minus-one-half-is-unbounded-but-integrable	pending		
ex-x-to-x-tends-to-one	pending		
ex-x-xy-has-nonconstant-rank-on-every-neighborhood-of-origin	pending		U-P
ex-x-xy-is-a-diffeomorphism-off-the-axis	pending		
ex-xk-abs-x-smoothness-threshold	pending		
ex-xy-sine-one-over-radius-squared-has-unbounded-partial-derivatives	pending		
ex-yoneda-embedding-of-the-walking-arrow-category	pending		
ex-yoneda-lemma-for-a-monoid-action	pending		
ex-young-inequality-for-an-l-one-kernel-and-an-l-two-function	pending		
ex-young-integral-beyond-bounded-variation	pending		
ex-z-five-plus-three-z-plus-one-has-four-zeros-in-the-annulus-one-to-two	pending		
ex-z-five-plus-three-z-plus-one-has-one-zero-in-the-unit-disc	pending		
ex-z-mod-four-as-a-quotient-group	pending		
ex-z-n-acting-geometrically-on-euclidean-n-space	pending		
ex-z-one-over-one-minus-z-one-z-two-extends-across-the-punctured-bidisc	pending		
ex-z-one-squared-minus-z-two-prepares-to-z-two-minus-z-one-squared	pending		
ex-z-six-in-elementary-divisor-and-invariant-factor-forms	pending		
ex-z-squared-modulo-two-diagonal-relations-is-cyclic-of-order-six	pending		
ex-z-to-the-n-is-normal-on-the-disc-but-not-on-the-plane	pending		
ex-zariski-lemma-denominator-obstruction	pending		
ex-zariski-spectrum-not-hausdorff	pending		
ex-zariski-spectrum-of-the-integers	pending		
ex-zero-dimensional-nonnoetherian-ring	pending		
ex-zero-dimensional-rings-cohen-macaulay	pending		U-P
ex-zero-divisors-in-the-group-algebra-of-a-nontrivial-finite-group	pending		
ex-zero-divisors-modulo-composites	pending		
ex-zero-free-region-parameter-balance	pending		
ex-zero-module-associated-prime-boundary	pending		
ex-zero-one-law-for-convergence-of-a-random-series	pending		
ex-zero-one-outer-measure-on-a-two-point-set	pending		
ex-zero-second-derivative-extremum-trichotomy	pending		
ex-zero-sparse-sets-are-the-stable-sets	pending		
ex-zeta-four-equals-pi-to-the-four-over-ninety	pending		
ex-zeta-minus-two-vanishes-by-the-sine-factor	pending		
ex-zeta-two-from-tonelli-and-the-geometric-series	pending		
ex-zeta-zero-equals-minus-one-half	pending		
ex-zorn-poset-of-chains	pending		
fs-a-bijective-smooth-map-is-a-diffeomorphism	pending		
fs-a-block-is-an-invariant-subset	pending		
fs-a-bonferroni-truncation-is-exact	pending		
fs-a-boundary-point-can-become-an-interior-point-under-another-smooth-chart	pending		
fs-a-bounded-plane-set-has-an-area	pending		
fs-a-braiding-suffices-to-define-a-trace	pending		
fs-a-brauer-character-is-defined-on-all-elements-by-the-usual-trace	pending		
fs-a-c-one-bijection-has-a-c-one-inverse	pending		U-P
fs-a-cartesian-closed-category-has-all-finite-limits	pending		
fs-a-cat-enriched-category-is-the-same-thing-as-a-strict-two-category	pending		
fs-a-category-with-finite-products-and-finite-coproducts-has-biproducts	pending		
fs-a-chain-map-is-determined-by-its-maps-on-homology	pending		
fs-a-chart-domain-is-an-open-subset-of-euclidean-space	pending		
fs-a-chordal-limit-of-holomorphic-functions-cannot-be-identically-infinity	pending		
fs-a-coend-is-a-colimit-over-the-twisted-arrow-category-under-this-pages-convention	pending		
fs-a-compact-hausdorff-group-is-profinite-without-total-disconnectedness	pending		
fs-a-compact-subset-is-closed-in-every-space	pending		
fs-a-comparison-map-between-resolutions-is-unique-as-a-chain-map	pending		
fs-a-compatible-uniformity-is-unique	pending		U-P
fs-a-complex-character-of-a-finite-group-is-always-a-homomorphism	pending		U-P
fs-a-complex-inner-product-is-symmetric	pending		
fs-a-conical-limit-in-an-enriched-category-is-just-a-limit-in-the-underlying-category	pending		
fs-a-connected-space-is-locally-connected	pending		
fs-a-connected-space-is-path-connected	pending		
fs-a-continuous-function-is-differentiable-somewhere	pending		
fs-a-continuous-function-of-bounded-variation-is-absolutely-continuous	pending		
fs-a-continuous-function-on-a-compact-interval-has-a-rectifiable-graph	pending		
fs-a-continuous-functor-on-a-complete-category-has-a-left-adjoint	pending		
fs-a-continuous-real-function-on-any-subspace-of-a-normal-space-extends	pending		A-R
fs-a-convex-function-is-differentiable	pending		U-P
fs-a-convex-function-on-a-convex-set-is-continuous	pending		U-P
fs-a-critical-value-has-a-singular-level-set	pending		U-P
fs-a-degree-zero-natural-transformation-between-delta-functors-always-extends	pending		
fs-a-degreewise-split-short-exact-sequence-of-complexes-has-zero-connecting-map	pending		
fs-a-dense-set-of-outer-measure-zero-and-a-dense-set-of-full-inner-measure-cannot-coexist	pending		
fs-a-derived-functor-is-canonical-without-supplied-replacement-data	no_candidate_found	terra-derived-01-receipts.json	
fs-a-dfa-transition-diagram-may-omit-a-sink-without-changing-totality	pending		
fs-a-differentiable-function-has-a-continuous-derivative	pending		U-P
fs-a-divergence-free-field-has-zero-outward-flux-through-every-closed-surface	pending		U-P
fs-a-double-complex-totalisation-is-unambiguous-with-infinite-diagonals	pending		
fs-a-family-of-vc-dimension-d-has-at-most-n-to-the-d-members	pending		
fs-a-fibrewise-linear-continuous-bundle-map-is-automatically-smooth	pending		
fs-a-finite-index-d-subgroup-of-a-rank-n-free-group-has-rank-dn	pending		
fs-a-finite-patch-presentation-can-always-be-oriented-compatibly	pending		U-P
fs-a-finitely-generated-group-with-a-word-metric-is-a-geodesic-metric-space	pending		
fs-a-function-with-closed-graph-is-continuous	pending		
fs-a-functor-preserving-zero-morphisms-is-additive	pending		
fs-a-general-mixed-tensor-field-has-a-pullback-by-every-smooth-map	pending		
fs-a-generator-is-the-same-thing-as-a-projective-generator	pending		
fs-a-group-of-order-p-to-an-even-power-can-be-extraspecial	pending		
fs-a-group-with-r-conjugacy-classes-has-an-irreducible-of-degree-r	pending		U-P
fs-a-hahn-decomposition-is-unique	pending		
fs-a-lebesgue-measurable-set-with-empty-interior-is-lebesgue-null	pending		
fs-a-local-ode-solution-exists-on-the-whole-domain-of-the-vector-field	pending		U-P
fs-a-locally-uniform-limit-of-injective-holomorphic-functions-is-injective	pending		
fs-a-maximal-ode-solution-has-a-closed-interval-domain	pending		
fs-a-mobius-map-with-three-fixed-points-may-be-nonidentity	pending		
fs-a-monad-is-a-monoid-object-in-the-endofunctor-category-for-every-category	pending		
fs-a-monoid-object-in-the-endofunctor-category-is-the-definition-of-a-monad	pending		
fs-a-monoidal-category-carries-at-most-one-symmetry	pending		
fs-a-monoidal-functor-is-one-whose-structure-maps-are-isomorphisms	pending		
fs-a-n-is-simple-for-all-n-at-least-four	pending		
fs-a-nonconstant-meromorphic-function-on-the-plane-omits-at-most-one-sphere-value	pending		
fs-a-nonconstant-scalar-holomorphic-function-in-dimension-at-least-two-can-have-an-isolated-zero	pending		
fs-a-nonzero-one-form-has-a-nonzero-square-under-the-wedge-product	pending		
fs-a-partition-of-unity-can-glue-manifold-valued-maps-by-taking-weighted-sums	pending		
fs-a-pointwise-bounded-sequence-of-continuous-functions-has-a-uniformly-convergent-subsequence	pending		U-P
fs-a-pointwise-limit-of-continuous-functions-need-not-be-continuous-ae	pending		
fs-a-positive-semidefinite-hessian-gives-strict-convexity	pending		U-P
fs-a-preadditive-category-with-a-zero-object-has-binary-biproducts	pending		
fs-a-quasi-isometry-is-continuous-or-bijective	pending		
fs-a-quotient-of-a-tree-by-a-group-action-is-always-a-tree	pending		
fs-a-reflective-inclusion-creates-colimits	pending		
fs-a-regular-value-must-belong-to-the-image	pending		
fs-a-retract-must-be-a-deformation-retract	pending		
fs-a-set-theoretic-section-of-an-extension-is-automatically-a-homomorphism	pending		
fs-a-short-exact-sequence-of-vector-bundles-has-a-canonical-splitting	pending		
fs-a-short-exact-sequence-splits-whenever-its-middle-object-is-isomorphic-to-the-biproduct-of-the-outer-two	pending		
fs-a-shortest-walk-need-not-be-a-path	pending		
fs-a-signed-measure-can-take-both-plus-infinity-and-minus-infinity	pending		
fs-a-smooth-density-is-the-same-thing-as-a-top-form-on-a-nonorientable-manifold	pending		
fs-a-sparse-set-contains-a-stable-set-of-half-its-size	pending		
fs-a-split-minimal-polynomial-always-gives-diagonalisability	pending		
fs-a-square-matrix-over-a-commutative-ring-is-invertible-iff-its-determinant-is-nonzero	pending		
fs-a-subgroup-of-a-finitely-generated-free-group-is-finitely-generated	pending		
fs-a-subharmonic-function-can-attain-an-interior-maximum	pending		
fs-a-subobject-classifier-is-any-object-representing-monomorphisms	pending		
fs-a-subobject-is-a-monomorphism	pending		
fs-a-tangent-vector-at-p-is-a-vector-whose-tail-is-drawn-at-p	pending		
fs-a-tensor-functor-is-just-a-strong-monoidal-functor	pending		
fs-a-tensor-is-determined-by-its-values-on-diagonal-tuples-without-any-symmetry-hypothesis	pending		
fs-a-tietze-equivalent-presentation-can-change-solvability-of-the-word-problem	pending		
fs-a-totally-disconnected-space-is-discrete	pending		
fs-a-trace-can-be-defined-for-an-endomorphism-in-any-monoidal-category	pending		
fs-a-translation-invariant-borel-measure-on-the-line-is-a-multiple-of-lebesgue-measure	pending		
fs-a-triangle-is-distinguished-whenever-the-three-composites-vanish	pending		
fs-a-u-split-pair-is-a-split-pair-in-the-domain	pending		
fs-a-unit-and-counit-determine-an-adjunction-without-the-triangle-identities	pending		
fs-a-vertex-is-a-vertex-of-the-cayley-graph	pending		
fs-a-weighted-limit-is-the-ordinary-limit-of-the-same-diagram	pending		
fs-a-zero-elementary-tensor-has-a-zero-factor	pending		
fs-ab4-implies-ab5	pending		
fs-abel-summability-implies-ordinary-convergence	pending		
fs-absolute-continuity-is-preserved-under-composition	pending		
fs-absolute-value-measurable-does-not-imply-measurability	pending		U-P
fs-absolute-value-passes-through-a-contour-integral	pending		
fs-absolutely-continuous-measures-always-have-bounded-radon-nikodym-derivatives	pending		
fs-additive-implies-linear	pending		U-P
fs-ae-equality-with-a-measurable-function-does-not-imply-measurability	pending		
fs-agreement-on-a-generating-pi-system-always-determines-a-signed-measure	pending		
fs-algebraic-closure-is-unique-up-to-unique-isomorphism	pending		
fs-all-even-degrees-force-one-cycle	pending		
fs-all-finite-simple-groups-are-alternating-or-cyclic	pending		
fs-all-infinite-finitely-generated-groups-are-quasi-isometric	pending		
fs-all-norms-on-any-real-vector-space-are-equivalent	pending		U-P
fs-all-quasi-geodesics-in-all-metric-spaces-stay-close-to-geodesics	pending		U-P
fs-almost-everywhere-convergence-implies-convergence-in-measure-on-every-measure-space	pending		
fs-alpha-wedge-d-alpha-vanishes-for-every-one-form	pending		
fs-amenable-means-finite	pending		
fs-an-abelian-group-has-an-abelian-automorphism-group	pending		
fs-an-acyclic-mapping-cone-is-contractible	pending		
fs-an-acyclic-resolution-is-the-same-thing-as-an-injective-resolution	pending		
fs-an-additive-category-with-all-kernels-and-cokernels-is-abelian	pending		
fs-an-additive-functor-commutes-with-homology	pending		
fs-an-additive-functor-has-l-zero-naturally-isomorphic-to-itself	pending		
fs-an-ambiguous-cfg-need-not-generate-an-inherently-ambiguous-language	pending		
fs-an-arbitrary-disjoint-union-of-second-countable-manifolds-is-second-countable	pending		
fs-an-arbitrary-linear-projection-of-an-embedding-is-an-embedding	pending		
fs-an-arbitrary-pointwise-sum-of-smooth-functions-is-smooth	pending		
fs-an-arbitrary-supremum-of-measurable-functions-need-not-be-measurable	pending		U-P
fs-an-enriched-natural-transformation-is-a-natural-transformation-of-the-underlying-functors	pending		
fs-an-everywhere-invertible-complex-jacobian-forces-global-injectivity	pending		
fs-an-extension-of-m-by-n-represents-ext-one-of-n-by-m	pending		
fs-an-extension-of-nilpotent-groups-is-nilpotent	pending		
fs-an-extraspecial-p-group-has-a-complement-to-its-centre	pending		
fs-an-induced-irreducible-complex-character-is-always-irreducible	pending		U-P
fs-an-infinite-coproduct-of-complexes-has-homology-equal-to-the-coproduct-of-their-homologies-in-every-abelian-category	pending		
fs-an-inner-product-determines-an-orientation	pending		A-P
fs-an-intersection-of-connected-sets-is-connected	pending		
fs-an-inverse-limit-of-groups-may-be-empty	pending		
fs-an-open-c-one-map-has-invertible-derivative	pending		U-P
fs-an-oracle-machine-reads-the-infinite-oracle-at-once	pending		U-P
fs-an-orientable-manifold-comes-with-a-canonical-orientation	pending		
fs-an-orientation-determines-an-inner-product	pending		
fs-an-unbounded-total-derived-functor-exists-from-enough-injectives-alone	no_candidate_found	terra-derived-01-receipts.json	
fs-an-unbracketed-tensor-product-of-three-objects-is-well-defined-in-any-monoidal-category	pending		
fs-any-positive-zero-of-sine-characterizes-pi	pending		
fs-any-sequence-of-functors-with-long-exact-sequences-is-a-delta-functor	pending		U-P
fs-any-sequence-of-morphisms-is-a-chain-complex	pending		
fs-any-two-atlases-on-the-same-topological-manifold-have-a-union-atlas	pending		
fs-arbitrary-intersection-of-open-is-open	pending		
fs-arbitrary-intersection-of-opens-is-open-top	pending		
fs-arbitrary-product-of-open-sets-is-open	pending		
fs-arbitrary-transposition-and-n-cycle-generate-s-n	pending		
fs-artinian-modules-are-noetherian	pending		
fs-arzela-ascoli-alone-proves-montel	pending		
fs-baer-sum-is-formed-by-taking-only-the-direct-sum-of-middle-objects	pending		
fs-balance-of-ext-requires-the-spectral-sequence-pages	pending		
fs-becks-theorem-characterises-strict-monadicity	pending		
fs-bell-numbers-count-ordered-set-partitions	pending		
fs-blockade-order-never-matters-for-x-sparsity	pending		
fs-boundary-maximum-modulus-principle-on-unbounded-domains	pending		
fs-bounded-implies-convergent	pending		
fs-bounded-implies-riemann-integrable	pending		
fs-bounded-implies-totally-bounded	pending		
fs-bounded-variation-implies-absolute-continuity	pending		
fs-boundedness-is-a-topological-property	pending		
fs-brutal-and-canonical-truncation-are-the-same	no_candidate_found	terra-derived-01-receipts.json	
fs-c-c-is-dense-in-l-infinity-for-radon-measures	pending		
fs-c-c-of-rn-is-dense-in-l-infinity-of-rn	pending		
fs-c-prime-one-sixth-means-every-relator-has-length-at-most-six	pending		
fs-canonical-factor-maps-into-every-group-pushout-are-injective	pending		
fs-cantor-set-countable	pending		
fs-cardinal-addition-is-cancellative	pending		
fs-cardinal-exponentiation-is-strictly-monotone-in-the-base	pending		
fs-cardinality-of-a-union-adds-without-disjointness	pending		
fs-cauchy-complete-implies-lub	pending		
fs-cauchy-implies-convergent-in-every-metric-space	pending		
fs-cauchy-product-of-convergent-series-converges	pending		
fs-cauchy-riemann-at-a-point-implies-complex-differentiability	pending		
fs-cauchy-riemann-on-an-open-set-without-regularity-implies-holomorphy	pending		
fs-cayley-formula-counts-unlabelled-trees	pending		
fs-ccc-spaces-are-separable	pending		
fs-centralizer-of-the-fitting-subgroup-is-always-contained-in-the-fitting-subgroup	pending		
fs-cesaro-converse	pending		
fs-cfsg-composition-factors-determine-the-finite-group-up-to-isomorphism	pending		
fs-cfsg-says-every-finite-group-is-simple	pending		
fs-chain-homotopic-maps-are-equal-as-chain-maps	pending		
fs-characteristic-and-minimal-polynomials-determine-similarity	pending		
fs-chart-compatibility-needs-only-one-smooth-transition-direction	pending		
fs-circumference-to-radius-ratio-is-pi	pending		
fs-classical-mobius-inversion-is-unrelated-to-inclusion-exclusion	pending		
fs-closed-and-bounded-implies-compact-in-every-metric-space	pending		
fs-closed-ball-is-the-closure-of-the-open-ball	pending		
fs-closed-bounded-compact-without-completeness	pending		
fs-cnf-preserves-epsilon-without-an-exception	pending		
fs-cobounded-and-cocompact-are-unconditionally-identical	pending		
fs-coherence-says-that-any-two-parallel-morphisms-in-a-monoidal-category-are-equal	pending		
fs-colimits-in-grp-are-computed-on-underlying-sets	pending		
fs-compact-implies-sequentially-compact	pending		
fs-complementing-a-dfa-complements-its-transition-graph	pending		
fs-completed-product-sections-are-measurable-for-every-parameter	pending		
fs-completeness-is-a-topological-property	pending		
fs-complex-numbers-form-an-ordered-field	pending		
fs-complex-sine-and-cosine-are-bounded	pending		
fs-complex-symmetric-matrices-are-unitarily-diagonalizable	pending		A-P
fs-complexification-creates-a-real-eigenvector-whenever-it-creates-a-complex-one	pending		A-P
fs-complexification-doubles-finite-dimension	pending		A-P
fs-componentwise-boundedness-gives-a-convergent-sequence-in-every-dimension	pending		
fs-composing-a-lebesgue-measurable-function-with-a-continuous-map-need-not-preserve-measurability	pending		
fs-composition-factors-determine-a-finite-group-up-to-isomorphism	pending		
fs-cones-form-a-functor-in-every-triangulated-category	pending		
fs-conformal-equivalence-preserves-euclidean-area	pending		
fs-conformal-maps-preserve-euclidean-lengths	pending		
fs-conjugation-by-itself-carries-distinct-partitions-to-odd-partitions	pending		
fs-connected-complement-in-c-implies-simple-connectivity	pending		
fs-connected-subsets-of-rn-are-polygonally-connected	pending		
fs-consecutive-differences-null-implies-cauchy	pending		
fs-constant-rank-at-one-point-implies-constant-rank-nearby	pending		
fs-continuation-along-same-endpoint-paths-always-agrees	pending		
fs-continuity-almost-everywhere-differentiability-and-an-integrable-derivative-imply-newton-leibniz	pending		
fs-continuity-alone-suffices-for-the-regular-surface-area-formula	pending		
fs-continuity-from-above-without-finiteness	pending		
fs-continuity-implies-uniform-continuity	pending		
fs-continuity-of-the-derivative-implies-constant-rank	pending		U-P
fs-continuity-of-the-right-hand-side-guarantees-unique-ode-solutions	pending		U-P
fs-continuous-bijection-is-a-homeomorphism	pending		
fs-continuous-dependence-alone-implies-differentiable-dependence	pending		
fs-continuous-image-of-a-closed-set-is-closed	pending		
fs-continuous-images-of-lebesgue-measurable-subsets-of-r-are-lebesgue-measurable	pending		
fs-continuous-injections-preserve-hausdorff-dimension	pending		
fs-continuous-preimages-of-lebesgue-measurable-subsets-of-r-are-lebesgue-measurable	pending		
fs-contour-length-is-the-length-of-its-trace	pending		
fs-convergence-at-one-noncentral-point-forces-entire-convergence	pending		
fs-convergence-in-measure-implies-almost-everywhere-convergence	pending		
fs-convergent-implies-absolutely-convergent	pending		
fs-convergent-subsequence-implies-bounded	pending		
fs-converse-of-lagrange-for-finite-groups	pending		
fs-convolution-is-measurable-for-every-lebesgue-representative	pending		
fs-countable-additivity-without-disjointness	pending		
fs-countable-intersections-of-clubs-are-always-club	pending		
fs-countably-compact-implies-compact	pending		
fs-countably-infinite-sigma-algebras-exist	pending		
fs-critical-hausdorff-measure-is-always-finite-positive	pending		
fs-curve-velocities-in-two-charts-have-the-same-coordinate-tuple	pending		
fs-cut-has-greatest	pending		
fs-cycle-index-determines-the-abstract-group	pending		
fs-decomposition-into-irreducible-subrepresentations-is-unique	pending		
fs-degree-drop-by-one-is-enough-for-rational-real-integral-convergence	pending		
fs-degree-join-is-set-union	pending		U-P
fs-degree-sequence-determines-a-simple-graph	pending		
fs-dehn-reduction-is-the-same-as-free-reduction	pending		
fs-derived-functors-in-two-variables-are-automatically-balanced	pending		
fs-determinant-is-additive-on-matrices	no_candidate_found	root-determinants-02-receipts.json	A-P
fs-diagonalisability-requires-distinct-characteristic-roots	pending		
fs-diagonalization-needs-literal-source-self-reading	pending		U-P
fs-dinatural-transformations-compose	pending		
fs-distinct-groups-have-distinct-cycle-indices	pending		
fs-distinct-irreducible-complex-characters-of-a-finite-group-have-distinct-degrees	pending		U-P
fs-dominated-convergence-without-a-dominating-function	pending		
fs-effaceability-means-every-positive-value-is-zero	pending		
fs-egorovs-theorem-holds-on-every-measure-space	pending		
fs-elementary-divisors-determine-free-rank	pending		
fs-enough-projectives-implies-a-canonical-resolution-for-every-object	pending		
fs-enough-projectives-selects-a-projective-resolution-functor-on-all-objects	pending		
fs-entire-bounded-on-real-axis-is-constant	pending		
fs-entire-order-equals-canonical-genus	pending		
fs-equal-characteristic-and-minimal-polynomials-imply-similarity	pending		
fs-equal-cross-sections-force-congruence	pending		
fs-equivalence-classes-of-extensions-automatically-form-a-set	pending		
fs-equivalent-extensions-mean-only-that-the-middle-groups-are-isomorphic	pending		
fs-equivalent-metrics-share-cauchy-sequences	pending		
fs-erdos-ko-rado-without-the-ground-set-bound	pending		
fs-erdos-stone-simonovits-determines-the-extremal-number-for-every-graph	pending		
fs-euclids-product-of-primes-plus-one-is-prime	pending		
fs-every-abelian-category-has-a-generator	pending		
fs-every-abelian-category-has-enough-projectives-and-enough-injectives	pending		
fs-every-abelian-category-is-equivalent-to-a-category-of-modules	pending		
fs-every-abelian-group-is-hyperbolic	pending		U-P
fs-every-absolutely-continuous-function-is-lipschitz	pending		
fs-every-acyclic-complex-is-contractible	pending		
fs-every-acyclic-complex-of-projective-objects-is-contractible	pending		
fs-every-aleph-is-regular	pending		
fs-every-algebra-for-a-monad-is-free	pending		
fs-every-algebraic-extension-is-simple	pending		
fs-every-atomless-borel-measure-on-r-has-a-density	pending		
fs-every-baire-space-is-completely-metrizable	pending		A-R
fs-every-basis-of-a-finite-field-over-a-subfield-is-a-normal-basis	pending		
fs-every-block-has-one-ordinary-and-one-brauer-irreducible-character	pending		U-P
fs-every-borel-measure-on-an-lch-space-is-radon	pending		
fs-every-borel-measure-on-r-is-finite-on-compact-sets	pending		
fs-every-boundary-point-of-a-radius-one-power-series-is-singular	pending		
fs-every-bounded-plane-domain-has-a-dirichlet-solution	pending		
fs-every-braided-monoidal-category-is-equivalent-to-a-strict-commutative-one	pending		
fs-every-bull-free-graph-is-perfect	pending		
fs-every-cartesian-closed-category-is-locally-cartesian-closed	pending		
fs-every-category-is-locally-small	pending		
fs-every-central-extension-is-a-stem-extension	pending		
fs-every-closed-c1-field-on-a-connected-open-set-is-exact	pending		
fs-every-closed-differential-form-is-globally-exact	pending		
fs-every-comb-has-pairwise-anticomplete-blocks	pending		
fs-every-compact-path-connected-planar-set-has-a-universal-cover	pending		U-P
fs-every-compact-solid-has-a-volume	pending		U-P
fs-every-complex-class-function-with-self-inner-product-one-is-a-character	pending		U-P
fs-every-complex-linear-operator-descends-to-every-chosen-real-form	pending		A-P
fs-every-complex-of-projectives-is-homotopically-projective	no_candidate_found	terra-derived-01-receipts.json	
fs-every-complex-vector-space-has-a-preferred-real-form	pending		
fs-every-conservative-right-adjoint-is-monadic	pending		
fs-every-constant-dimensional-family-of-tangent-subspaces-is-a-smooth-distribution	pending		
fs-every-continuous-complex-function-on-a-domain-has-a-primitive	pending		
fs-every-continuous-function-is-differentiable-almost-everywhere	pending		
fs-every-continuous-function-on-a-convex-domain-has-a-primitive	pending		
fs-every-continuous-partition-of-unity-on-a-smooth-manifold-is-smooth	pending		
fs-every-continuous-self-map-of-the-circle-is-nullhomotopic	pending		
fs-every-coset-is-a-subgroup	pending		
fs-every-critical-point-is-an-isolated-point	pending		
fs-every-crossed-homomorphism-is-an-ordinary-homomorphism	pending		
fs-every-cycle-in-a-connected-plane-domain-is-null-homologous	pending		
fs-every-degree-one-representation-is-trivial	pending		
fs-every-derivative-is-riemann-integrable	pending		U-P
fs-every-diagram-built-from-the-associator-and-the-braiding-commutes	pending		
fs-every-diagram-in-a-monoidal-category-commutes	pending		
fs-every-divisor-of-the-group-order-is-an-irreducible-character-degree	pending		U-P
fs-every-domain-in-c-n-is-a-domain-of-holomorphy	pending		
fs-every-domain-in-c-two-is-a-domain-of-holomorphy	pending		
fs-every-edge-lies-in-every-spanning-tree	pending		
fs-every-embedded-submanifold-is-an-open-subset-of-the-ambient-manifold	pending		
fs-every-end-exists	pending		
fs-every-endomorphism-has-a-commuting-diagonal-plus-nilpotent-decomposition	pending		
fs-every-endomorphism-has-jordan-form-over-its-base-field	pending		
fs-every-endomorphism-is-triangularisable	pending		
fs-every-enriched-category-has-constant-enriched-functors	pending		
fs-every-entire-function-with-antiderivative-is-polynomial	pending		
fs-every-equivalence-is-an-isomorphism-of-categories	pending		
fs-every-fermat-number-is-prime	pending		
fs-every-finite-abelian-group-is-the-galois-group-of-a-cyclotomic-field	pending		
fs-every-finite-borel-measure-on-a-compact-hausdorff-space-is-regular	pending		
fs-every-finite-group-is-a-product-of-cyclic-prime-power-groups	pending		
fs-every-finite-k-linear-abelian-category-is-semisimple	pending		
fs-every-finitely-additive-set-function-is-a-measure	pending		
fs-every-finitely-presented-group-has-solvable-word-problem	pending		A-P
fs-every-function-g-times-g-to-m-is-a-factor-set	pending		
fs-every-functor-preserves-ends	pending		
fs-every-functor-with-a-left-adjoint-also-has-a-right-adjoint	pending		
fs-every-functor-with-a-left-adjoint-is-monadic	pending		
fs-every-fundamental-group-is-abelian	pending		
fs-every-galois-subgroup-corresponds-to-a-normal-subextension	pending		
fs-every-germ-is-regular-in-the-last-variable-without-a-coordinate-change	pending		
fs-every-graph-with-at-least-four-vertices-has-a-nontrivial-module	pending		
fs-every-group-has-a-universal-central-extension	pending		
fs-every-hausdorff-compactification-is-stone-cech	pending		
fs-every-hausdorff-locally-euclidean-space-is-a-manifold	pending		
fs-every-hausdorff-space-is-regular	pending		
fs-every-henstock-kurzweil-integrable-function-is-a-derivative	pending		U-P
fs-every-hereditary-class-has-a-finite-forbidden-basis	pending		
fs-every-hereditary-class-is-erdos-hajnal	pending		
fs-every-hnn-extension-is-an-ascending-hnn-extension	pending		
fs-every-holomorphic-function-on-a-domain-continues-past-its-boundary	pending		
fs-every-idempotent-is-an-orthogonal-projection	pending		
fs-every-idempotent-splits	pending		
fs-every-increasing-function-defines-a-lebesgue-stieltjes-measure	pending		
fs-every-increasing-function-satisfies-newton-leibniz	pending		
fs-every-injection-of-a-set-into-itself-is-a-bijection	pending		
fs-every-injective-immersion-is-a-proper-embedding	pending		
fs-every-injective-immersion-is-an-embedding	pending		
fs-every-injective-module-is-projective	pending		
fs-every-irreducible-polynomial-is-separable	pending		
fs-every-irreducible-quintic-over-q-is-insoluble-by-radicals	pending		
fs-every-irreducible-real-polynomial-has-degree-one	pending		
fs-every-k-form-on-an-n-manifold-can-be-nonzero-when-k-is-greater-than-n	pending		
fs-every-kan-extension-is-pointwise	pending		
fs-every-l-p-cauchy-sequence-converges-pointwise-almost-everywhere	pending		
fs-every-leaf-of-a-regular-foliation-is-an-embedded-submanifold	pending		
fs-every-lebesgue-measurable-set-is-a-borel-set	pending		
fs-every-level-set-of-a-smooth-map-is-a-graph	pending		
fs-every-linear-functional-on-smooth-germs-is-a-tangent-vector	pending		
fs-every-manifold-is-orientable	pending		
fs-every-many-one-reduction-is-parsimonious	pending		U-P
fs-every-measure-is-absolutely-continuous-or-singular-with-respect-to-lebesgue-measure	pending		
fs-every-metrizable-space-is-cech-complete	pending		U-P
fs-every-minimal-generating-set-of-an-arbitrary-finite-group-has-the-same-size	pending		
fs-every-mobius-self-map-restricts-to-an-entire-biholomorphism	pending		
fs-every-module-has-a-composition-series	pending		
fs-every-monoidal-category-is-closed	pending		
fs-every-monoidal-category-is-isomorphic-to-a-strict-one	pending		
fs-every-monoidal-category-is-monoidally-equivalent-to-a-skeletal-strict-one	pending		
fs-every-monoidal-category-is-rigid	pending		
fs-every-monoidal-category-is-strict	pending		
fs-every-monotone-class-is-an-algebra	pending		
fs-every-nonamenable-group-contains-a-rank-two-free-subgroup	pending		U-P
fs-every-noncompact-submanifold-has-a-uniform-radius-tubular-neighbourhood	pending		U-P
fs-every-nontrivial-normal-subgroup-of-a-primitive-group-is-regular	pending		
fs-every-nonzero-element-is-a-unit-or-a-zero-divisor	pending		
fs-every-normal-space-is-completely-regular	pending		
fs-every-normal-space-is-hausdorff	pending		
fs-every-object-of-an-abelian-category-has-a-composition-series	pending		
fs-every-orthogonal-set-is-an-orthonormal-basis	pending		
fs-every-pointwise-assignment-of-a-tangent-vector-is-a-smooth-vector-field	pending		
fs-every-poset-has-an-incidence-algebra	pending		
fs-every-primitive-group-has-a-unique-minimal-normal-subgroup	pending		
fs-every-profinite-group-is-pro-p-for-some-prime	pending		
fs-every-projective-module-is-free	pending		
fs-every-proper-embedding-of-an-n-manifold-lands-in-r-n	pending		
fs-every-property-defines-a-set	pending		
fs-every-pure-blockade-is-complete-or-anticomplete	pending		
fs-every-quasi-isomorphism-is-a-chain-homotopy-equivalence	pending		
fs-every-quasi-isomorphism-is-an-isomorphism-of-complexes	pending		
fs-every-real-polynomial-has-a-real-root	pending		
fs-every-reduction-of-an-ordinary-irreducible-remains-irreducible	pending		
fs-every-reflective-subcategory-is-closed-under-colimits	pending		
fs-every-regular-space-is-metrizable	pending		
fs-every-regular-space-is-normal	pending		
fs-every-repeated-subword-is-a-piece	pending		
fs-every-representation-is-faithful	pending		
fs-every-riemann-integrable-function-is-borel-measurable	pending		
fs-every-rigid-k-linear-abelian-monoidal-category-is-a-tensor-category	pending		
fs-every-set-has-sup	pending		
fs-every-set-is-open-or-closed	pending		
fs-every-short-exact-sequence-of-groups-splits	pending		
fs-every-short-exact-sequence-splits	pending		
fs-every-smooth-distribution-is-integrable	pending		
fs-every-smooth-function-defined-near-a-closed-set-extends-globally-without-a-cutoff	pending		A-R
fs-every-smooth-manifold-is-compact	pending		
fs-every-smooth-map-of-the-plane-is-real-analytic	pending		
fs-every-smooth-vector-field-is-complete	pending		
fs-every-smooth-vector-field-on-euclidean-space-is-complete	pending		
fs-every-solvable-group-is-abelian	pending		
fs-every-special-p-group-is-extraspecial	pending		
fs-every-split-group-extension-is-a-direct-product	pending		
fs-every-subexponential-growth-group-has-polynomial-growth	pending		U-P
fs-every-subnet-of-a-sequence-is-a-subsequence	pending		
fs-every-subnormal-series-is-a-normal-series	pending		
fs-every-subset-is-caratheodory-measurable	pending		
fs-every-subset-of-r-is-borel	pending		
fs-every-subset-of-r-is-lebesgue-measurable	pending		U-P
fs-every-t1-space-is-hausdorff	pending		
fs-every-tensor-is-an-elementary-tensor	pending		
fs-every-topology-is-metrizable	pending		
fs-every-transitive-action-is-primitive	pending		
fs-every-tree-action-is-a-free-action	pending		
fs-every-tree-action-is-without-edge-inversions	pending		
fs-every-tree-automorphism-fixes-a-vertex	pending		
fs-every-triangle-free-graph-is-bipartite	pending		
fs-every-triangulated-subcategory-is-thick	pending		
fs-every-two-homogeneous-action-is-two-transitive	pending		
fs-every-ultrafilter-principal	pending		
fs-every-value-of-an-irreducible-complex-character-is-real	pending		U-P
fs-every-vector-bundle-is-globally-trivial	pending		
fs-every-vector-field-can-be-pushed-forward-by-every-smooth-map	pending		
fs-every-vector-field-on-a-manifold-with-boundary-has-a-local-two-sided-flow-inside-the-manifold	pending		
fs-every-word-containing-a-stable-letter-is-nontrivial	pending		
fs-every-zero-sequence-admits-a-genus-zero-canonical-product	pending		
fs-evt-holds-on-every-bounded-domain	pending		
fs-exactness-can-be-defined-without-first-producing-a-canonical-monomorphism	pending		
fs-exponential-generating-functions-multiply-without-labelled-product-hypothesis	pending		
fs-ext-is-covariant-in-both-variables	pending		
fs-ext-is-defined-before-choosing-or-supplying-resolutions	pending		
fs-extension-degree-equals-number-of-automorphisms	pending		
fs-extension-degrees-add-in-a-tower	pending		
fs-f-p-n-is-z-mod-p-n	pending		
fs-fatou-lemma-is-always-an-equality	pending		
fs-finite-nilpotent-and-solvable-groups-coincide	pending		
fs-finite-partitions-always-suffice-for-complex-total-variation	pending		
fs-finite-values-and-finite-additivity-force-finite-total-variation	pending		
fs-finite-volume-implies-finite-lateral-surface-area	pending		
fs-finitely-additive-functions-on-algebras-always-extend	pending		
fs-finitely-generated-modules-over-domains-split-into-cyclic-modules	pending		
fs-first-cohomology-classifies-all-subgroups-of-a-semidirect-product	pending		
fs-first-cohomology-with-nonabelian-coefficients-is-a-group	pending		
fs-first-countable-spaces-are-second-countable	pending		
fs-fisher-inequality-holds-over-the-two-element-field	pending		
fs-flat-modules-have-projective-dimension-zero	pending		A-R
fs-flux-is-independent-of-the-parametrization	pending		
fs-folner-sequences-exist-for-every-uncountable-amenable-group	pending		
fs-four-square-representations-of-a-prime-are-essentially-unique	pending		
fs-free-product-of-abelian-groups-is-abelian	pending		
fs-freeness-of-chain-groups-can-be-dropped-from-the-classical-kunneth-statement	pending		
fs-frobenius-applies-to-any-variable-rank-family-of-subspaces	pending		
fs-function-limit-preserves-strict-inequality	pending		
fs-gadget-correctness-needs-only-one-direction	pending		U-P
fs-galois-correspondence-is-inclusion-preserving	pending		
fs-gamma-extends-to-the-nonpositive-integers	pending		
fs-gamma-is-entire	pending		
fs-gamma-recurrence-and-factorial-values-do-not-characterize-gamma	pending		
fs-gcd-times-lcm-equals-the-product	pending		
fs-gch-on-alephs-is-a-choice-free-formulation	pending		
fs-generating-families-determine-measures	pending		
fs-geometric-multiplicity-determines-jordan-block-sizes	pending		
fs-goursats-theorem-requires-continuity-of-the-derivative	pending		
fs-greendlinger-lemma-applies-to-every-finitely-presented-group	pending		
fs-gromovs-polynomial-growth-theorem-is-proved-on-this-page	pending		U-P
fs-group-cohomology-is-the-derived-functor-of-coinvariants	pending		
fs-grouping-can-be-undone	pending		
fs-groups-of-lie-type-are-developed-here-through-lie-algebra-structure	pending		
fs-groups-of-order-forty-two-have-a-normal-sylow-two-subgroup	pending		
fs-growth-function-is-independent-of-the-generating-set-pointwise	pending		
fs-h-one-is-defined-here-as-crossed-homomorphisms-modulo-principal-ones	pending		
fs-h-two-classifies-extensions-with-arbitrary-nonabelian-kernel	pending		U-P
fs-h-two-is-defined-here-as-equivalence-classes-of-group-extensions	pending		
fs-hausdorff-dimension-of-union-is-the-sum	pending		
fs-hausdorff-measure-is-countably-additive-on-all-subsets	pending		U-P
fs-heine-borel-holds-in-every-normed-space	pending		U-P
fs-henstock-kurzweil-integrable-functions-are-bounded	pending		U-P
fs-henstock-kurzweil-integrable-implies-riemann-integrable	pending		U-P
fs-hereditary-classes-are-closed-under-all-subgraphs	pending		
fs-hnn-normal-form-is-canonical-without-transversals	pending		
fs-hodge-star-needs-only-the-vector-space-structure	pending		A-P
fs-holder-equality-forces-the-functions-themselves-to-be-proportional	pending		
fs-homotopy-equivalent-spaces-are-homeomorphic	pending		
fs-hopfs-formula-is-obviously-independent-of-the-presentation	pending		U-P
fs-hyperbolic-group-means-a-group-with-a-hyperbolic-plane-subgroup	pending		U-P
fs-in-an-abelian-category-a-morphism-that-is-monic-and-epic-need-not-be-an-isomorphism	pending		
fs-inclusion-and-exclusion-for-three-sets-without-the-triple-term	pending		
fs-increasing-unions-of-monotone-classes-are-monotone-classes	pending		
fs-increasing-unions-of-sigma-algebras-are-sigma-algebras	pending		
fs-induced-outer-measures-always-agree-with-finitely-additive-data	pending		
fs-induction-followed-by-restriction-is-the-identity-on-complex-representations	pending		U-P
fs-induction-without-base	pending		
fs-infinite-product-converges-iff-terms-tend-to-one	pending		
fs-injective-real-differentiable-map-has-nonzero-jacobian	pending		
fs-inner-regularity-on-open-sets-implies-inner-regularity-on-all-borel-sets	pending		
fs-integrability-is-equivalent-to-a-nowhere-dense-discontinuity-set	pending		U-P
fs-integration-by-parts-needs-no-integrability-hypothesis	pending		A-R
fs-intermediate-value-property-implies-continuity	pending		
fs-invertible-derivative-at-a-point-gives-a-local-inverse	pending		
fs-invertible-derivative-everywhere-gives-a-global-inverse	pending		
fs-involutivity-can-be-tested-on-the-pointwise-bracket-of-tangent-vectors	pending		
fs-isomorphic-middle-groups-force-equivalent-group-extensions	pending		
fs-isomorphism-between-splitting-fields-is-unique	pending		
fs-iterated-double-sums-always-agree	pending		
fs-iwasawas-criterion-needs-only-transitivity	pending		
fs-jensens-inequality-on-an-infinite-measure-space	pending		
fs-jordan-canonical-form-is-a-unique-matrix	pending		
fs-jordan-holder-needs-a-finiteness-hypothesis-only-on-the-category	pending		
fs-kernel-and-quotient-determine-a-group-extension	pending		
fs-kolmogorov-complexity-is-an-absolute-integer	pending		U-P
fs-kunneth-over-a-pid-is-always-a-tensor-product-isomorphism	pending		U-P
fs-kurosh-says-every-subgroup-of-a-free-product-is-free	pending		
fs-l-one-convergence-implies-almost-everywhere-convergence	pending		
fs-l-one-convolution-is-defined-at-every-point	pending		
fs-l-one-half-with-its-p-functional-is-a-normed-space	pending		
fs-l-p-includes-into-l-r-on-every-measure-space-when-p-less-r	pending		
fs-l-p-of-every-measure-space-is-separable-for-finite-p	pending		
fs-lambda-systems-are-closed-under-finite-intersections	pending		
fs-lan-along-a-fully-faithful-functor-always-restricts-back-to-the-original-functor	pending		
fs-large-arc-vanishing-follows-from-pointwise-decay-alone	pending		
fs-lebesgue-outer-measure-equals-jordan-outer-content-for-bounded-sets	pending		
fs-lebesgue-stieltjes-measures-determine-the-distribution-function-without-normalization	pending		
fs-lebesgue-stieltjes-measures-have-zero-point-masses	pending		
fs-left-adjoints-preserve-limits	pending		
fs-left-and-right-duals-of-an-object-are-isomorphic	pending		
fs-left-and-right-global-dimension-are-equal-by-definition	pending		
fs-lie-derivative-and-interior-product-commute-for-all-vector-fields	pending		
fs-limit-computable-has-a-known-stabilization-stage	pending		U-P
fs-limit-equals-value	pending		
fs-limit-exists-implies-bounded-on-the-domain	pending		
fs-limit-preserves-strict-inequality	pending		
fs-limit-unique-at-every-point-of-the-domain	pending		
fs-limsup-additive	pending		
fs-lindelofness-is-hereditary	pending		
fs-lindelofness-is-productive	pending		
fs-linearity-of-expectation-requires-independence	pending		
fs-linearity-without-the-integrability-hypothesis	pending		
fs-little-picard-needs-a-boundedness-hypothesis	pending		
fs-local-compactness-is-hereditary	pending		
fs-local-existence-at-each-initial-point-gives-one-uniform-time-interval-for-all-initial-points	pending		
fs-local-lipschitz-continuity-is-necessary-for-ode-uniqueness	pending		U-P
fs-localization-identifies-a-quasi-isomorphism-with-an-identity-morphism	no_candidate_found	terra-derived-01-receipts.json	
fs-lusins-theorem-says-measurable-functions-are-continuous-off-a-null-set	pending		
fs-luzin-property-n-implies-absolute-continuity	pending		
fs-major-index-equals-inversion-number-pointwise	pending		
fs-mapping-cone-is-a-functor-on-the-homotopy-category-with-no-extra-data	pending		
fs-maschkes-theorem-still-gives-semisimplicity-when-p-divides-the-group-order	pending		U-P
fs-maschkes-theorem-without-the-characteristic-hypothesis	pending		
fs-matrix-polynomial-substitution-is-a-ring-homomorphism	pending		
fs-matrix-tree-theorem-needs-a-particular-cofactor	no_candidate_found	root-spectral-02-receipts.json	
fs-maximal-antichain-need-not-be-maximum	pending		
fs-maximal-is-greatest	pending		
fs-maximum-modulus-principle-without-connectedness	pending		
fs-mean-value-theorem-needs-no-continuity-at-the-endpoints	pending		
fs-measurable-level-sets-do-not-imply-measurability	pending		U-P
fs-measurable-sections-imply-product-measurability	pending		U-P
fs-measure-zero-implies-nowhere-dense	pending		
fs-member-equivalence-is-transitive-in-any-pointed-category-with-pullbacks	pending		
fs-meromorphic-function-equals-the-naive-sum-of-its-principal-parts	pending		
fs-minimum-modulus-principle-without-nonvanishing	pending		
fs-mobius-depends-only-on-interval-cardinality	pending		
fs-modular-representations-are-determined-by-ordinary-characters	pending		U-P
fs-monic-and-epic-implies-isomorphism	pending		
fs-monotone-convergence-without-monotonicity	pending		
fs-monotone-functions-have-at-most-countably-many-nondifferentiability-points	pending		
fs-monotone-paths-weakly-below-the-diagonal-are-half-of-all-monotone-paths	pending		
fs-multiset-product-exists-for-every-coefficient-sequence	pending		
fs-n-squared-plus-n-plus-forty-one-is-always-prime	pending		
fs-naive-composition-of-limits	pending		
fs-naturality-of-the-long-exact-sequence-follows-without-checking-the-connecting-square	pending		
fs-negative-has-square-root	pending		
fs-nested-intervals-implies-lub	pending		
fs-nested-open-intervals-nonempty	pending		
fs-nl-equals-conl-follows-by-state-swapping	pending		U-P
fs-no-proper-power-relators-alone-implies-torsion-free	pending		
fs-noetherian-rings-have-a-uniform-bound-on-ideal-generators	pending		
fs-noetherian-rings-have-noetherian-subrings	pending		
fs-nonconstructive-expanders-suffice-for-uniform-reductions	pending		U-P
fs-nonisomorphic-finite-groups-can-have-the-same-character-table	pending		U-P
fs-nonisomorphic-groups-cannot-have-isomorphic-cayley-graphs	pending		
fs-nonisomorphic-objects-can-have-isomorphic-representable-presheaves	pending		
fs-nonnegative-integrable-with-zero-integral-vanishes	pending		U-P
fs-nonnegative-quadratic-values-force-self-adjointness	pending		A-P
fs-normal-in-characteristic-implies-normal-in-the-whole-group	pending		
fs-normal-operators-are-diagonalisable-over-the-base-field	pending		A-P
fs-normality-implies-algorithmic-randomness	pending		U-P
fs-normality-means-sequential-limits-stay-inside-the-family	pending		
fs-not-every-category-has-all-small-limits	pending		
fs-not-every-finite-dimensional-algebra-over-a-field-is-semisimple	pending		U-P
fs-not-every-quintic-is-insoluble-by-radicals	pending		
fs-nowhere-dense-implies-measure-zero	pending		
fs-np-complete-means-known-not-in-p	pending		U-P
fs-np-means-not-polynomial	pending		U-P
fs-nth-term-test-converse	pending		
fs-null-implies-content-zero	pending		
fs-objectwise-isomorphisms-x-isomorphic-to-x-double-dual-supply-a-pivotal-structure	pending		
fs-onan-scott-is-the-classification-of-finite-simple-groups	pending		A-R
fs-one-component-determines-a-natural-transformation	pending		
fs-one-existing-iterated-integral-guarantees-multiple-riemann-integrability	pending		
fs-one-finite-folner-set-proves-amenability	pending		
fs-one-variable-isolated-singularity-theory-has-a-several-variable-analogue	pending		
fs-operator-norm-is-the-largest-eigenvalue-modulus	pending		
fs-ordinal-addition-is-commutative	pending		
fs-ordinal-addition-is-strictly-monotone-in-the-left-argument	pending		
fs-ordinal-multiplication-is-commutative	pending		
fs-ordinal-multiplication-is-right-distributive	pending		
fs-ordinals-form-a-set	pending		U-P
fs-outer-measures-are-countably-additive-on-power-sets	pending		
fs-paracompact-spaces-are-normal	no_candidate_found	terra-partitions-01-receipts.json	
fs-paracompactness-is-hereditary	no_candidate_found	terra-partitions-01-receipts.json	
fs-paracompactness-is-productive	no_candidate_found	terra-partitions-01-receipts.json	
fs-paradoxical-decomposition-means-a-set-theoretic-partition-without-group-translates	pending		
fs-parametrization-independence-includes-orientation-reversal	pending		
fs-partitions-into-k-parts-are-counted-by-binomial-coefficients	pending		
fs-pattern-inventory-specialises-to-the-plain-count-under-every-weight-assignment	pending		
fs-pointwise-convergence-implies-uniform-convergence-on-compact-sets	pending		
fs-pointwise-limit-of-riemann-integrable-is-integrable	pending		
fs-pointwise-limits-of-integrable-functions-are-integrable	pending		
fs-polar-isometry-is-unique-for-singular-operators	pending		A-P
fs-polynomial-degree-determines-the-galois-group	pending		
fs-polynomial-size-implies-uniform-generation	pending		U-P
fs-positive-ext-vanishes-whenever-either-variable-is-injective	pending		
fs-positive-linear-functionals-on-c-c-are-uniformly-bounded	pending		
fs-positive-second-laplacian-eigenvalue-characterises-two-connectivity	no_candidate_found	root-spectral-02-receipts.json	
fs-power-series-convergence-at-one-point-forces-global-convergence	pending		
fs-power-series-uniform-on-its-open-interval	pending		
fs-premeasure-extensions-are-always-unique	pending		
fs-preserving-binary-products-and-equalizers-does-not-imply-continuity	pending		
fs-principal-value-convergence-implies-improper-convergence	pending		
fs-product-measure-is-unique-without-sigma-finiteness	pending		
fs-product-of-complete-measure-spaces-is-complete	pending		
fs-product-topology-equals-box-topology	pending		
fs-projections-are-closed-maps	pending		
fs-projections-from-every-surjective-inverse-system-are-surjective-in-zf	pending		
fs-projective-and-injective-modules-coincide-over-every-ring	pending		
fs-projective-covers-are-canonical-equalities-rather-than-unique-isomorphism-classes	pending		
fs-projective-dimension-is-the-length-of-any-projective-resolution	pending		
fs-projective-ext-and-injective-ext-are-equal-by-definition	pending		
fs-proper-action-means-every-orbit-is-bounded	pending		
fs-pseudopolynomial-is-polynomial-in-bit-length	pending		U-P
fs-pullback-of-a-compactly-supported-form-is-always-compactly-supported	pending		
fs-punctured-domain-functions-must-be-unbounded	pending		
fs-q-is-g-delta	pending		
fs-quotient-map-is-open	pending		
fs-quotient-of-a-hausdorff-space-is-hausdorff	pending		
fs-ratio-and-root-limits-always-agree	pending		
fs-ratio-limsup-at-least-one-diverges	pending		
fs-rational-power-of-negative-base	pending		
fs-rationals-complete	pending		
fs-real-differentiability-implies-complex-differentiability	pending		
fs-rearrangement-preserves-the-sum	pending		
fs-recurrence-coefficients-alone-determine-the-sequence	pending		
fs-recursively-enumerable-trivial-words-form-a-decision-algorithm	pending		A-R
fs-reduction-mod-p-of-an-ordinary-character-is-always-irreducible	pending		U-P
fs-reidemeister-schreier-needs-no-choice-of-transversal	pending		
fs-relativized-separations-prove-unrelativized-separations	pending		U-P
fs-residue-theorem-applies-to-any-cycle-in-the-domain	pending		
fs-restriction-of-an-irreducible-complex-representation-is-always-irreducible	pending		U-P
fs-reverse-order-pseudoinversion-holds-without-hypotheses	pending		
fs-riemann-map-is-unique-without-normalization	pending		
fs-riemann-zeta-is-entire	pending		
fs-riemann-zeta-is-given-by-its-dirichlet-series-for-all-s-not-one	pending		
fs-right-noetherian-rings-are-left-noetherian	pending		
fs-rmk-representing-measure-is-unique-among-all-borel-measures	pending		
fs-runge-gives-polynomial-approximation-on-any-compact-set	pending		
fs-same-cycle-type-implies-conjugate-in-a-n	pending		
fs-sard-theorem-holds-for-every-c1-map-between-arbitrary-dimensions	pending		
fs-schreier-generators-are-always-a-free-basis	pending		
fs-schur-covering-groups-are-unique-for-all-finite-groups	pending		U-P
fs-schur-zassenhaus-conjugacy-needs-no-solvability-or-deeper-input	pending		
fs-schur-zassenhaus-says-every-hall-subgroup-is-normal	pending		
fs-schurs-lemma-over-an-arbitrary-field-still-forces-scalars	pending		
fs-schwarz-lemma-holds-without-a-fixed-point-at-zero	pending		
fs-second-countability-is-arbitrarily-productive	pending		
fs-semicontinuity-implies-continuity-on-a-compact-set	pending		U-P
fs-semisimple-rings-are-commutative	pending		
fs-separability-is-hereditary	pending		
fs-separable-degree-always-equals-extension-degree	pending		
fs-separable-spaces-are-second-countable	pending		
fs-separate-holomorphy-can-fail-to-imply-local-boundedness	pending		
fs-separately-real-analytic-functions-are-jointly-continuous	pending		
fs-sequence-construction-with-a-size-zero-object	pending		
fs-sequentially-compact-implies-compact	pending		
fs-sequentially-continuous-implies-continuous	pending		
fs-set-difference-is-associative	pending		
fs-several-variable-identity-theorem-from-an-accumulation-point	pending		
fs-shannon-counting-gives-an-explicit-hard-function	pending		U-P
fs-shapiro-lemma-needs-no-distinction-between-induction-and-coinduction	pending		
fs-sharpp-is-a-language-class	pending		U-P
fs-sigma-n-and-pi-n-are-disjoint	pending		U-P
fs-simply-connected-plane-domains-are-convex	pending		
fs-simply-connected-plane-domains-are-star-shaped	pending		
fs-sin-x-over-x-by-sector-areas	pending		
fs-singular-values-are-absolute-values-of-the-eigenvalues	pending		
fs-solvable-by-radicals-does-not-force-an-abelian-galois-group	pending		
fs-soundness-quantifies-only-over-honest-provers	pending		U-P
fs-spherical-coordinates-are-globally-injective	pending		
fs-split-characteristic-polynomials-give-only-pure-exponentials	pending		
fs-sqrt2-rational	pending		
fs-square-roots-of-a-non-negative-operator-are-unique	pending		
fs-stars-and-bars-holds-for-every-number-of-parts	pending		
fs-stirling-second-kind-counts-surjections	pending		
fs-stokes-needs-the-surface-to-be-a-graph	pending		
fs-strict-contraction-has-a-fixed-point	pending		U-P
fs-strict-convexity-gives-a-positive-definite-hessian	pending		U-P
fs-strictification-requires-the-axiom-of-choice	pending		
fs-subgroups-of-equal-p-power-order-are-conjugate	pending		
fs-subsequence-convergence-implies-convergence	pending		
fs-subsets-of-null-sets-are-always-measurable	pending		
fs-substitution-holds-for-every-integrable-integrand	pending		
fs-sum-check-computes-all-exponential-summands	pending		U-P
fs-sup-belongs-to-set	pending		
fs-surface-area-is-the-supremum-of-inscribed-polyhedral-areas	pending		U-P
fs-symmetry-and-transitivity-imply-reflexivity	pending		
fs-tensor-products-of-nonzero-cyclic-groups-are-always-nonzero	pending		
fs-tensoring-preserves-injections	pending		
fs-the-addition-on-an-additive-category-is-extra-structure-that-must-be-chosen	pending		
fs-the-adjoint-depends-linearly-on-complex-scalars	pending		
fs-the-alternating-row-sum-vanishes-for-every-n	pending		
fs-the-argument-principle-counts-zeros-without-multiplicity	pending		
fs-the-bar-contracting-homotopy-is-group-equivariant	pending		
fs-the-base-group-may-collapse-in-an-hnn-extension	pending		
fs-the-borel-hierarchy-closes-after-two-steps	pending		U-P
fs-the-boundaries-of-a-complex-are-a-quotient-of-its-cycles	pending		
fs-the-boundary-definition-needs-no-properness-or-equivalence-check	pending		U-P
fs-the-boundary-orientation-is-given-by-inward-normal-first	pending		
fs-the-canonical-map-to-profinite-completion-is-always-injective	pending		
fs-the-canonical-morphism-from-the-coimage-to-the-image-is-invertible-whenever-the-two-objects-are-isomorphic	pending		
fs-the-cartan-matrix-equals-the-decomposition-matrix	pending		U-P
fs-the-catalan-numbers-satisfy-a-constant-coefficient-linear-recurrence	pending		
fs-the-cayley-graph-of-a-group-does-not-depend-on-the-generating-set	pending		
fs-the-central-binomial-quotient-is-an-integer-only-for-small-n	pending		
fs-the-characteristic-polynomial-determines-diagonalisability	pending		
fs-the-closure-of-a-path-connected-set-is-path-connected	pending		
fs-the-cochain-and-crossed-homomorphism-definitions-of-first-cohomology-agree-automatically	pending		
fs-the-coefficients-of-every-cyclotomic-polynomial-lie-in-minus-one-zero-and-one	pending		
fs-the-cohomology-connecting-morphism-lowers-degree	pending		
fs-the-combinatorial-nullstellensatz-holds-without-the-top-coefficient-hypothesis	pending		
fs-the-commutator-pairing-determines-an-extraspecial-p-group-up-to-isomorphism	pending		
fs-the-commutator-pairing-needs-no-choice-of-a-central-generator	pending		
fs-the-compact-open-topology-is-always-metrizable	pending		
fs-the-connecting-morphism-depends-on-the-choices-made-in-its-construction	pending		
fs-the-connecting-morphism-is-defined-by-choosing-one-lift-with-no-independence-proof	pending		
fs-the-continuum-has-cardinality-aleph-omega	pending		
fs-the-coordinate-components-of-a-tensor-transform-as-independent-scalar-functions	pending		
fs-the-cotangent-bundle-uses-the-same-transition-matrices-as-the-tangent-bundle	pending		
fs-the-cross-ratio-is-preserved-by-every-sphere-homeomorphism	pending		
fs-the-cyclotomic-polynomial-is-irreducible-over-every-field	pending		
fs-the-definition-of-a-derived-map-may-depend-on-the-chosen-comparison-lift	pending		
fs-the-degreewise-splitting-of-the-cone-sequence-is-a-chain-splitting	pending		
fs-the-derived-category-is-the-same-category-as-the-homotopy-category	no_candidate_found	terra-derived-01-receipts.json	
fs-the-diagram-lemmas-in-an-abelian-category-follow-from-the-module-case-by-the-embedding-theorem	pending		U-P
fs-the-differential-of-a-smooth-map-is-its-jacobian-matrix	pending		
fs-the-dimension-of-an-object-is-independent-of-the-pivotal-structure	pending		
fs-the-epsilon-delta-condition-characterises-absolute-continuity-for-every-measure	pending		
fs-the-erdos-szekeres-bound-can-be-lowered	pending		
fs-the-essential-supremum-equals-the-pointwise-supremum	pending		
fs-the-evaluation-map-is-always-continuous	pending		
fs-the-exterior-derivative-depends-on-a-riemannian-metric	pending		
fs-the-exterior-derivative-is-c-infinity-linear	pending		
fs-the-exterior-power-is-a-canonical-subspace-of-the-tensor-power-over-every-field	pending		
fs-the-factor-set-is-independent-of-the-section-as-a-function	pending		
fs-the-fibrewise-quotient-of-a-vector-bundle-by-arbitrary-varying-subspaces-is-a-vector-bundle	pending		
fs-the-five-lemma-needs-only-that-the-two-middle-maps-are-monic	pending		
fs-the-forgetful-functor-from-topological-spaces-is-monadic	pending		
fs-the-frattini-subgroup-is-functorial-for-all-homomorphisms	pending		
fs-the-frattini-subgroup-is-the-union-of-the-maximal-subgroups	pending		
fs-the-free-cocompletion-theorem-holds-for-a-large-source-category	pending		
fs-the-functional-equation-alone-characterizes-zeta	pending		
fs-the-functional-equation-determines-gamma	pending		U-P
fs-the-fundamental-group-of-a-graph-of-groups-is-a-topological-fundamental-group-by-definition	pending		
fs-the-grothendieck-ring-of-a-tensor-category-is-always-commutative	pending		
fs-the-group-algebra-of-a-nontrivial-finite-group-is-a-field	pending		
fs-the-group-of-n-th-roots-of-unity-has-n-elements-in-every-field	pending		
fs-the-holomorphic-inverse-function-theorem-is-global	pending		
fs-the-hom-set-form-of-an-adjunction-needs-no-size-hypothesis	pending		
fs-the-homology-functor-is-exact-on-short-exact-sequences-of-complexes	pending		
fs-the-homotopy-category-is-obtained-by-identifying-quasi-isomorphisms-with-identities	pending		
fs-the-horseshoe-connecting-map-is-independent-without-a-comparison-proof	pending		
fs-the-horseshoe-middle-resolution-is-canonical	pending		
fs-the-image-of-every-immersion-is-an-embedded-submanifold	pending		
fs-the-integral-function-is-always-a-primitive	pending		U-P
fs-the-integral-of-a-form-is-the-sum-over-an-arbitrary-atlas-without-a-partition	pending		
fs-the-integral-of-a-top-form-is-defined-without-an-orientation	pending		
fs-the-integral-of-every-exact-form-on-every-manifold-is-zero	pending		
fs-the-intersection-of-the-empty-family-is-the-empty-set	pending		
fs-the-intrinsic-topology-of-an-immersed-submanifold-is-always-the-subspace-topology	pending		
fs-the-kernel-row-of-a-morphism-of-short-exact-sequences-is-short-exact	pending		
fs-the-kleisli-and-eilenberg-moore-categories-are-equivalent-for-every-monad	pending		
fs-the-kunneth-short-exact-sequence-has-a-canonical-splitting	pending		
fs-the-left-and-right-internal-homs-agree-in-every-monoidal-category	pending		
fs-the-left-and-right-traces-always-agree	pending		
fs-the-library-proves-the-classification-of-finite-simple-groups	pending		U-P
fs-the-lie-bracket-is-c-infinity-linear-in-each-vector-field	pending		
fs-the-lie-derivative-is-c-infinity-linear-in-the-vector-field	pending		
fs-the-mapping-cone-differential-needs-no-minus-sign	pending		
fs-the-mapping-cylinder-factorization-is-a-model-category-factorization	pending		
fs-the-mean-value-equality-holds-for-vector-valued-maps	pending		U-P
fs-the-members-of-an-object-form-an-abelian-group	pending		
fs-the-middle-nine-lemma-holds-without-assuming-the-composite-is-zero	pending		
fs-the-norm-is-always-the-product-of-the-embeddings	pending		
fs-the-novikov-boone-theorem-proves-the-uniform-problem-only	pending		A-P
fs-the-octahedral-axiom-is-the-associativity-of-composition	pending		
fs-the-oddtown-bound-can-be-improved-to-n-minus-one	pending		
fs-the-onan-scott-theorem-requires-the-classification-of-finite-simple-groups	pending		A-P
fs-the-ordinal-two-to-the-omega-is-uncountable	pending		
fs-the-orthogonal-normal-bundle-of-a-submanifold-is-defined-without-a-metric	pending		
fs-the-p-seminorm-on-calligraphic-l-p-is-a-norm	pending		
fs-the-pentagon-follows-from-the-triangle	pending		
fs-the-perron-envelope-always-attains-the-boundary-data	pending		
fs-the-piecewise-function-exp-minus-one-over-t-is-analytic-at-zero	pending		
fs-the-pointwise-supremum-of-an-arbitrary-family-of-subharmonic-functions-is-subharmonic	pending		
fs-the-pointwise-values-x-p-and-y-p-determine-the-value-of-their-lie-bracket-at-p	pending		
fs-the-preimage-of-every-embedded-submanifold-is-a-submanifold	pending		
fs-the-product-lebesgue-sigma-algebra-is-the-full-euclidean-lebesgue-sigma-algebra	pending		
fs-the-product-rule-makes-a-product-larger	pending		
fs-the-prover-must-run-in-polynomial-time	pending		U-P
fs-the-published-finite-tree-definition-already-covers-bass-serre-trees	pending		
fs-the-pullback-bundle-is-the-set-theoretic-inverse-image-of-the-total-space	pending		
fs-the-pullback-of-an-epimorphism-is-an-epimorphism-in-any-category-with-pullbacks	pending		
fs-the-quotient-graph-determines-the-acting-group-without-stabilizer-data	pending		
fs-the-radon-nikodym-derivative-is-a-uniquely-determined-function	pending		
fs-the-radon-nikodym-theorem-holds-without-sigma-finiteness	pending		
fs-the-rational-numbers-form-a-baire-space	pending		U-P
fs-the-real-numbers-are-algebraically-closed	pending		
fs-the-rearrangement-sums-of-a-non-absolutely-convergent-series-fill-the-space	pending		U-P
fs-the-riemann-sphere-is-homeomorphic-to-the-complex-plane	pending		
fs-the-riemann-surface-of-a-multivalued-function-is-always-a-subset-of-c-squared	pending		
fs-the-rotation-of-a-distinguished-triangle-has-no-sign	pending		
fs-the-same-delta-works-after-every-change-of-generating-set	pending		U-P
fs-the-schur-multiplier-is-defined-as-h-two-cohomology-with-complex-units	pending		
fs-the-second-generation-cfsg-proof-is-complete-as-of-2026	pending		
fs-the-set-of-critical-values-is-always-closed	pending		
fs-the-shift-of-a-complex-keeps-the-same-differential-with-no-sign	pending		
fs-the-snake-lemma-is-just-a-pair-of-short-exact-kernel-and-cokernel-rows	pending		
fs-the-socle-is-always-a-single-simple-group	pending		
fs-the-standard-bilinear-form-on-the-two-element-field-is-an-inner-product	pending		
fs-the-strong-enriched-yoneda-lemma-for-a-large-category-constructs-the-whole-enriched-functor-category	pending		
fs-the-subobject-lattice-of-an-abelian-category-is-distributive	pending		
fs-the-subspace-topology-on-a-leaf-is-always-its-manifold-topology	pending		
fs-the-subtraction-rule-produces-a-unique-member	pending		
fs-the-sum-of-the-irreducible-degrees-equals-the-group-order	pending		U-P
fs-the-tangent-space-at-a-boundary-point-has-dimension-n-minus-one	pending		
fs-the-tangent-space-is-defined-only-after-embedding-the-manifold-in-euclidean-space	pending		
fs-the-third-map-in-a-morphism-of-triangles-is-unique	pending		
fs-the-trace-is-always-surjective	pending		
fs-the-tubular-neighbourhood-retraction-is-canonical	pending		
fs-the-two-tor-constructions-are-equal-by-definition	no_candidate_found	tor-pilot.json	
fs-the-underlying-ordinary-category-determines-the-enriched-category	pending		
fs-the-underlying-set-functor-on-top-does-not-preserve-limits	pending		
fs-the-union-of-two-domains-of-holomorphy-is-a-domain-of-holomorphy	pending		
fs-the-unit-constraints-must-be-imposed-as-axioms	pending		
fs-the-unit-n-ball-volume-increases-with-dimension	pending		
fs-the-universal-coefficient-short-exact-sequence-splits-naturally	pending		U-P
fs-the-universal-coefficient-theorem-always-gives-a-natural-direct-sum-decomposition	pending		
fs-the-wedge-product-is-commutative	pending		
fs-the-word-metric-is-right-invariant	pending		
fs-the-yoneda-embedding-preserves-colimits	pending		
fs-the-yoneda-product-is-graded-commutative-for-every-abelian-category	pending		
fs-the-zero-h-two-class-corresponds-to-the-direct-product-only	pending		
fs-there-is-a-measurable-set-with-density-one-half-in-every-interval	pending		
fs-there-is-exactly-one-extraspecial-group-of-each-admissible-order	pending		
fs-tonelli-holds-without-sigma-finiteness	pending		
fs-tor-is-symmetric-over-every-noncommutative-ring	pending		U-P
fs-tor-one-of-r-mod-i-and-m-is-always-the-i-torsion-submodule-of-m	pending		A-R
fs-tor-one-vanishes-only-when-one-module-is-projective	pending		A-R
fs-tor-takes-two-left-modules-over-an-arbitrary-ring	no_candidate_found	tor-pilot.json	
fs-torsion-free-modules-over-pids-are-free-without-finite-generation	pending		
fs-total-variation-always-equals-the-absolute-value-of-the-set-value	pending		
fs-totally-bounded-implies-compact	pending		
fs-transfer-matrix-inversion-needs-a-spectral-radius-hypothesis	pending		
fs-transfinite-induction-needs-choice	pending		U-P
fs-translation-is-continuous-in-l-infinity	pending		
fs-translation-length-is-always-the-distance-from-an-arbitrary-basepoint	pending		
fs-transversality-is-globally-open-for-arbitrary-noncompact-sources-in-the-uniform-c1-topology	pending		
fs-two-colouring-forces-an-infinite-monochromatic-progression	pending		
fs-two-continuous-maps-agreeing-on-a-dense-subset-are-equal	pending		
fs-two-groups-with-isomorphic-profinite-completions-are-isomorphic	pending		
fs-two-morphisms-that-agree-on-every-member-are-equal	pending		
fs-two-narrow-implies-one-narrow	pending		U-P
fs-two-nonisomorphic-complete-ordered-fields	pending		
fs-two-roofs-are-equal-whenever-their-right-hand-arrows-are-equal	no_candidate_found	terra-derived-01-receipts.json	
fs-two-submanifolds-with-nonempty-intersection-are-transverse	pending		
fs-two-syzygies-of-an-object-are-canonically-isomorphic	pending		
fs-uct-for-homology-has-an-ext-term-and-uct-for-cohomology-a-tor-term	pending		
fs-uncountable-contains-interval	pending		
fs-undecidable-means-no-instance-can-be-answered	pending		U-P
fs-uniform-approximation-is-the-right-global-notion-on-every-noncompact-manifold	pending		U-P
fs-uniform-integrability-implies-domination-by-an-integrable-function	pending		
fs-union-of-two-independent-sets-is-independent	pending		A-P
fs-union-of-two-subgroups-is-a-subgroup	pending		
fs-union-of-two-subspaces-is-a-subspace	pending		
fs-unions-of-two-sigma-algebras-are-sigma-algebras	pending		
fs-unique-sequential-limits-imply-hausdorff	pending		
fs-unique-sylow-subgroup-forces-a-direct-product	pending		
fs-universal-comparison-series	pending		
fs-universality-removes-the-need-for-supplied-resolution-data	pending		
fs-unrestricted-diagonalization-respects-any-bound	pending		U-P
fs-unsolvable-word-problem-means-no-word-can-be-decided	pending		A-P
fs-v-has-a-definable-truth-predicate	pending		
fs-v-is-a-set	pending		
fs-van-kampen-with-disconnected-intersection	pending		
fs-vanishing-derivative-forbids-strict-increase	pending		U-P
fs-vanishing-lie-bracket-implies-the-vector-fields-are-pointwise-linearly-dependent	pending		
fs-vanishing-positive-hausdorff-measures-implies-countability	pending		
fs-vector-line-integrals-are-invariant-under-reversal	pending		
fs-vertex-and-edge-connectivity-always-agree	pending		
fs-vertex-stabilizers-are-literally-the-chosen-vertex-groups-without-conjugacy	pending		
fs-vitali-covering-theorem-holds-for-arbitrary-covers	pending		
fs-weierstrass-factorization-is-unique	pending		
fs-weierstrass-preparation-is-unique-without-the-unit-condition	pending		
fs-whole-semidirect-product-conjugacy-is-the-equivalence-relation-behind-first-cohomology	pending		
fs-winding-number-depends-only-on-the-trace	pending		
fs-yoneda-lemma-requires-a-small-category	pending		
fs-yonedas-original-notation-agrees-with-the-modern-one	pending		
fs-zero-complex-derivative-on-an-open-set-implies-constant	pending		
fs-zero-derivative-almost-everywhere-implies-constancy	pending		
fs-zero-derivative-on-an-open-set-forces-constancy	pending		U-P
fs-zero-hausdorff-dimension-implies-countability	pending		
fs-zero-integral-forces-everywhere-zero	pending		
fs-zero-on-singletons-implies-zero-measure	pending		
fs-zero-product-property-modulo-n	pending		A-P
fs-zero-second-derivative-decides-extremum	pending		
fs-zeta-minus-one-is-the-ordinary-sum-one-plus-two-plus-three-and-so-on	pending		
fs-zp-is-a-torsion-group-because-all-its-coordinate-groups-are-finite	pending		
fs-zp-is-cyclic-as-an-abstract-group	pending		
fs-zp-is-the-profinite-completion-of-z	pending		
lem-a-binomial-coefficient-with-top-below-a-prime-is-nonzero-modulo-that-prime	pending		
lem-a-bipartite-layer-is-small-unless-a-large-comb-already-appears	pending		
lem-a-c1-map-is-locally-lipschitz-on-compact-coordinate-subsets	pending		
lem-a-cayley-graph-is-connected-exactly-when-its-defining-subset-generates-the-group	pending		
lem-a-central-product-of-two-quaternion-groups-is-a-central-product-of-two-dihedral-groups	pending		
lem-a-chain-map-carries-cycles-to-cycles-and-boundaries-to-boundaries	pending		
lem-a-compact-morse-trajectory-has-single-critical-alpha-and-omega-limits	pending		U-P
lem-a-compact-set-inside-a-bounded-open-set-admits-an-explicit-compactly-supported-cutoff	pending		
lem-a-compact-subspace-of-a-cw-complex-meets-only-finitely-many-cells	pending		A-P
lem-a-complement-induces-the-conjugation-action-on-the-kernel	pending		
lem-a-complete-or-weakly-sparse-blockade-can-be-thinned-to-equal-subblocks-with-directional-sparsity	pending		
lem-a-complete-or-weakly-sparse-blockade-yields-a-complete-subblockade-or-an-anticonnected-thinning	pending		
lem-a-continuous-map-of-compact-hausdorff-spaces-is-an-ultrafilter-algebra-homomorphism	pending		
lem-a-countable-coordinate-ball-cover-has-a-countable-locally-finite-shrinking	pending		A-P
lem-a-countable-coordinate-bump-map-embeds-a-manifold-in-countable-euclidean-data	pending		U-P
lem-a-degreewise-split-exact-complex-with-compatible-splittings-is-contractible	pending		
lem-a-dense-bipartite-side-has-a-small-hitting-set	pending		
lem-a-derivation-annihilates-constant-germs	pending		
lem-a-diagonal-path-that-changes-side-of-a-level-meets-it	pending		
lem-a-double-sum-over-finite-index-sets-may-be-interchanged	pending		
lem-a-downward-closed-family-shatters-each-of-its-members	pending		
lem-a-dyadic-scale-of-open-sets-defines-a-continuous-function	pending		
lem-a-family-is-a-basis-exactly-when-its-conjugate-matrix-is-invertible	pending		
lem-a-family-with-independent-incidence-vectors-has-at-most-n-members	pending		
lem-a-fine-euclidean-approximation-lands-in-a-prescribed-tubular-neighbourhood	pending		A-R
lem-a-finite-abelian-group-is-a-quotient-of-a-power-of-a-cyclic-group	pending		
lem-a-finite-coordinate-bump-map-embeds-a-compact-manifold-in-some-euclidean-space	pending		U-P
lem-a-finite-cyclic-group-has-euler-totient-many-generators	pending		
lem-a-fixed-point-free-ball-map-produces-a-boundary-retraction	pending		
lem-a-generic-linear-projection-preserves-injectivity-and-immersion	pending		U-P
lem-a-generic-projection-can-preserve-properness	pending		
lem-a-given-ultrafilter-on-a-compact-hausdorff-space-has-a-unique-limit	pending		
lem-a-graph-subgroup-is-a-complement-exactly-for-a-crossed-homomorphism	pending		
lem-a-hatted-five-cycle-free-rooted-stable-tooth-comb-yields-a-large-pure-blockade-of-components	pending		
lem-a-large-cy-restricted-subgraph-in-the-three-outcome-theorem-forces-a-smaller-scale-restricted-subgraph	pending		
lem-a-large-set-contains-a-pattern-when-the-homogeneous-number-is-small	pending		
lem-a-large-y-ten-thirds-restricted-induced-subgraph-forces-a-y-eleven-thirds-restricted-induced-subgraph	pending		
lem-a-limit-point-of-a-gradient-trajectory-is-critical	pending		U-P
lem-a-locally-compact-hausdorff-space-has-a-base-of-open-sets-with-compact-closure	pending		
lem-a-locally-finite-sum-is-finite-near-the-compact-support-of-a-form	pending		
lem-a-map-at-bounded-distance-from-a-quasi-isometric-embedding-is-a-quasi-isometric-embedding	pending		
lem-a-map-of-nonzero-degree-between-spheres-is-surjective	pending		U-P
lem-a-maximal-layout-has-at-most-epsilon-inverse-blocks	pending		
lem-a-module-meets-an-induced-subgraph-in-a-module	pending		
lem-a-module-of-a-module-is-a-module	pending		
lem-a-morphism-has-a-comparison-extension-between-the-supplied-injective-resolutions	pending		
lem-a-morphism-has-a-comparison-lift-between-the-supplied-projective-resolutions	pending		
lem-a-nonzero-polynomial-in-several-variables-does-not-vanish-on-an-infinite-subring	pending		
lem-a-nonzero-verma-homomorphism-is-injective	pending		
lem-a-pattern-inside-an-extension-set-produces-the-substitution	pending		
lem-a-polynomial-homogeneous-set-in-the-auxiliary-pattern-yields-a-y-four-restricted-union	pending		
lem-a-primitive-root-of-unity-and-its-prime-power-share-a-minimal-polynomial-over-the-rationals	pending		
lem-a-proper-module-of-a-connected-graph-has-a-complete-neighbour	pending		
lem-a-proper-verma-submodule-misses-the-highest-weight-line	pending		
lem-a-quotient-mixed-block-witness-descends-to-two-member-blocks	pending		
lem-a-relation-is-included-in-the-product-of-its-domain-and-range	pending		
lem-a-rooted-stable-tooth-comb-with-a-cross-edge-between-two-blocks-contains-a-five-cycle	pending		
lem-a-self-regular-set-of-intermediate-density-carries-many-induced-copies	pending		
lem-a-semisparse-blockade-can-be-sampled-to-anticonnected-blocks-with-nearly-pure-relations	pending		
lem-a-sequence-in-a-hausdorff-space-has-at-most-one-limit	pending		
lem-a-sequential-abelian-colimit-is-the-cokernel-of-one-minus-shift	pending		
lem-a-set-of-positive-finite-measure-fills-most-of-a-dyadic-cube	pending		
lem-a-smooth-exhaustion-separates-the-locally-finite-chart-bands	pending		U-P
lem-a-sparse-co-p-five-free-graph-either-sparsifies-further-or-yields-a-pure-blockade-or-a-large-sparse-pair	pending		
lem-a-sparse-co-p-five-free-graph-has-a-large-nearly-covered-sparse-pair	pending		
lem-a-sparse-co-p-five-free-graph-yields-a-complete-or-anticomplete-blockade-or-a-sparser-subgraph	pending		
lem-a-sparse-co-p-five-free-graph-yields-deeper-sparsification-or-a-complete-blockade-or-a-large-anticomplete-set	pending		
lem-a-sparse-graph-either-sparsifies-further-or-yields-a-comb-or-a-large-sparse-pair	pending		
lem-a-sparse-graph-has-a-prescribed-size-induced-subgraph-of-bounded-maximum-degree	pending		
lem-a-sparse-graph-without-a-large-sparse-pair-has-a-large-nearly-covered-sparse-pair	pending		
lem-a-sparse-p-five-free-graph-has-an-anticomplete-two-blockade	pending		
lem-a-sparse-set-has-small-self-density	pending		
lem-a-sufficiently-long-generator-extension-iteration-is-injective	pending		
lem-a-transposition-reverses-inversion-sign	pending		
lem-a-triangulation-has-a-unique-triangle-on-the-closing-side	pending		
lem-a-tubular-target-produces-a-submersive-finite-dimensional-perturbation-family	pending		
lem-a-two-element-indexed-product-is-in-bijection-with-a-cartesian-product	pending		
lem-a-uniformly-approximable-real-valued-map-is-continuous	pending		U-P
lem-a-union-of-parts-is-a-module-exactly-when-the-index-set-is	pending		
lem-a-vector-field-along-an-embedded-submanifold-extends-to-a-neighbourhood-and-globally-when-closed	pending		A-P
lem-a-vector-line-integral-pulls-back-to-the-parameter-region	pending		
lem-a-vector-realises-the-minimal-polynomial	pending		
lem-a-verma-composition-factor-has-the-same-central-character	pending		
lem-a-vertex-bijection-is-an-isometry-of-path-metrics-exactly-when-it-is-a-graph-isomorphism	pending		
lem-a-vertex-mixed-on-a-connected-set-mixes-on-an-edge	pending		
lem-a-vertex-mixed-on-a-quotient-block-yields-opposite-adjacency-on-two-member-blocks	pending		
lem-a-vertex-mixed-on-an-anticonnected-set-yields-opposite-adjacency-on-a-nonedge	pending		
lem-a-weakly-sparse-set-has-a-large-sparse-subset	pending		
lem-a-wedge-on-a-product-index-category-is-dinatural-in-each-variable-separately	pending		
lem-a-wide-integral-geometric-layer-forces-a-property-star-blockade	pending		
lem-a-wonderful-anticonnected-complete-or-sparse-blockade-yields-a-restricted-subgraph-or-a-large-anticomplete-pair	pending		
lem-a-word-whose-weight-is-coprime-to-its-length-has-a-trivial-shift-stabiliser	pending		
lem-abel-summation-by-parts	pending		
lem-abel-summation-for-complex-series	pending		
lem-abel-transform-of-cesaro-means	pending		
lem-absolute-convergence-implies-convergence	pending		
lem-absolutely-convergent-series-is-cauchy	pending		
lem-absolutely-summable-fourier-coefficients-give-uniform-convergence	pending		
lem-actions-related-by-automorphisms-give-isomorphic-semidirect-products	pending		
lem-acyclic-assembly-by-exact-columns	pending		
lem-acyclic-assembly-by-exact-rows	pending		
lem-adapted-descending-field-near-a-compact-morse-band	pending		U-P
lem-addition-of-roofs-makes-an-additive-localization	no_candidate_found	terra-derived-01-receipts.json	
lem-additive-bounded-above-on-an-interval-is-linear	pending		
lem-additive-is-q-linear	pending		U-P
lem-additivity-and-compact-cell-support-control-the-infinite-cw-colimit	pending		U-P
lem-adjoining-a-vector-outside-the-span	pending		
lem-adjoining-one-root-reduces-the-unsplit-degree	pending		
lem-adjoining-roots-of-unity-to-a-galois-extension-adds-an-abelian-kernel	pending		
lem-adjunct-formulas-are-mutually-inverse	pending		
lem-admissible-is-chain	pending		
lem-admissible-set-exists	pending		
lem-affine-algebra-points-as-k-algebra-maps	pending		
lem-affine-cone-dimension-projective-variety	pending		U-P
lem-affine-domain-chain-dimension-formula-step	pending		
lem-affine-domain-normalisation-dimension-lower-bound	pending		
lem-affine-domain-normalisation-dimension-upper-bound	pending		
lem-affine-face-maps-satisfy-the-cosimplicial-identities	pending		
lem-affine-fibre-product-projections-stalk-maps	pending		
lem-affine-intersection-dimension-bound	pending		U-P
lem-affine-line-independence-in-the-definition-of-plurisubharmonicity	pending		
lem-affine-morphism-local-on-target	pending		U-P
lem-affine-product-topology-not-product-topology	pending		U-P
lem-affineness-from-unit-generating-global-sections	pending		
lem-alexandroff-urysohn-metrization-lemma	pending		
lem-algebra-generated-by-finitely-many-integral-elements-is-module-finite	pending		
lem-algebra-of-continuous-real-maps-on-a-space	existing_finding	terra-partitions-01-receipts.json	U-P
lem-algebra-operations-on-smooth-germs-are-representative-independent	pending		
lem-algebra-with-countable-disjoint-unions-is-sigma	pending		
lem-algebra-with-increasing-unions-is-sigma	pending		
lem-all-charts-compatible-with-a-smooth-atlas-form-a-smooth-atlas	pending		
lem-all-extremal	pending		
lem-almost-sure-convergence-event-is-measurable	pending		U-P
lem-alternating-kempe-paths-cannot-both-occur	pending		U-P
lem-alternating-multilinear-implies-antisymmetric	no_candidate_found	root-determinants-01-receipts.json	
lem-alternating-sequence	pending		
lem-alternating-top-forms-are-determined-by-one-ordered-basis	pending		
lem-an-algebraic-integer-average-of-roots-of-unity-is-zero-or-constant	pending		U-P
lem-an-extension-induces-a-well-defined-outer-action-on-the-kernel	pending		
lem-an-invariant-polynomial-is-determined-by-its-cartan-restriction	existing_finding	terra-lie-01-receipts.json	U-P
lem-an-isomorphism-extends-across-a-simple-root-adjunction	pending		
lem-an-iterative-sparsification-step-for-sparse-co-p-five-free-graphs	pending		
lem-an-odd-closed-walk-contains-an-odd-cycle	pending		
lem-an-odd-permutation-reverses-oriented-simplex-sign	pending		
lem-an-ultrafilter-algebra-determines-a-compact-hausdorff-topology	pending		
lem-an-ultrafilter-algebra-map-is-the-unique-ultrafilter-limit	pending		
lem-an-unshattered-set-reduces-a-monomial-on-a-family	pending		
lem-an-x-sparse-blockade-iteration-yields-further-sparsification-or-a-pure-blockade	pending		
lem-annihilator-ideal-of-a-distribution-is-frame-independent	pending		
lem-annihilator-of-a-cyclic-submodule	pending		
lem-annihilators-are-closed-subspaces	pending		
lem-anti-excedances-become-descents-under-foata-fundamental-transformation	pending		
lem-antichains-well-order-linearly-ordered-sets	pending		
lem-anticonnected-block-contraction-turns-an-upside-down-comb-into-a-pure-blockade	pending		
lem-anticonnected-components-are-complement-components	pending		
lem-antipodal-circle-map-has-odd-lift-increment	pending		
lem-antipodal-sphere-cover	pending		
lem-any-homology-theory-computes-relative-cell-groups-from-its-coefficient-group	pending		
lem-any-homology-theory-has-a-cellular-chain-complex-on-a-cw-pair	pending		
lem-arbitrarily-large-primes-congruent-to-two-modulo-three	pending		
lem-arc-length-function-is-continuous-and-nondecreasing	pending		
lem-arithmetization-agrees-on-boolean-inputs	pending		U-P
lem-artin-cyclic-permutation-relation	pending		U-P
lem-artin-fixed-field-lower-degree-bound	pending		
lem-artin-fixed-field-upper-degree-bound	pending		
lem-artin-simultaneous-root-ideal-is-proper	pending		
lem-artin-tate-coefficient-subalgebra	pending		
lem-artin-tate-intermediate-ring-is-module-finite-over-the-coefficient-subalgebra	pending		
lem-artinian-domain-is-a-field	pending		
lem-associated-graded-polynomial-surjection	pending		
lem-associated-graded-symbol-of-a-central-element-is-invariant	no_candidate_found	terra-lie-01-receipts.json	
lem-associated-prime-after-power-regular-quotient	pending		U-P
lem-associated-prime-equivalent-cyclic-embedding	pending		
lem-associated-prime-localises-forward	pending		
lem-associated-prime-localises-reverse-finite	pending		
lem-associated-primes-contained-in-support	pending		
lem-associated-primes-exact-sequence-left-inclusion	pending		
lem-associated-primes-exact-sequence-right-bound	pending		
lem-associated-primes-from-a-minimal-primary-decomposition	pending		
lem-associated-primes-of-cohen-macaulay-module-have-full-dimension	pending		U-P
lem-associates-characterisation	pending		
lem-asymptoticity-is-an-equivalence-relation-on-gromov-sequences	pending		U-P
lem-augmentation-ideal-of-a-finite-p-group-algebra-is-nilpotent	pending		
lem-augmenting-path-switching	pending		
lem-auslander-buchsbaum-base-case-free-module	pending		U-P
lem-auslander-buchsbaum-first-syzygy-depth	pending		U-P
lem-auslander-buchsbaum-projective-dimension-one	pending		U-P
lem-auslander-buchsbaum-syzygy-projective-dimension	pending		
lem-averaging-operator-projects-onto-the-fixed-subspace	pending		U-P
lem-axiomatic-cellular-boundaries-are-integral-incidence-matrices-with-coefficients	pending		U-P
lem-baer-sum-is-independent-of-extension-representatives	pending		
lem-baer-sum-of-short-exact-sequence-classes-is-independent-of-representatives	pending		
lem-baire-category-in-a-closed-interval	pending		
lem-baire-diagonal-passage-from-finite-regularity-to-smooth-metrics	pending		U-P
lem-balanced-gauge-is-a-seminorm	pending		
lem-balls-in-a-connected-locally-finite-graph-are-finite	pending		
lem-banach-limit-properties	pending		
lem-banaschewski-prime-obstruction	pending		U-P
lem-barycentric-coordinates-are-unique	pending		
lem-barycentric-subdivision-removes-edge-inversions	pending		
lem-base-change-affine-morphisms	pending		U-P
lem-base-change-composition	pending		
lem-base-change-locally-finite-type-presentation	pending		
lem-base-change-of-intertwiner-spaces	pending		U-P
lem-base-change-open-closed-immersions	pending		U-P
lem-base-change-quasi-compact-morphisms	pending		
lem-base-change-surjective-morphisms	pending		
lem-base-extension-field-coordinate-ring	pending		
lem-basic-bull-free-hole-with-a-complete-outside-vertex	pending		
lem-basic-bull-free-hole-with-an-anticomplete-outside-vertex	pending		
lem-basic-conditional-complexity-inequalities	pending		U-P
lem-basic-laws-of-inclusion	pending		
lem-basic-opens-quasi-compact	pending		
lem-basic-properties-of-the-holomorphic-hull	pending		
lem-basic-properties-of-total-variation	pending		
lem-basis-iff-maximal-independent-iff-minimal-spanning	pending		
lem-bernoulli-and-binomial-mean-and-variance	pending		
lem-bernoulli-inequality	pending		
lem-bernstein-basis-moment-identities	pending		
lem-binary-quadratic-form-substitution-is-a-right-action	pending		
lem-binary-quadratic-representation-via-hilbert-symbol	pending		
lem-binary-trees-of-a-given-size-form-a-finite-set	pending		
lem-binomial-coefficients-symmetric-and-unimodal	pending		
lem-binomial-series-for-a-repeated-pole	pending		
lem-binomial-theorem-over-complex-numbers	pending		A-P
lem-bloch-rescaling-at-an-almost-maximal-derivative	pending		
lem-blocks-from-different-mixed-block-classes-form-pure-pairs	pending		
lem-blr-acceptance-fourier-identity	pending		
lem-bohr-mollerup-factorial-squeeze	pending		
lem-bondy-chvatal-closure-well-defined	pending		
lem-bondy-chvatal-edge-addition	pending		
lem-boolean-cube-fourier-inversion-and-parseval	pending		
lem-borel-representatives-make-the-convolution-integrand-borel-measurable	pending		U-P
lem-boundaries-and-cycles-in-a-free-complex-over-a-pid-are-free	pending		
lem-boundary-label-of-a-van-kampen-diagram-is-null-in-the-presented-group	pending		A-R
lem-boundary-monomorphisms-from-stabilizers-are-well-defined	pending		
lem-boundary-of-a-solid-between-continuous-graphs-has-content-zero	pending		
lem-boundary-point-whose-complementary-component-contains-another-point-is-regular	pending		
lem-bounded-above-complexes-admit-projective-replacements	existing_finding	terra-derived-01-receipts.json	U-P
lem-bounded-above-flat-tensor-complexes-preserve-quasi-isomorphisms	no_candidate_found	tor-pilot.json	
lem-bounded-below-complexes-admit-injective-replacements	existing_finding	terra-derived-01-receipts.json	U-P
lem-bounded-centered-convergent-series-have-summable-variances	pending		U-P
lem-bounded-distance-is-an-equivalence-relation-compatible-with-composition	pending		
lem-bounded-functionals-on-finite-l-p-define-finite-signed-or-complex-measures	pending		
lem-bounded-hierarchy-for-the-multiple-choice-argument	pending		
lem-bounded-local-displacement-on-a-geodesic-space-implies-coarse-lipschitz	pending		
lem-bounded-open-jordan-sets-have-compact-grid-exhaustions	pending		
lem-bounded-punctured-slice-has-holomorphic-parameter-extension	pending		
lem-bounded-quantifiers-preserve-primitive-recursiveness	pending		A-R
lem-bounded-real-c-zero-functional-is-a-difference-of-positive-functionals	pending		
lem-bounded-remetrisation	pending		
lem-bounded-strip-maximum-principle	pending		U-P
lem-bounded-variation-gives-one-sided-dirichlet-integrability	pending		
lem-box-volume-is-additive-over-grid-subdivisions	pending		
lem-brahmagupta-fibonacci-two-square-identity	pending		
lem-brauer-character-is-independent-of-basis-and-splitting-field-realisation	pending		
lem-broken-morse-trajectories-have-strictly-decreasing-critical-values-and-indices	no_candidate_found	morse-topic-pilot.json	
lem-burgers-slope-obeys-a-riccati-law-along-characteristics	pending		
lem-bv-functions-are-regulated	pending		
lem-bw-implies-archimedean	pending		
lem-bw-implies-cauchy-complete	pending		
lem-c-one-change-of-variables-for-continuous-compactly-supported-integrands	pending		
lem-c-one-diffeomorphisms-map-lebesgue-measurable-sets-to-lebesgue-measurable-sets	pending		U-P
lem-c-one-diffeomorphisms-map-lebesgue-null-sets-to-null-sets	pending		A-P
lem-c-one-images-of-content-zero-compact-sets-have-content-zero	pending		
lem-c-prime-lambda-implies-c-lambda	pending		
lem-c-zero-is-a-closed-subspace-of-ell-infinity	pending		
lem-c1-local-diffeomorphisms-preserve-null-sets-locally	pending		A-P
lem-canonical-compact-exhaustion-of-a-plane-domain	pending		
lem-canonical-comparison-characterises-limit-preservation	pending		
lem-canonical-map-is-natural	pending		U-P
lem-canonical-sequence-coding-for-well-orders	pending		
lem-canonical-truncation-is-a-complex-and-has-the-claimed-cohomology	no_candidate_found	terra-derived-01-receipts.json	
lem-cantor-cylinder-masses	pending		
lem-caratheodory-subadditive-inequality-is-automatic	pending		
lem-cardinal-arithmetic-basic-laws	pending		
lem-cardinal-operations-are-well-defined	pending		
lem-cardinality-of-a-finite-dimensional-space-over-a-finite-field	pending		
lem-cardinality-of-a-well-orderable-set	pending		
lem-cauchy-away-from-zero	pending		
lem-cauchy-bounded	pending		
lem-cauchy-complete-and-archimedean-imply-mct	pending		
lem-cauchy-difference-quotient-exceptional-extension	pending		
lem-cauchy-estimates-on-concentric-subdiscs	pending		
lem-cauchy-estimates-propagate-to-holomorphic-hulls	pending		
lem-cauchy-filter-with-a-cluster-point-converges	pending		
lem-cauchy-in-probability-sequences-have-a-measurable-limit	pending		U-P
lem-cauchy-mean-value-quotient-form	pending		
lem-cauchy-product-of-absolutely-convergent-complex-series	pending		
lem-cauchy-product-of-real-power-series	pending		
lem-cauchy-reals-archimedean	pending		
lem-cauchy-riemann-sums-give-rational-approximation	pending		
lem-cauchy-schwarz-for-finite-random-variables	pending		
lem-cauchy-sequence-bounded	pending		
lem-cauchy-transform-of-a-cycle-is-holomorphic-off-the-trace	pending		
lem-cauchy-with-convergent-subsequence	pending		
lem-cellularity-is-well-defined	pending		
lem-center-is-normal	pending		
lem-central-action-on-a-cyclic-highest-weight-module-is-scalar	no_candidate_found	terra-lie-01-receipts.json	
lem-central-binomial-coefficient-bounds	pending		
lem-central-binomial-coefficient-prime-valuation	pending		
lem-central-elements-have-weight-zero	no_candidate_found	terra-lie-01-receipts.json	
lem-central-product-absorption-of-the-exponent-p-squared-factor-for-odd-p	pending		
lem-central-series-commutator-criterion	pending		
lem-centralizer-of-a-normal-subgroup-is-normal	pending		
lem-centralizers-and-normalizers-are-subgroups	pending		
lem-chain-dimension-open-cover	pending		
lem-chain-homotopy-is-compatible-with-addition-and-composition	pending		
lem-chain-rule-for-an-indefinite-integral-after-an-absolutely-continuous-composition	pending		U-P
lem-change-of-variables-with-a-degenerate-parameter-boundary	pending		
lem-changing-a-function-at-finitely-many-points	pending		
lem-changing-the-section-changes-the-factor-set-by-a-coboundary	pending		
lem-character-field-is-the-stabilizer-fixed-field	pending		U-P
lem-character-is-well-defined	pending		
lem-characteristic-and-additive-order	pending		
lem-characteristic-hypersurface-is-independent-of-defining-function	pending		
lem-characteristic-polynomial-is-monic-and-has-extreme-coefficients	pending		
lem-characteristic-polynomial-of-block-triangular-matrix	pending		
lem-characteristic-solution-satisfies-the-quasilinear-pde	pending		
lem-characteristic-strip-compatibility	pending		
lem-characteristic-strip-jacobian-at-the-initial-surface	pending		
lem-characteristic-subgroup-of-a-normal-subgroup-is-normal	pending		
lem-characteristic-subgroups-are-normal-and-characteristic-is-transitive	pending		
lem-charpit-contact-compatibility-is-preserved	pending		
lem-charpit-flow-preserves-the-pde-constraint	pending		
lem-charpit-momentum-equation-from-differentiating-hamilton-jacobi	pending		
lem-chart-bump-at-a-point-with-prescribed-support	pending		A-R
lem-chart-independence-of-c-r-smoothness	pending		
lem-chart-supported-coefficients-have-well-defined-riemann-integrable-half-space-extensions	pending		A-R
lem-chebyshev-degree-leading-coefficients-and-extreme-values	pending		
lem-chebyshev-functions-prime-power-comparison	pending		
lem-chebyshev-psi-prime-power-expansion	pending		
lem-cheeger-indicator-and-positive-part-energy	pending		U-P
lem-cheeger-sweep-and-layer-cake	pending		U-P
lem-chinese-remainder-two-moduli	pending		
lem-choice-splits-essential-surjectivity-over-a-small-target	pending		
lem-circle-loops-of-equal-degree-are-path-homotopic	pending		
lem-clairaut-for-c2-potentials-by-rectangular-differences	pending		
lem-classical-point-cut-out-by-dimension-many-functions	pending		U-P
lem-classical-points-inside-affine-scheme	pending		
lem-classical-subharmonic-mean-value-inequalities	pending		U-P
lem-classical-variety-noetherian-components	pending		A-P
lem-clopen-subset-gives-idempotent-decomposition	pending		
lem-closed-form-and-size-bounds-for-the-dirichlet-kernel	pending		
lem-closed-open-and-cubic-covers-give-the-same-lebesgue-outer-measure	pending		
lem-closed-range-iff-quotient-estimate	pending		
lem-closed-subset-of-a-compact-space-is-compact	pending		
lem-closed-subspace-of-a-banach-space-is-banach	pending		
lem-closure-in-an-ultrafilter-algebra-topology	pending		
lem-closure-of-a-point-is-its-vanishing-set	pending		
lem-closure-points-on-regular-cardinals	pending		
lem-cloud-plurality-rounding	pending		U-P
lem-co-bird-free-complete-nonedge-pairs-are-pure-to-induced-e-graphs	pending		
lem-co-bird-free-e-mixed-vertices-are-pure-on-terminal-edges	pending		
lem-co-bird-free-edge-plus-isolate-witness-obstruction	pending		
lem-co-bird-free-external-purity-survives-e-overlap-quotients	pending		
lem-co-bird-free-path-plus-isolate-witness-obstruction	pending		
lem-co-bird-free-separated-anticonnected-blocks-forbid-forward-mixing	pending		
lem-co-e-free-complete-nonedge-pairs-are-pure-to-induced-h-five-graphs	pending		
lem-co-e-free-external-purity-survives-h-five-overlap-quotients	pending		
lem-co-e-free-mixed-vertices-on-an-induced-path-avoid-two-nonneighbours-and-three-neighbours	pending		
lem-cobounded-proper-geodesic-actions-produce-finite-generating-sets	pending		
lem-codifferent-is-a-fractional-ideal	pending		
lem-coefficient-comparison-on-finite-cw-pairs	pending		U-P
lem-coefficient-field-maps-isomorphically-to-residue-field	pending		
lem-coefficient-field-purely-inseparable-complete-step	pending		
lem-coefficient-field-separable-adjunction-step	pending		
lem-coefficient-field-transcendental-adjunction-step	pending		
lem-coextension-of-scalars-carries-a-module-structure	pending		
lem-cofinality-is-well-defined	pending		
lem-cohen-macaulay-parameter-first-element-regular	pending		U-P
lem-cohen-macaulay-parameter-sequence-induction	pending		U-P
lem-cohen-presentation-surjective-by-completeness	pending		
lem-cohen-presentation-surjective-mod-maximal-square	pending		
lem-cohomologous-two-cocycles-give-equivalent-extensions	pending		
lem-coinduced-modules-are-injective	pending		
lem-collapse-at-one-level-propagates	pending		U-P
lem-colour-focussing-for-arithmetic-progressions	pending		
lem-colouring-embeds-a-graph-in-a-balanced-blowup	pending		
lem-commutative-division-ring-is-a-field	pending		
lem-commutator-identities-in-a-group-of-class-two	pending		
lem-commutator-subgroup-is-normal	pending		
lem-commuting-endomorphisms-preserve-eigenspaces	pending		
lem-commuting-independent-vector-fields-give-a-coordinate-system	pending		
lem-compact-closed-balls-in-a-locally-compact-metric-space	pending		
lem-compact-hausdorff-targets-embed-in-unit-cubes-under-dependent-choice	pending		U-P
lem-compact-implies-closed-and-bounded-r	pending		
lem-compact-local-homeomorphism-surjective-with-finite-fibres	pending		
lem-compact-metric-space-has-a-countable-dense-subset	pending		
lem-compact-morse-critical-points-have-uniform-hessian-gaps	pending		
lem-compact-null-iff-content-zero-in-rn	pending		
lem-compact-open-and-pointwise-topologies-agree-on-an-equicontinuous-family	pending		
lem-compact-set-has-a-jordan-neighborhood-inside-an-open-set	pending		
lem-compact-subsets-of-a-bernstein-set-are-countable	pending		
lem-compact-uniform-spaces-are-complete	pending		
lem-compact-uniform-spaces-are-totally-bounded	pending		
lem-compactly-supported-continuous-functions-are-translation-continuous-in-l-p	pending		A-P
lem-compactly-supported-riemann-integral-is-well-defined	pending		U-P
lem-compactness-is-intrinsic	pending		
lem-compactness-of-a-subspace-is-ambient	pending		U-P
lem-comparison-maps-between-homology-theories-extend-over-one-skeleton-stage	pending		
lem-compatible-tuples-form-a-subgroup	pending		
lem-compatible-well-founded-recursion-attempts	pending		
lem-complement-commutes-with-induced-subgraphs	pending		
lem-complement-swaps-cliques-and-stable-sets	pending		
lem-complementation-preserves-disjoint-regular-pairs	pending		
lem-complete-connection-of-perfect-graphs-is-perfect	pending		
lem-complete-regularity-is-hereditary	pending		
lem-complete-remetrisation	pending		A-P
lem-complete-subspace-is-closed	pending		A-R
lem-completed-measure-is-well-defined	pending		
lem-completely-regular-topologies-come-from-continuous-pseudometrics	pending		
lem-completion-domain-is-a-sigma-algebra	pending		
lem-completion-operations-are-well-defined	pending		
lem-completion-preserves-embedding-dimension	pending		
lem-completion-preserves-regular-sequences	pending		
lem-completion-reflects-depth	pending		U-P
lem-complex-conjugation-and-modulus-laws	pending		
lem-complex-exponential-series-converges-everywhere	pending		U-P
lem-complex-linear-real-differential-criterion	pending		
lem-complex-polynomial-growth-and-minimum-modulus	pending		
lem-complex-power-series-reexpansion-double-series	pending		
lem-components-are-anticomplete-and-anticomponents-complete	pending		
lem-composites-of-coarse-lipschitz-maps-and-of-quasi-isometric-embeddings	pending		
lem-composition-and-identity-linear-maps	pending		
lem-composition-of-homotopy-classes-is-well-defined	pending		
lem-composition-of-roofs-is-well-defined	no_candidate_found	terra-derived-01-receipts.json	
lem-composition-operator-norm-inequality	pending		
lem-cone-triangles-satisfy-the-octahedral-axiom	pending		
lem-cone-triangles-satisfy-tr-one	pending		
lem-cone-triangles-satisfy-tr-three	pending		
lem-cone-triangles-satisfy-tr-two-with-the-declared-rotation-sign	pending		
lem-congruence-is-an-equivalence-relation	pending		
lem-congruence-respects-integer-arithmetic	pending		
lem-conjugacy-class-splitting-over-an-index-two-normal-subgroup	pending		
lem-conjugacy-of-cyclically-britton-reduced-hnn-words-reduces-to-associated-subgroup-conjugacy	pending		
lem-conjugating-a-cycle-relabels-its-entries	pending		
lem-connected-spherical-complement-implies-null-homology	pending		
lem-connected-subsets-and-separated-sets	pending		
lem-constant-rank-source-coordinate-map-is-locally-invertible	pending		
lem-constant-rank-tail-components-ignore-kernel-coordinates	pending		
lem-constant-scale-restricted-generalized-niceness-yields-an-x-scale-restricted-subgraph-a-polynomial-clique-or-stable-set-or-a-blockade	pending		
lem-constant-scale-restricted-property-star-yields-a-restricted-subgraph-a-polynomial-clique-or-stable-set-or-two-blockade-alternatives	pending		
lem-constant-vector-is-a-top-eigenvector	pending		U-P
lem-constraint-expander-overlay	pending		U-P
lem-constructible-boolean-operations	pending		U-P
lem-constructible-dense-contains-open	pending		U-P
lem-contact-equivalence-is-chart-independent-and-an-equivalence-relation	pending		
lem-content-divisibility-characterisation	pending		
lem-content-zero-implies-null	pending		
lem-contiguous-simplicial-maps-have-homotopic-realizations	pending		
lem-continued-fraction-complete-quotient-formula	pending		
lem-continued-fraction-convergent-recurrence	pending		
lem-continued-fraction-determinant-identity	pending		
lem-continued-fraction-error-bound	pending		
lem-continuity-is-local-and-pastes	pending		
lem-continuous-compactly-supported-functions-differentiate-by-ball-averages	pending		
lem-continuous-function-holomorphic-off-a-point-is-holomorphic	pending		
lem-continuous-functions-on-omega-one-plus-one-are-eventually-constant	pending		
lem-continuous-images-of-universal-nets-are-universal	pending		
lem-contour-subdivision-into-discs-missing-a-point	pending		
lem-contractibility-implies-trivial-fundamental-group	pending		
lem-contraction-is-independent-of-the-basis-formula	pending		
lem-contraction-recovers-primary-component-after-localising-away-from-radical	pending		
lem-convergence-in-the-pointwise-topology	pending		
lem-convergent-filters-are-cauchy	pending		
lem-convergent-implies-bounded	pending		
lem-convergent-implies-cauchy	pending		
lem-convex-function-bound-on-an-interior-cube	pending		
lem-convex-set-and-closure-have-same-interior-and-boundary	pending		
lem-convolution-is-independent-of-the-chosen-borel-representatives	pending		A-P
lem-cook-levin-can-be-made-parsimonious	pending		A-P
lem-coordinate-balls-form-a-basis-of-a-topological-manifold	pending		
lem-coordinate-change-congruence-for-the-critical-hessian	pending		
lem-coordinate-derivations-are-well-defined-derivations	pending		
lem-coordinate-scalings-and-permutations-scale-the-unit-cube-by-the-absolute-determinant	pending		
lem-coordinate-telescoping-on-a-euclidean-ball	pending		
lem-coordinatewise-addition-and-negation-make-zp-a-topological-abelian-group	pending		
lem-coprime-criterion	pending		
lem-coprime-cyclic-pid-quotients-split	pending		
lem-coprime-divides-product	no_candidate_found	root-algebra-signals-01-receipts.json	
lem-coprime-factor-bezout-lift	pending		
lem-coprime-kernel-decomposition	pending		
lem-coprime-primitive-two-square-products-remain-primitive	pending		
lem-core-is-largest-normal-subgroup-contained	pending		
lem-corestriction-is-independent-of-the-coset-representatives	pending		
lem-coset-equinumerous-with-subgroup	pending		
lem-coset-membership-and-equality	pending		
lem-coset-partition	pending		
lem-cotangent-coordinate-changes-use-the-inverse-transpose-jacobian	pending		
lem-countable-generators-yield-countable-set-algebras	pending		
lem-countable-iff-surjection-from-n	pending		
lem-countable-intersection-of-completely-metrizable-subspaces	pending		
lem-countable-intersections-of-club-subsets-of-omega-one-are-club	pending		
lem-countable-local-bases-can-be-open-and-decreasing	pending		
lem-countable-product-cylinder-premeasure-is-countably-additive	pending		A-R
lem-countable-sets-are-null	pending		
lem-countable-uniform-base-normalisation	pending		
lem-countably-compact-paracompact-hausdorff-is-compact	no_candidate_found	terra-partitions-01-receipts.json	
lem-counting-circuits-of-bounded-size	pending		
lem-counting-elements-of-order-dividing-two-in-a-central-product-of-extraspecial-two-groups	pending		
lem-covering-basepoint-change-conjugates-subgroup	pending		
lem-created-canonical-presentations-give-a-quasi-inverse-to-the-comparison-functor	pending		
lem-critical-hessian-agrees-with-the-levi-civita-hessian	pending		U-P
lem-cross-product-is-bilinear-alternating-and-orthogonal	pending		
lem-crossed-homomorphisms-with-abelian-coefficients-form-an-abelian-group	pending		
lem-curl-is-the-antisymmetric-part-of-the-total-derivative	pending		
lem-curvature-count-for-reduced-c-prime-one-sixth-diagrams	pending		A-R
lem-curve-velocity-depends-only-on-the-contact-class	pending		
lem-cut-add-well-defined	pending		
lem-cut-additive-inverse	pending		
lem-cut-archimedean	pending		
lem-cut-order-total	pending		
lem-cut-reciprocal	pending		
lem-cw-homotopy-equivalence-inclusions-are-strong-deformation-retracts	pending		U-P
lem-cy-restricted-generalized-niceness-yields-three-outcomes	pending		
lem-cycle-boundary-short-exact-sequences-for-a-free-complex-over-a-pid	pending		
lem-cyclic-coordinate-permutations-preserve-integrals-in-r3	pending		
lem-cyclic-generator-class-functions-by-moebius-inversion	pending		U-P
lem-cyclic-permutations-of-a-cyclically-britton-reduced-hnn-word-are-conjugate	pending		
lem-cyclic-quotient-by-center-implies-abelian	pending		
lem-cyclic-reduction-normal-form	pending		
lem-cyclic-rotation-fixed-tuples-are-periodic	pending		
lem-cyclic-shift-is-an-action-of-the-integers-modulo-the-length	pending		
lem-cyclic-shift-positivity-is-a-strict-right-minimum-of-the-partial-sums	pending		
lem-cyclic-subgroup-is-the-set-of-powers	pending		
lem-cylinder-premeasure-from-consistent-finite-dimensional-laws-is-well-defined	pending		
lem-cylinder-sigma-events-depend-on-countably-many-coordinates	pending		U-P
lem-dalembert-minimum-modulus-descent	pending		
lem-deck-transformations-correspond-to-normalizer-cosets	pending		
lem-decomposition-numbers-are-nonnegative-integers	pending		U-P
lem-dedekind-localisation-at-nonzero-prime-is-dvr	pending		
lem-dedekind-modular-law-for-subgroups	pending		
lem-definite-quadratic-forms-have-a-uniform-sphere-bound	pending		
lem-degenerate-bar-chains-form-a-contractible-subcomplex	pending		
lem-degree-of-a-compositum-with-a-galois-extension	pending		
lem-degree-order-is-representative-independent	pending		U-P
lem-degree-under-arithmetized-quantifiers	pending		U-P
lem-degree-zero-horseshoe-lift	pending		
lem-dehn-replacement-strictly-shortens-a-word	pending		
lem-deleted-tychonoff-plank-is-regular-and-nonnormal	pending		
lem-density-is-well-defined	pending		
lem-dependent-choice-along-a-sequence-of-relations	pending		U-P
lem-dependent-choice-riesz-separated-unit-sequence	pending		U-P
lem-dependent-iff-a-vector-lies-in-the-span-of-the-others	pending		
lem-depth-at-a-prime-bounded-by-local-dimension	pending		U-P
lem-depth-bounded-by-associated-prime-quotient-dimension	pending		U-P
lem-depth-infinity-when-ideal-acts-surjectively	pending		A-P
lem-depth-lemma-lower-bound-left	pending		U-P
lem-depth-lemma-lower-bound-middle	pending		U-P
lem-depth-lemma-lower-bound-right	pending		U-P
lem-depth-localisation-inequality	pending		U-P
lem-depth-quotient-by-regular-element	pending		U-P
lem-depth-radical-invariance-via-ext	pending		U-P
lem-depth-two-excludes-finite-punctured-extension	pending		U-P
lem-derivative-estimate-proof-of-one-sided-harmonic-liouville	pending		U-P
lem-derivative-of-a-power	pending		
lem-derivative-of-det-i-minus-xa	pending		
lem-derivatives-along-a-line-have-the-multinomial-expansion	pending		
lem-derivatives-of-harmonic-functions-are-harmonic	pending		U-P
lem-derived-and-integrated-power-series-have-the-same-radius	pending		
lem-derived-complex-power-series-has-the-same-radius	pending		
lem-determinant-base-height-identity-in-r2	pending		
lem-determinant-independence-criterion	pending		
lem-determinant-rank-one-update-over-a-commutative-ring	pending		
lem-determinant-trick-for-nakayama	pending		
lem-diagonal-affine-variety-cut-out-by-coordinate-differences	pending		U-P
lem-diagonal-base-change-identification	pending		
lem-diagonal-independence-criterion	pending		
lem-diagonal-self-application-machine	pending		U-P
lem-diagonal-set-at-each-level	pending		U-P
lem-dieudonne-measure-and-top-dirac-agree-on-continuous-functions	pending		
lem-differences-of-overlapping-modules-are-modules	pending		
lem-differentiating-cauchy-integrals	pending		
lem-dilworth-induction-step	pending		
lem-dilworth-maximal-antichain-decomposition	pending		
lem-dimension-finite-union-components	pending		
lem-dimension-local-ring-codimension-closure	pending		A-P
lem-dimension-nonempty-open-subset	pending		U-P
lem-dimension-shift-for-a-cohomological-delta-functor-effaced-in-the-middle	pending		
lem-dimension-shift-for-a-homological-delta-functor-effaced-in-the-middle	pending		
lem-dirac-condition-implies-ore-condition	pending		
lem-direct-image-is-sheaf	pending		
lem-direct-product-of-finite-cyclic-groups-is-cyclic-iff-orders-are-coprime	pending		
lem-direct-sum-criterion	pending		
lem-directed-union-of-amenable-subgroups-is-amenable	pending		
lem-dirichlet-character-arithmetic-function-characterization	pending		
lem-dirichlet-character-chebyshev-laplace-transform	pending		U-P
lem-dirichlet-character-extension-well-defined	pending		
lem-dirichlet-character-values	pending		
lem-discrete-families-are-locally-finite	pending		
lem-discriminant-change-of-basis	pending		A-P
lem-disjoint-cycles-commute	pending		
lem-disjoint-modules-are-a-pure-pair	pending		
lem-disjoint-union-of-perfect-graphs-is-perfect	pending		
lem-disjointification-of-an-algebra-cover	pending		
lem-distance-to-set-is-lipschitz	pending		
lem-distinct-components-commute	pending		U-P
lem-distinct-minimal-normal-subgroups-centralize-one-another	pending		
lem-distinct-normal-sylow-subgroups-commute	pending		
lem-distinct-verma-weight-spaces-are-shapovalov-orthogonal	pending		
lem-distinguished-open-refinement-at-a-point	pending		
lem-distinguished-opens-cover-every-open	pending		
lem-distinguished-subset-cover-detects-radical	pending		
lem-distinguished-subset-identities	pending		
lem-distributional-laplacian-commutes-with-mollification	pending		U-P
lem-divergence-and-curl-are-linear-and-obey-the-scalar-product-rules	pending		
lem-divergence-form-identity	pending		
lem-divisibility-basic	pending		
lem-divisibility-poset-is-lower-finite-and-factorises	pending		
lem-divisibility-via-valuations	pending		
lem-divisor-bound	pending		
lem-dixon-entire-gluing	pending		
lem-domain-cancellation	pending		
lem-dominant-affine-image-contains-principal-open	pending		A-P
lem-dominant-affine-map-normalization-over-open	pending		A-P
lem-dyadic-cube-values-are-forced-by-translation-invariance-and-normalisation	pending		
lem-dyadic-cubes-of-one-generation-partition-rn	pending		
lem-dyadic-fourier-coefficient-square-sum-bound-for-holder-functions	pending		
lem-dyck-paths-of-a-given-semilength-form-a-finite-set	pending		
lem-e-overlap-classes-form-an-anticonnected-partition	pending		
lem-e-overlap-quotient-iteration-terminates-at-a-pure-blockade	pending		
lem-edge-addition-to-a-tree	pending		
lem-edge-connectivity-at-most-minimum-degree	pending		
lem-edge-deletion-in-a-tree	pending		
lem-edge-is-a-bridge-iff-it-lies-on-no-cycle	pending		
lem-edge-maximal-kuratowski-free-is-three-connected	pending		U-P
lem-effective-enumeration-of-clocked-machines	pending		U-P
lem-elementary-abelian-p-groups-are-canonical-fp-vector-spaces	pending		
lem-elementary-and-hyperelementary-subgroups-are-subgroup-closed	pending		
lem-elementary-detection-at-a-fixed-element	pending		U-P
lem-elementary-divisors-regroup-into-invariant-factors	pending		
lem-elementary-duality-formula-for-nonnegative-l-p-functions	pending		U-P
lem-elementary-hnn-reductions-preserve-the-represented-element	pending		
lem-elementary-kernel-range-annihilator-identities	pending		U-P
lem-elementary-row-operations-are-reversible	pending		
lem-elementary-sets-admit-compact-inner-and-open-outer-approximations	pending		
lem-elementary-sets-are-finite-disjoint-unions-of-half-open-boxes	pending		
lem-embedding-dimension-is-minimal-maximal-ideal-generator-number	pending		
lem-endpoints-in-a-short-exact-sequence	pending		
lem-energy-boost-for-an-irregular-pair	pending		
lem-energy-controls-density-approximation	pending		
lem-energy-increment-for-an-irregular-partition	pending		
lem-energy-is-monotone-under-refinement	pending		
lem-entourage-and-uniform-cover-dictionary	pending		
lem-entourages-on-minimal-cauchy-filters-form-a-separated-uniformity	pending		
lem-envelope-stationarity-implies-the-hamilton-jacobi-equation	pending		
lem-enveloping-algebra-is-left-and-right-noetherian	pending		
lem-enveloping-algebra-of-the-negative-nilpotent-lie-algebra-is-a-domain	pending		
lem-equal-images-iff-same-kernel-coset	pending		
lem-equal-plane-face-boundaries-force-a-cycle	pending		U-P
lem-equality-in-a-filtered-colimit-of-sets-is-eventual	pending		
lem-equality-near-a-point-is-an-equivalence-relation-on-local-smooth-functions	pending		
lem-equicharacteristic-prime-field-lifts	pending		
lem-equicontinuity-and-pointwise-boundedness-give-uniform-boundedness	pending		
lem-equicontinuity-on-a-compact-domain-is-uniform	pending		
lem-equicontinuous-bounded-rn-valued-curves-have-a-uniformly-convergent-subsequence	pending		
lem-equicontinuous-families-have-finite-sup-nets	pending		
lem-equivalence-classes-partition	pending		
lem-equivalent-definitions-of-the-hilbert-symbol	pending		
lem-equivalent-extensions-have-the-same-ext-class	pending		
lem-equivalent-folner-boundary-formulations	pending		
lem-equivalent-hnn-presentation-with-associated-subgroups	pending		
lem-erdos-hajnal-constants-are-downward-closed	pending		
lem-euclidean-balls-have-positive-finite-lebesgue-measure	pending		A-P
lem-euclidean-bump-for-a-compact-set-inside-an-open-set	pending		A-R
lem-euclidean-cube-bounds-for-hausdorff-measure	pending		
lem-euclidean-linear-maps-have-matrices-and-are-bounded	pending		
lem-euclidean-polygonal-paths-are-continuous	pending		
lem-euclidean-stokes-for-a-compactly-supported-form	pending		
lem-euler-four-square-product-identity	pending		
lem-euler-polygonal-approximations-are-uniformly-bounded-and-equicontinuous	pending		
lem-evaluation-ideal-is-maximal	pending		
lem-evaluation-map-of-separating-family-is-an-embedding	pending		
lem-evaluation-on-a-regular-level-identifies-unparametrized-trajectories	pending		
lem-every-abelian-group-embeds-in-a-divisible-group	pending		
lem-every-conjugacy-class-contains-a-cyclically-britton-reduced-word	pending		
lem-every-ext-one-class-is-represented-by-an-extension	pending		
lem-every-finite-group-is-finitely-presented	pending		
lem-every-finite-singular-chain-becomes-cover-small-after-enough-subdivision	pending		
lem-every-graph-walk-contains-a-path-between-its-endpoints	pending		
lem-every-integer-above-one-has-a-prime-divisor	pending		
lem-every-line-in-a-finite-projective-plane-has-the-same-number-of-points	pending		
lem-every-manifold-has-a-compact-exhaustion	pending		
lem-every-net-has-a-universal-subnet	pending		
lem-every-nonzero-verma-submodule-contains-a-singular-vector	pending		
lem-every-norm-on-rn-is-continuous-for-the-euclidean-metric	pending		
lem-every-open-cover-of-a-manifold-has-a-countable-cover-by-relatively-compact-coordinate-balls-subordinate-to-it	pending		A-P
lem-every-polynomial-agrees-on-the-cube-with-its-multilinear-reduction	pending		
lem-every-vector-in-a-fibre-extends-to-a-compactly-supported-smooth-section	pending		
lem-every-verma-module-contains-a-simple-verma-submodule	pending		A-P
lem-every-vertex-lies-in-a-unique-maximal-proper-module	pending		
lem-every-walk-in-a-simple-graph-contains-a-path-with-the-same-endpoints	pending		
lem-every-zariski-closed-set-has-a-radical-defining-ideal	pending		
lem-exactness-at-the-homology-of-the-left-complex	pending		
lem-exactness-at-the-homology-of-the-middle-complex	pending		
lem-exactness-at-the-homology-of-the-right-complex	pending		
lem-exactness-at-the-target-of-the-connecting-map	pending		
lem-expander-size-adjustment-and-laziness	pending		U-P
lem-expander-walk-bad-edge-return	pending		U-P
lem-expander-walk-contraction	pending		U-P
lem-expander-walk-restricted-operator	pending		U-P
lem-expectation-by-distribution	pending		
lem-expectation-is-independent-of-the-ae-representative	pending		U-P
lem-exponential-decay-dominates-every-inverse-power	pending		
lem-exponential-dominates-one-plus-x	pending		
lem-exponential-factorial-tail-bound	pending		
lem-exponential-series-has-infinite-radius	pending		U-P
lem-ext-depth-shift-across-a-regular-element	pending		
lem-ext-depth-zero-identifies-annihilated-elements	pending		
lem-ext-one-of-z-mod-n-by-z-is-z-mod-n	pending		
lem-extend-a-degree-zero-transformation-through-one-dimension-shift	pending		
lem-extend-a-partial-comparison-homotopy-by-one-degree	pending		
lem-extend-a-partial-comparison-map-by-one-degree	pending		
lem-extended-dfa-transition-respects-concatenation	pending		
lem-extended-reals-complete	pending		
lem-extension-from-subobjects-of-a-generator-detects-injectivity	pending		
lem-extensional-collapse-is-injective	pending		
lem-extensions-between-distinct-o-linkage-classes-split	pending		U-P
lem-exterior-algebra-basis-monomials	pending		
lem-exterior-and-cartan-calculus-extend-to-manifolds-with-boundary	pending		
lem-exterior-multiplication-koszul-sign-rule	pending		
lem-exterior-square-has-the-alternating-universal-property	pending		
lem-extremal-comparability	pending		
lem-extremal-cut-closed-under-f	pending		
lem-extremal-cut-closed-under-sups	pending		
lem-face-containment-under-plane-subgraphs	pending		U-P
lem-factor-elements-act-on-amalgamated-normal-words	pending		
lem-factor-elements-act-on-reduced-syllable-words	pending		
lem-factor-set-of-a-section-is-a-normalized-two-cocycle	pending		
lem-factorial-beats-geometric	pending		
lem-fejer-kernel-is-a-positive-approximate-identity	pending		
lem-few-induced-copies-is-inherited-by-large-induced-subgraphs	pending		
lem-fibre-after-base-change	pending		
lem-fibre-as-base-change-to-point-classical	pending		A-P
lem-fibre-product-associativity-and-symmetry	pending		
lem-fibre-product-open-restriction	pending		
lem-fibre-product-unique-canonical-isomorphism	pending		
lem-fibre-products-glue-over-open-covers	pending		
lem-field-integrality-criterion	pending		
lem-field-is-a-commutative-ring	pending		
lem-field-valued-points-of-schemes	pending		
lem-filter-base-generates	pending		
lem-filter-derived-net-preserves-convergence-and-cluster-points	pending		
lem-finitary-monad-algebras-have-coequalizers-under-dependent-choice	pending		U-P
lem-finite-b-stable-generators-and-weight-flags-in-category-o	pending		U-P
lem-finite-binary-digit-changes-do-not-alter-zero-one-measure	pending		
lem-finite-caratheodory-splitting	pending		
lem-finite-choice	pending		
lem-finite-circle-wedge-open-cover	pending		
lem-finite-coordinate-cylinder-sets-form-an-algebra	pending		
lem-finite-coordinate-cylinders-form-a-pi-system	pending		
lem-finite-coset-partition	pending		
lem-finite-cube-covers-admit-grid-control	pending		
lem-finite-cw-pairs-admit-finite-simplicial-homotopy-models	pending		U-P
lem-finite-dimensional-axiomatic-homology-has-finite-subcomplex-support	pending		U-P
lem-finite-dimensional-separation-of-a-compact-convex-set-and-a-point	pending		
lem-finite-dimensional-skeletal-exactness-computes-axiomatic-homology	pending		
lem-finite-dimensional-space-over-an-infinite-field-is-not-a-finite-union-of-proper-subspaces	pending		
lem-finite-dot-orbit-weight-spaces-detect-o-subquotients	pending		U-P
lem-finite-elementary-abelian-p-groups-have-bases-and-basis-extension	pending		
lem-finite-evaluations-separate-from-a-dual-subspace	pending		U-P
lem-finite-extension-with-finitely-many-intermediate-fields-is-simple	pending		
lem-finite-field-quadratic-isotropy-in-dimension-at-least-three	pending		
lem-finite-generating-subset-of-a-generating-set	pending		
lem-finite-groups-acting-on-trees-have-a-global-fixed-vertex-after-subdivision	pending		
lem-finite-harnack-chain-on-a-compact-connected-subset	pending		
lem-finite-interval-cover-total-length	pending		
lem-finite-jordan-cover-sum-bounds	pending		
lem-finite-lacunary-fourier-sums-have-their-coefficient-ell-two-norm	pending		
lem-finite-lattice-join-irreducible-decomposition	pending		
lem-finite-lch-partition-of-unity-near-a-compact-set	pending		
lem-finite-local-modules-admit-minimal-free-resolutions	pending		A-R
lem-finite-measure-bounded-l-p-functionals-are-integration-against-rn-densities	pending		A-R
lem-finite-measure-sets-admit-compact-open-sandwiches-with-small-excess	pending		
lem-finite-measure-sets-are-approximable-by-a-countable-generating-algebra	pending		
lem-finite-measure-sets-are-approximable-by-finite-unions-of-boxes	pending		
lem-finite-measure-uniqueness-on-a-pi-system	pending		
lem-finite-minima-of-continuous-unit-interval-maps	pending		
lem-finite-modules-over-noetherian-rings-are-noetherian	pending		U-P
lem-finite-nilpotence-via-normal-sylow-subgroups	pending		
lem-finite-powers-of-countable-sets-are-countable	pending		
lem-finite-predecessor-closure-is-a-set	pending		
lem-finite-prime-avoidance	pending		
lem-finite-probability-basic-laws	pending		
lem-finite-product-norms-are-equivalent	pending		
lem-finite-products-of-standard-borel-spaces-are-standard-borel	pending		
lem-finite-random-variables-are-measurable	pending		
lem-finite-rectangle-unions-form-a-generating-algebra	pending		
lem-finite-refining-small-diameter-covers-of-compact-metric-spaces	pending		U-P
lem-finite-residue-field-projective-dimension-forces-depth-equals-dimension	pending		U-P
lem-finite-roof-squares-and-composable-pairs-can-be-cleared	pending		
lem-finite-set-has-max	pending		
lem-finite-signed-measure-sets-have-only-finite-subset-values	pending		
lem-finite-simplicial-approximation-for-homology-comparison	pending		U-P
lem-finite-sine-harmonic-sums	pending		
lem-finite-star-refinement-for-compact-hausdorff-spaces	pending		
lem-finite-subsets-listable	pending		
lem-finite-sum-laws	pending		
lem-finite-sum-permutation-invariance	pending		
lem-finite-sum-reindexing-and-fubini	pending		
lem-finite-support-of-ideal-valuations	pending		
lem-finite-torsionfree-modules-over-dedekind-domains-are-projective	pending		
lem-finite-torus-fourier-orthogonality-and-affine-change	pending		U-P
lem-finite-truncations-are-dense-in-c0-and-ell-one	pending		
lem-finite-tuples-admit-effective-prefix-free-encodings	pending		
lem-finite-type-jacobson-residue-extension	pending		
lem-finite-type-local-on-source-and-target	U-P_candidate	anonymous-pilot.json	U-P
lem-finitely-many-critical-values-can-be-separated-locally	pending		U-P
lem-finiteness-support-residue-sum	pending		
lem-fip-generates-filter	pending		
lem-first-false-round-is-caught-by-root-bound	pending		U-P
lem-first-jantzen-filtration-term-is-the-verma-maximal-submodule	pending		
lem-first-order-hadamard-factorization-near-a-point	pending		
lem-first-plus-construction-is-separated	pending		
lem-first-return-decomposition-of-a-nonempty-dyck-path	pending		
lem-five-term-homology-sequence-for-a-free-presentation	pending		U-P
lem-fixed-colourings-factor-by-cycle-type	pending		
lem-fixed-field-of-the-relative-frobenius	pending		
lem-fixed-point-free-disk-map-produces-a-retraction	pending		
lem-flat-local-ascent-of-regularity	pending		U-P
lem-flat-local-depth-formula-regular-sequence-split	pending		A-R
lem-flow-cut-identity-and-weak-duality	pending		
lem-flux-of-a-single-component-field-through-an-oriented-graph-face	pending		
lem-foata-transformation-is-bijective	pending		
lem-forbidden-induced-subgraph-classes-are-hereditary	pending		
lem-forgetful-sheaf-compatibility	pending		
lem-formal-letters-act-by-permutations-on-reduced-words	pending		
lem-formal-matrix-geometric-series	pending		
lem-formal-order-laws	pending		
lem-formal-power-series-evaluation-converges	pending		
lem-formal-power-series-evaluation-unique-continuous-map	pending		
lem-formal-residue-identities	pending		
lem-formula-arithmetization-degree-and-evaluation-cost	pending		U-P
lem-formula-substitution-satisfaction	pending		
lem-four-dividing-a-sum-of-three-squares-forces-even-coordinates	pending		
lem-four-lemma-for-modules	pending		
lem-four-spaces-for-a-fixed-linear-recurrence	pending		
lem-four-square-congruence-for-primes	pending		
lem-four-square-descent	pending		
lem-fourier-analysis-of-margulis-adjacency	pending		U-P
lem-fourier-coefficients-of-a-periodic-weak-derivative	pending		
lem-fourier-maximal-weak-bound-closes-almost-everywhere-convergence	pending		U-P
lem-fourier-partial-sum-operator-norm-equals-the-lebesgue-constant	no_candidate_found	root-analysis-signals-01-receipts.json	
lem-fourier-partial-sums-are-dirichlet-convolutions	pending		
lem-fourier-transform-of-a-gaussian	pending		
lem-fractional-ideal-operations-well-defined	pending		
lem-frattini-subgroup-is-characteristic	pending		
lem-frattini-subgroup-nongenerator-characterization	pending		
lem-free-presentation-construction-is-a-central-extension	pending		
lem-free-word-rings-are-unital-rings	pending		
lem-fresh-bound-variable-renaming	pending		
lem-function-limit-preserves-order	pending		
lem-function-limit-unique	pending		
lem-functional-induced-measures-are-absolutely-continuous-with-respect-to-mu	pending		
lem-fundamental-cut-of-a-spanning-tree	pending		
lem-fundamental-cycle-of-a-spanning-tree	pending		
lem-g-equivariant-maps-are-the-fixed-points-of-the-dual-tensor-representation	pending		
lem-galois-conjugates-have-equal-scalar-extension-multiplicity	pending		U-P
lem-gamma-integral-converges-locally-uniformly	pending		
lem-gauss-content-lemma	pending		
lem-gauss-half-system-permutation	pending		
lem-gauss-lemma-over-a-ufd	pending		
lem-gauss-lower-half-lattice-count	pending		
lem-gauss-reduction-step-improves-a-positive-definite-form	pending		
lem-gaussian-integral-is-finite-and-positive	pending		
lem-gaussian-square-is-the-plane-gaussian-integral	pending		
lem-gcd-basic-values	pending		
lem-gcd-euclidean-step	pending		
lem-gcd-scaling	pending		
lem-general-variety-function-field-charts	pending		A-P
lem-generalized-central-character-submodules-are-direct-summands	pending		U-P
lem-generalized-niceness-yields-four-reduction-outcomes	pending		
lem-generated-lambda-system-closed-under-intersections	pending		
lem-generated-lambda-system-exists-and-is-minimal	pending		
lem-generated-monotone-class-closed-under-complements	pending		
lem-generated-monotone-class-closed-under-intersections	pending		
lem-generated-monotone-class-exists-and-is-minimal	pending		
lem-generated-submodule-as-finite-linear-combinations	pending		
lem-generic-linear-coordinate-makes-a-holomorphic-germ-regular	pending		
lem-geometric-fibre-choice-independent	pending		
lem-geometric-sequence-null	pending		
lem-geometric-simplices-intersect-in-the-realization-of-their-common-face	pending		
lem-germ-equivalence-relation	pending		
lem-germ-neighborhoods-form-a-riemann-surface-basis	pending		
lem-global-dimension-is-detected-on-cyclic-modules	pending		
lem-global-sections-left-exact	pending		
lem-global-square-class-approximation	pending		U-P
lem-gluing-lemma-for-plane-subharmonic-functions	pending		
lem-gnf-left-recursion-elimination-preserves-language	pending		
lem-gnf-substitution-step-preserves-language	pending		
lem-good-polynomial-reduction-kills-inertia	pending		
lem-goursat-four-triangle-boundary-cancellation	pending		
lem-goursat-nested-triangle-selection	pending		
lem-gradient-flow-identifies-the-local-and-global-attaching-regions	pending		U-P
lem-graph-as-pullback-diagonal	pending		
lem-graph-distance-is-a-metric-on-each-component	pending		
lem-graph-reachability-is-an-equivalence-relation	pending		
lem-graphs-on-three-vertices-are-not-prime	pending		
lem-grassmannian-standard-affine-charts	pending		U-P
lem-greedy-colouring-bound	pending		
lem-green-boundary-cancellation-under-finite-gluing	pending		
lem-green-type-i-boundary-identity	pending		
lem-green-type-ii-boundary-identity	pending		
lem-grid-cycle-for-runge-approximation	pending		
lem-grid-reduction-of-a-multivariate-polynomial	pending		
lem-group-cancellation	pending		
lem-group-homomorphism-basic-properties	pending		
lem-group-inverse-laws	pending		
lem-group-power-laws	pending		
lem-groups-of-order-pq-have-a-normal-q-subgroup	pending		
lem-growth-comparison-is-a-preorder	pending		
lem-h-five-and-co-e-free-family-has-the-erdos-hajnal-property	pending		
lem-h-five-overlap-classes-are-connected	pending		
lem-h-five-overlap-quotient-iteration-terminates-at-a-pure-blockade	pending		
lem-h-one-regular-local-implies-koszul-regular	pending		
lem-hadamard-gaps-bound-additive-representations	pending		
lem-hahn-banach-one-step-extension	pending		
lem-half-nine-lemma	pending		
lem-half-open-boxes-form-an-elementary-family	pending		
lem-half-open-boxes-generate-the-borel-sigma-algebra-on-rn	pending		
lem-half-space-chart-transitions-extend-locally-to-side-preserving-diffeomorphisms	pending		
lem-half-space-stokes-for-a-compactly-supported-form	pending		
lem-hall-induction-reductions	pending		
lem-halting-oracle-is-not-computably-dominated	pending		A-R
lem-hamel-basis-exists	pending		
lem-harish-chandra-projection-computes-highest-weight-scalars	no_candidate_found	terra-lie-01-receipts.json	
lem-harmonic-sum-asymptotic	pending		
lem-hartogs-iterated-powerset-bounds	pending		
lem-hashing-commits-public-randomness	pending		A-R
lem-hausdorff-exponent-comparison	pending		
lem-hausdorff-scale-monotonicity-and-limit	pending		
lem-height-converse-parameter-selection	pending		
lem-height-equals-local-dimension	pending		
lem-height-in-quotient-is-relative-chain-length	pending		
lem-height-theorem-first-generator-reduction	pending		
lem-height-theorem-quotient-induction	pending		
lem-hensel-factor-correction-one-stage	pending		
lem-hensel-factor-corrections-form-cauchy-sequences	pending		
lem-hensel-factor-lift-leading-coefficient-normalisation	pending		
lem-hensel-factor-lift-uniqueness-induction	pending		
lem-hensel-factor-lifting-over-a-complete-valued-field	pending		
lem-hensel-factor-limit-multiplies-to-original	pending		
lem-henselian-pair-ideal-in-jacobson-radical	pending		
lem-henselian-quotient-factor-lift	pending		
lem-hierholzer-maximal-unused-edge-trail-closes	pending		
lem-higher-order-rolle	pending		
lem-hilbert-basis-degree-cancellation	pending		
lem-hilbert-symbol-depends-only-on-square-classes	pending		
lem-holder-fourier-coefficients-have-weighted-ltwo-decay	pending		
lem-holomorphic-dependence-of-slice-laurent-coefficients	pending		
lem-holomorphic-difference-quotient-is-holomorphic-in-each-variable	pending		
lem-holomorphic-difference-quotient-is-jointly-continuous	pending		U-P
lem-holomorphic-difference-quotient-segment-formula	pending		
lem-holomorphic-logarithms-for-two-omitted-values	pending		
lem-holomorphic-power-sums-of-slice-zeros	pending		
lem-hom-from-a-finite-free-module	pending		
lem-hom-from-a-projective-object-makes-the-injective-resolution-columns-exact	pending		
lem-hom-into-an-injective-object-makes-the-projective-resolution-rows-exact	pending		
lem-hom-module-over-a-commutative-ring	pending		
lem-homeomorphism-criteria	pending		
lem-homogeneous-number-is-monotone-under-induced-subgraphs	pending		
lem-homogeneous-polynomial-zero-locus-well-defined	pending		
lem-homogeneous-sets-in-pure-blockade-patterns-lift-to-homogeneous-blockades	pending		
lem-homogenization-dehomogenization-correspondence	pending		
lem-homology-of-an-infinite-cw-complex-is-the-colimit-of-skeletal-homology	pending		U-P
lem-homomorphisms-from-a-simple-verma-module-have-dimension-at-most-one	pending		
lem-homomorphisms-respect-commutators-and-derived-series	pending		
lem-homotopic-maps-have-chain-isomorphic-mapping-cones	pending		
lem-homotopy-reflexive-and-symmetric	pending		
lem-homotopy-transitivity-by-reparametrisation	pending		
lem-hopf-formula-subgroups-are-normal-and-the-quotient-exists	pending		
lem-horizontal-composition-of-natural-transformations-is-natural	pending		
lem-horseshoe-gives-a-short-exact-sequence-after-applying-a-right-exact-functor	pending		
lem-hyperelementary-permutation-subring-reduction	pending		U-P
lem-ideal-class-group-well-defined	pending		
lem-ideal-criterion-and-intersections	pending		
lem-idempotent-gives-clopen-spectrum-partition	pending		
lem-identity-diagram-large-limit-and-initial-objects	pending		
lem-identity-unique	pending		
lem-image-sheaf-is-sheafification-presheaf-image	pending		
lem-immersions-and-localizations-monomorphisms	pending		U-P
lem-improper-integral-splitting-and-tail-invariance	pending		
lem-incidence-convolution-associative-and-distributive	pending		
lem-incidence-convolution-inverses-by-recursion	pending		
lem-incidence-locus-is-closed	pending		U-P
lem-indented-arc-residue-limit	pending		
lem-independence-has-finite-character	pending		
lem-independent-copy-symmetrization-tail-bounds	pending		U-P
lem-independent-events-remain-independent-under-complements	pending		
lem-independent-families-pass-to-subfamilies	pending		
lem-independent-initial-vectors-give-independent-jordan-strings	pending		
lem-independent-list-is-injective	pending		
lem-index-map-grows	pending		
lem-indicator-expectation-and-products	pending		
lem-induced-copies-counted-by-extending-a-deleted-vertex	pending		
lem-induced-copy-number-isomorphism-and-complement	pending		
lem-induced-embeddings-compose	pending		
lem-induced-freeness-passes-to-induced-subgraphs	pending		
lem-induced-outer-measure-agrees-with-premeasure	pending		
lem-induced-simplicial-chain-maps-commute-with-boundaries	pending		
lem-induced-singular-chain-maps-commute-with-boundaries	pending		
lem-induced-subgraphs-of-cographs-are-cographs	pending		
lem-inducing-an-irreducible-inertia-module-is-irreducible	pending		U-P
lem-induction-from-the-inertia-group-recovers-the-module	pending		U-P
lem-induction-ideal-of-a-subgroup-family-is-an-ideal	pending		U-P
lem-induction-image-is-an-ideal-in-the-representation-ring	pending		U-P
lem-inductive-horseshoe-step	pending		
lem-inf-epsilon	pending		
lem-infinite-pigeonhole-on-the-naturals	pending		
lem-injective-darboux-function-is-strictly-monotone	pending		
lem-inner-product-pairing-is-nondegenerate-and-norm-is-homogeneous	pending		
lem-int-abs-properties	pending		
lem-int-add-well-defined	pending		
lem-int-bounded-above-has-greatest	pending		
lem-int-cancellation	pending		
lem-int-embeds-rat	pending		
lem-int-equivalence	pending		
lem-int-mul-well-defined	pending		
lem-integer-multiples-agree-with-canonical-natural	pending		
lem-integer-multiples-in-a-ring	pending		
lem-integer-part	pending		
lem-integrability-on-a-subinterval	pending		
lem-integral-additivity-over-a-content-zero-almost-partition	no_candidate_found	root-stokes-01-receipts.json	
lem-integral-elementary-bounds	pending		
lem-integral-extension-chain-contraction-is-strict	pending		
lem-integral-geometric-layers-have-rounded-cutoff-bounds	pending		
lem-integral-manifolds-are-locally-contained-in-plaques	pending		
lem-integral-reflection-orbits-are-linkage-equivalence-classes	pending		U-P
lem-integral-unit-flow-decomposition	pending		
lem-integrally-closed-minimal-polynomial-coefficients	pending		
lem-interior-closure-boundary-identities	pending		
lem-interior-sphere-barrier-for-the-laplacian	pending		
lem-internal-faces-cancel-when-elementary-solid-regions-are-glued	pending		
lem-intersection-affine-opens-covered-principal-opens	pending		
lem-intersection-of-linear-subspaces	pending		
lem-intersection-of-normal-subgroups	pending		
lem-intersection-of-primary-submodules-with-same-radical	pending		
lem-intersection-of-subgroups	pending		
lem-intersection-of-two-modules-is-a-module	pending		
lem-invariance-passes-to-orthogonal-complements-under-the-adjoint	pending		
lem-inverse-limit-of-finite-discrete-groups-is-a-closed-topological-subgroup	pending		
lem-inverse-of-bijective-group-homomorphism	pending		
lem-inverse-relations-composites-and-restrictions-are-sets	pending		
lem-inverse-unique	pending		
lem-involutive-frame-reduction	pending		
lem-irreducible-polynomial-coefficients-in-a-complete-valuation-ring	pending		
lem-irreducible-submodule-is-primary-noetherian	pending		A-R
lem-irreducibles-are-prime-in-a-principal-ideal-domain	pending		
lem-isaacs-linear-character-step	pending		
lem-isometry-is-an-embedding	pending		
lem-isomorphism-characterised-by-composition-bijections	pending		
lem-isotypical-evaluation-and-subspaces-of-multiplicity-spaces	pending		U-P
lem-iterated-down-shifting-terminates-in-a-downward-closed-family	pending		
lem-iterated-restricted-sparsification-reaches-the-target-scale	pending		
lem-iterated-sparse-restriction-reaches-the-target-sparsity-threshold	pending		
lem-jacobson-ring-prime-as-intersection-of-maximals	pending		
lem-join-irreducible-is-join-prime	pending		
lem-jones-normal-density-discrete-bound	pending		
lem-jordan-set-integral-well-defined	pending		U-P
lem-jordans-lemma-rational-functions	pending		
lem-jump-is-well-defined-on-degrees	pending		U-P
lem-jumps-of-the-variation-function	pending		
lem-k-transitive-actions-are-k-homogeneous-and-lower-transitive	pending		
lem-katona-cyclic-interval-bound	pending		
lem-kempe-component-colour-swap	pending		
lem-kernel-and-rank-sequences-of-powers	pending		
lem-kernel-basis-extension-gives-image-basis	pending		
lem-kernel-conjugation-by-an-element-of-the-coefficient-group-corresponds-to-a-principal-crossed-homomorphism	pending		
lem-kernel-subgroup-in-a-group-extension-is-normal-and-the-quotient-is-the-base	pending		
lem-kernels-of-finite-projections-form-an-open-normal-neighbourhood-basis	pending		
lem-keyhole-branch-boundary-values	pending		
lem-konig-alternating-reachability-cover	pending		
lem-koszul-append-one-element-mapping-cone-identification	pending		
lem-koszul-complex-concatenation-tensor-isomorphism	pending		
lem-koszul-complex-flat-base-change	pending		
lem-koszul-complex-localises-termwise	pending		
lem-koszul-depth-first-nonzero-cohomology	pending		U-P
lem-koszul-differential-coordinate-formula	pending		
lem-koszul-differential-is-well-defined-and-squares-to-zero	pending		
lem-koszul-differential-square-pairwise-cancellation	pending		
lem-koszul-generator-contraction-homotopy	pending		
lem-koszul-generator-matrix-chain-map	pending		
lem-koszul-generators-act-null-homotopically	pending		
lem-koszul-mapping-cone-homology-exact-sequence	pending		
lem-koszul-regular-implies-h-one-regular	pending		
lem-koszul-resolution-minimality-maximal-ideal-sequence	pending		
lem-kronecker-summation-lemma	pending		
lem-kst-common-neighbour-double-count	pending		
lem-kuratowski-minors-are-topological-minors	pending		
lem-l-p-functions-have-sigma-finite-essential-support-for-finite-p	pending		
lem-lambda-good-sets	pending		
lem-lambda-system-with-finite-intersections-is-sigma	pending		
lem-large-cantor-cubes-are-not-separable	pending		
lem-large-induced-subgraphs-in-the-property-star-four-outcome-theorem-contain-a-pure-or-x-sparse-polynomial-blockade	pending		
lem-large-induced-subgraphs-without-a-polynomial-clique-or-stable-set-force-complete-or-anticomplete-blockades	pending		
lem-large-radius-polynomial-circle-loop-has-degree	pending		
lem-large-semicircle-vanishing	pending		
lem-large-y-part-in-a-structural-comb-partition-yields-a-homogeneous-set	pending		
lem-largest-summand-bound-for-symmetric-independent-variables	pending		U-P
lem-lattice-paths-are-determined-by-their-step-words	pending		
lem-laurent-non-archimedean	pending		
lem-laurent-series-ring	pending		
lem-laurent-valuation	pending		
lem-law-of-a-random-element-is-a-probability-measure	pending		
lem-laws-commute-with-measurable-maps	pending		
lem-lch-urysohn-cutoff-for-a-compact-set-inside-an-open-set	pending		
lem-leading-coefficient-bound-for-a-reduced-form	pending		
lem-leading-coefficient-ideals	pending		
lem-leading-coefficient-is-minimal-in-a-reduced-class	pending		
lem-leading-multidegree-of-a-symmetric-polynomial-is-a-partition	pending		
lem-leading-multidegrees-of-elementary-symmetric-monomials	pending		
lem-leaf-reducible-families-yield-a-large-anticomplete-pair-or-a-more-restricted-induced-subgraph	pending		U-P
lem-least-absolute-remainder	pending		
lem-least-absolute-residue-quadruple-of-a-multiple	pending		
lem-lebesgue-measurable-sets-have-small-open-excess	pending		
lem-left-and-right-amenability-agree-by-inversion	pending		
lem-left-and-right-cosets-equinumerous	pending		
lem-left-total-derived-functor-is-independent-of-the-supplied-projective-replacement-up-to-unique-natural-isomorphism	pending		
lem-levi-pseudoconvexity-is-independent-of-defining-function	pending		
lem-levy-maximal-inequality-for-independent-tail-sums	pending		U-P
lem-lift-a-map-through-degree-zero-of-a-projective-resolution	pending		
lem-lifting-residue-frobenius-by-galois-conjugates	pending		
lem-lifts-of-circle-loop-concatenation-and-reversal	pending		
lem-liminf-le-limsup	pending		
lem-limit-abs	pending		
lem-limit-implies-local-boundedness	pending		
lem-limit-is-local	pending		
lem-limit-legs-are-jointly-monic-and-colimit-legs-jointly-epic	pending		
lem-limit-of-tail	pending		
lem-limit-points-of-unbounded-sets	pending		
lem-limit-preserves-order	pending		
lem-limit-unique	pending		
lem-limsup-epsilon-characterisation	pending		
lem-limsup-exists	pending		
lem-limsup-monotone-comparison	pending		
lem-limsup-reflection	pending		
lem-lindelof-degree-is-well-defined	pending		
lem-line-integrals-are-independent-of-the-piecewise-c1-partition	pending		U-P
lem-linear-congruence-reduction-by-the-gcd	pending		
lem-linear-functional-annihilating-kernel-of-a-surjection-is-a-transpose-multiple	pending		
lem-linear-functionals-separate-points-from-subspaces	pending		
lem-linear-map-elementary-properties	pending		
lem-linear-matrix-odes-have-unique-global-solutions-on-a-given-interval	pending		
lem-linear-primary-companion-block-is-similar-to-a-jordan-block	pending		
lem-linear-subspace-criterion	pending		
lem-linear-subspace-is-a-subgroup	pending		
lem-lipschitz-images-of-lebesgue-null-sets-are-lebesgue-null	pending		U-P
lem-listed-infinite-sigma-algebra-has-a-disjoint-sequence	pending		
lem-local-boundedness-of-separately-holomorphic-functions	pending		
lem-local-c-one-volume-distortion	pending		
lem-local-composition-of-complex-power-series	pending		
lem-local-composition-of-real-power-series	pending		
lem-local-critical-value-lowering-preserves-the-upper-sublevel	pending		U-P
lem-local-dvr-condition-implies-dimension-one	pending		
lem-local-dvr-condition-implies-global-normality	pending		
lem-local-gch-absorbs-sums-and-squares	pending		
lem-local-gch-hartogs-dichotomy	pending		
lem-local-global-dimension-equals-residue-field-projective-dimension	pending		U-P
lem-local-hartogs-extension-across-polydisc-shells	pending		
lem-local-holomorphic-logarithm-nonvanishing-function-on-disc	pending		
lem-local-homomorphism-residue-field-map	pending		
lem-local-koszul-acyclicity-inductive-converse	pending		A-P
lem-local-koszul-h-one-detects-first-regularity-failure	pending		
lem-local-lemma-conditional-probability-bound	pending		
lem-local-logarithmic-derivative-zeta	pending		
lem-local-morse-sublevel-pair-is-a-handle-pair	pending		U-P
lem-local-reciprocal-of-a-real-power-series	pending		
lem-local-reciprocal-of-complex-power-series	pending		
lem-local-solvability-of-the-augmented-characteristic-ode	pending		
lem-local-sphere-orientations-and-finite-puncture-excision	pending		U-P
lem-local-subharmonic-peak-function-globalizes	pending		
lem-localisation-of-a-primary-submodule	pending		
lem-localisation-of-cohen-macaulay-module-depth-dimension-equality	pending		U-P
lem-localisation-of-hom-natural-map	pending		
lem-localisation-preserves-injectivity	pending		
lem-localisation-preserves-surjectivity	pending		
lem-localisation-spectrum-map-homeomorphism-onto-image	pending		
lem-localised-hom-finite-free-case	pending		
lem-localised-hom-finite-presentation-kernel-step	pending		
lem-localised-ideal-generated-by-contracted-numerators	pending		
lem-localised-module-addition-independent-of-representatives	pending		
lem-localised-module-fraction-equivalence-is-an-equivalence-relation	pending		
lem-localised-module-scalar-action-independent-of-representatives	pending		
lem-localized-cone-triangles-satisfy-the-octahedral-axiom	pending		
lem-localized-cone-triangles-satisfy-tr-one-through-tr-three	pending		
lem-locally-bounded-holomorphic-families-are-locally-equicontinuous	pending		
lem-locally-bounded-separately-holomorphic-functions-are-locally-lipschitz	pending		U-P
lem-locally-finite-families-of-supports-have-locally-finite-cozero-families	pending		
lem-locally-finite-linear-combinations-of-sections-are-smooth	pending		
lem-locally-finite-sums-are-continuous	no_candidate_found	terra-partitions-01-receipts.json	
lem-locally-finite-union-of-sigma-locally-finite-bases	pending		
lem-locally-finite-unions-and-closures	no_candidate_found	terra-partitions-01-receipts.json	
lem-locally-unique-ode-solutions-agree-and-glue-on-overlaps	pending		
lem-locally-zero-locus-clopen-holomorphic-function	pending		
lem-log-series-extends-by-the-product-law	pending		
lem-logarithm-branch-for-a-linear-factor-on-a-disc	pending		
lem-logarithmic-derivative-order-residue	pending		
lem-logarithmic-derivative-zeta-left-half-plane	pending		
lem-logarithmic-integral-asymptotic-expansion	pending		
lem-logspace-machines-have-polynomially-many-configurations	pending		U-P
lem-logspace-reductions-compose	pending		U-P
lem-loop-products-in-a-topological-group-agree-up-to-homotopy	pending		
lem-lower-limit-line-is-regular-and-lindelof	pending		
lem-lower-limit-plane-antidiagonal	pending		
lem-ltwo-fourier-decay-implies-absolute-convergence-by-cauchy-schwarz	pending		
lem-lub-implies-nested-intervals	pending		
lem-luzin-property-n-gives-an-integral-growth-estimate	pending		
lem-machine-encoding-is-injective-and-decodable	pending		
lem-manifold-bump-for-a-compact-set-inside-an-open-set	pending		A-R
lem-many-good-two-t-vertex-sets-force-many-homogeneous-k-sets	pending		
lem-maps-of-compactifications-preserve-remainders	pending		
lem-margulis-diamond-weight-bound	pending		U-P
lem-margulis-family-is-constant-degree-and-neighbor-computable	pending		U-P
lem-matrix-inversion-preserves-ck-regularity	pending		
lem-matrix-rank-detected-by-nonzero-minors	pending		
lem-matrix-unit-multiplication	pending		
lem-max-is-sup	pending		
lem-maximal-acyclic-spanning-subgraph-is-a-spanning-tree	pending		
lem-maximal-algebraically-independent-subset-is-a-transcendence-basis	pending		
lem-maximal-chains-of-the-boolean-lattice	pending		
lem-maximal-divisor-pivot-for-pid-submodules	pending		
lem-maximal-element-annihilator-primality-step	pending		
lem-maximal-ideal-residue-field-of-an-affine-algebra-is-finite	pending		
lem-maximal-non-finitely-generated-ideal	pending		
lem-maximal-non-finitely-generated-ideal-is-prime	pending		
lem-maximal-pattern-pure-blockades-force-many-blocks	pending		
lem-maximal-proper-closed-subgroups-of-a-profinite-group-are-open	pending		
lem-maximal-regular-sequence-stops-at-associated-prime	pending		U-P
lem-maximal-regular-sequences-have-common-length-ext	pending		U-P
lem-maximal-residue-injective-subfield	pending		
lem-mct-implies-archimedean	pending		
lem-mct-implies-lub	pending		
lem-measurable-functions-preserve-independence	pending		
lem-mesh-of-iterated-barycentric-subdivision-tends-to-zero	pending		
lem-metric-ball-neighbourhood-base	pending		
lem-metric-cauchy-bounded	pending		
lem-metric-cauchy-with-convergent-subsequence	pending		
lem-metric-convergent-implies-cauchy	pending		
lem-metric-limits-unique	pending		
lem-metric-nonnegativity	pending		
lem-metric-open-covers-have-point-finite-refinements	no_candidate_found	terra-partitions-01-receipts.json	
lem-metric-outer-measure-boundary-layer-continuity	pending		
lem-metric-point-finite-refinements-can-be-made-locally-finite	no_candidate_found	terra-partitions-01-receipts.json	
lem-metric-properness-agrees-with-proper-discontinuity-on-proper-discrete-metric-spaces	pending		
lem-metric-reverse-triangle	pending		
lem-metric-spaces-have-sigma-locally-finite-bases	pending		
lem-metric-uniformity-dictionary	pending		
lem-metrics-on-rn	pending		
lem-mgf-of-independent-finite-sum	pending		
lem-midpoint-convexity-extends-to-dyadic-weights	pending		
lem-minimal-algebraic-relator-area-exists	pending		
lem-minimal-area-diagrams-are-reduced	pending		
lem-minimal-cauchy-filter-associated-to-a-cauchy-filter	pending		
lem-minimal-cauchy-filter-space-is-complete	pending		
lem-minimal-free-matrix-induces-zero-on-residue-ext	pending		
lem-minimal-free-resolution-differentials-land-in-maximal-ideal	pending		
lem-minimal-free-resolution-reduces-to-zero-differential	pending		U-P
lem-minimal-free-resolutions-unique-up-to-chain-isomorphism	pending		
lem-minimal-normal-subgroups-of-finite-groups-are-characteristically-simple	pending		
lem-minimal-polynomial-is-invariant-under-field-extension	pending		
lem-minimal-prime-over-an-ideal-exists	pending		
lem-minkowski-functional-is-sublinear	pending		
lem-mixed-anticonnected-blocks-lift-pattern-obstructions-to-the-ambient-graph	pending		
lem-mixed-block-reachability-is-an-equivalence-relation	pending		
lem-module-criteria	pending		
lem-module-elementary-consequences	pending		
lem-modules-are-complement-invariant	pending		
lem-moment-bound-for-a-random-sign	pending		
lem-monoid-units-form-a-group	pending		
lem-monomiality-lifts-along-a-quotient	pending		
lem-monotone-and-diagonal-lattice-paths-correspond	pending		
lem-monotone-chebyshev-tauberian-desmoothing	pending		
lem-monotone-good-sets-for-algebra-elements	pending		
lem-monotone-unbounded-diverges	pending		
lem-monotone-with-interval-image-is-continuous	pending		
lem-monotonicity-of-union-and-intersection	pending		
lem-morphism-schemes-local-on-source-target	pending		
lem-morphisms-of-sheaves-determined-by-stalks	pending		
lem-morse-functions-are-transverse-differentials	no_candidate_found	morse-topic-pilot.json	
lem-morse-smale-transversality-is-equivalent-to-surjectivity-of-the-linearized-flow-operator	U-P_candidate	root-pilot.json	U-P
lem-morse-splitting-induction-preserves-the-residual-hessian	pending		
lem-morse-trajectories-have-positive-energy-drop	pending		U-P
lem-most-strings-are-incompressible	pending		U-P
lem-multidimensional-refinement-inequalities	pending		
lem-multilinear-extension-streaming-evaluation	pending		
lem-multilinear-extension-table-evaluation	pending		
lem-multiple-choice-produces-maximal-antichains	pending		
lem-multiples-below-a-prime-power	pending		
lem-multitape-simulation-has-quadratic-time-overhead	pending		U-P
lem-multivariable-geometric-series-on-a-distinguished-boundary	pending		
lem-mutual-independence-under-subfamilies-and-complements	pending		
lem-n-plus-invariants-exist-in-every-nonzero-o-module	pending		U-P
lem-nat-add-associative	pending		
lem-nat-add-cancellative	pending		
lem-nat-add-commutative	pending		
lem-nat-add-identity	pending		
lem-nat-add-successor-left	pending		
lem-nat-discrete	pending		
lem-nat-embeds-int	pending		
lem-nat-finite-sum-laws-and-the-canonical-embedding	pending		
lem-nat-mult-associative	pending		
lem-nat-mult-cancellative	pending		
lem-nat-mult-commutative	pending		
lem-nat-mult-distributive	pending		
lem-nat-mult-identity	pending		
lem-nat-no-zero-divisors	pending		
lem-nat-nonzero-is-successor	pending		
lem-nat-order-add-compatible	pending		
lem-nat-order-is-membership	pending		
lem-nat-order-mult-compatible	pending		
lem-nat-successor-neq-self	pending		
lem-nat-transitive-irreflexive	pending		
lem-nat-trichotomy	pending		A-P
lem-near-identity-c-one-maps-sandwich-cubes	pending		U-P
lem-negative-gradient-energy-identity	pending		U-P
lem-nested-ideals-and-quotients	pending		
lem-nested-intervals-and-archimedean-imply-bw	pending		
lem-nested-normal-subgroups-and-quotients	pending		
lem-newman-damped-contour-estimates	pending		
lem-newton-contraction-near-an-invertible-derivative	pending		
lem-newton-identities-for-slice-roots	pending		
lem-no-augmenting-path-gives-tight-cut	pending		
lem-no-large-epsilon-sparse-subgraph-bounds-k-stable-sets	pending		
lem-no-new-critical-points-under-a-compact-c1-small-perturbation	pending		
lem-no-property-star-outcome-forces-a-small-structural-block-partition	pending		
lem-no-vertex-is-mixed-on-many-blocks-of-a-semisparse-blockade	pending		
lem-noether-normalisation-finite-field-exponent-substitution	pending		
lem-noether-normalisation-inductive-integrality	pending		
lem-noether-normalisation-nonzero-polynomial-made-monic	pending		
lem-noether-normalisation-one-relation-reduction	pending		
lem-noetherian-domains-are-atomic	pending		
lem-noetherian-minimal-primes-induction-split	pending		
lem-noetherian-ring-maximal-element-annihilator-exists	pending		
lem-nonabelian-supersolvable-group-has-a-noncentral-normal-abelian-subgroup	pending		
lem-nonarchimedean-absolute-value-criterion	pending		
lem-nonconstant-local-uniform-limits-of-univalent-functions-are-univalent	pending		
lem-nondegenerate-critical-points-are-isolated	pending		
lem-nondegenerate-interval-is-not-null	pending		
lem-nonempty-fixed-vertex-set-of-a-tree-automorphism-is-a-subtree	pending		
lem-nonempty-forest-has-low-degree-vertex	pending		
lem-nonprincipal-dirichlet-character-complete-sum	pending		
lem-nonprincipal-dirichlet-character-partial-sums	pending		
lem-nonreachability-has-an-inductive-counting-certificate	pending		U-P
lem-nonreal-dirichlet-l-nonzero-at-one	pending		U-P
lem-nonreal-roots-of-a-real-polynomial-occur-in-conjugate-pairs	pending		
lem-nonsingular-square-root-lift-modulo-odd-prime-powers	pending		
lem-nontrivial-normal-subgroup-of-a-n-contains-a-three-cycle	pending		
lem-nontrivial-normal-subgroup-of-a-solvable-group-has-an-abelian-normal-subgroup	pending		
lem-nonzero-derivative-gives-local-biholomorphism	pending		
lem-nonzero-echelon-rows-form-a-basis-of-the-row-space	pending		
lem-nonzero-number-field-ideal-has-finite-quotient	pending		
lem-normal-addition-is-a-local-diffeomorphism-along-the-zero-section	pending		
lem-normal-closure-of-a-radical-extension-is-radical	pending		
lem-normal-domain-implies-r-one	pending		U-P
lem-normal-domain-implies-s-two	pending		U-P
lem-normal-hall-subgroup-gives-a-coprime-extension	pending		
lem-normal-isotypical-component-is-inertia-stable	pending		U-P
lem-normal-isotypical-components-are-permuted-by-translation	pending		U-P
lem-normal-restriction-constituents-form-one-conjugacy-orbit	pending		U-P
lem-normal-sequences-of-entourages	pending		U-P
lem-normal-subgroup-containing-a-three-cycle-is-a-n	pending		
lem-normal-upper-triangular-matrix-is-diagonal	pending		
lem-normality-is-closed-hereditary	pending		
lem-normality-via-shrinking	pending		
lem-normalized-gradient-crosses-a-compact-regular-band-in-controlled-time	pending		U-P
lem-normalized-two-cocycles-and-coboundaries-form-groups	pending		
lem-normalized-two-square-count-is-multiplicative	pending		
lem-normalizing-a-locally-finite-positive-family	no_candidate_found	terra-partitions-01-receipts.json	
lem-normalizing-a-locally-finite-positive-smooth-family	pending		A-P
lem-nowhere-vanishing-algebras-approximate-the-constant-one	pending		
lem-nth-root-of-constant-tends-to-one	pending		
lem-nth-root-of-n-tends-to-one	pending		
lem-nth-term-test	pending		
lem-null-homology-gives-the-plane-or-disc-alternative	pending		
lem-null-homology-implies-connected-spherical-complement	pending		
lem-null-ideal	pending		
lem-null-is-cauchy	pending		
lem-null-maximal	pending		A-R
lem-null-sets-in-rn-closed-under-subsets-and-countable-unions	pending		
lem-null-times-bounded	pending		
lem-number-field-completions-as-local-polynomial-factors	pending		
lem-o-modules-admit-finite-highest-weight-filtrations-after-truncation	pending		U-P
lem-o-modules-split-across-separated-simple-classes	pending		U-P
lem-objectwise-comparison-of-two-projective-resolution-data-induces-an-isomorphism-on-derived-objects	pending		
lem-ode-extension-from-a-compact-interior-region	pending		
lem-of-abs-value	pending		
lem-of-add-order	pending		
lem-of-hom-fixes-q	pending		
lem-of-hom-order-preserving	pending		
lem-of-inverse-positive	pending		
lem-of-inverse-unique	pending		
lem-of-mult-cancel	pending		
lem-of-mult-neg	pending		
lem-of-naturals-positive	pending		A-P
lem-of-no-zero-divisors	pending		
lem-of-q-dense	pending		
lem-of-q-embeds	pending		
lem-of-sequence-basics	pending		
lem-of-sign-rules	pending		
lem-of-square-monotone	pending		
lem-of-square-positive	pending		
lem-of-triangle-inequality	pending		
lem-of-zero-mult	pending		
lem-omega-least-limit-ordinal	pending		U-P
lem-omega-smallest-inductive	pending		
lem-one-element-koszul-complex	pending		
lem-one-sided-maximal-inequality-for-symmetric-independent-sums	pending		
lem-one-step-extension-of-a-partial-injective-resolution	pending		
lem-one-step-extension-of-a-partial-projective-resolution	pending		
lem-one-step-root-extension-over-a-perfect-field-is-algebraically-closed	pending		
lem-one-variable-completion-of-the-square-with-a-smooth-parameter	pending		
lem-open-convex-set-recovered-from-its-gauge	pending		
lem-open-cover-loop-generation	pending		
lem-open-immersion-monomorphism	pending		
lem-open-mapping-ball-closure-step	pending		U-P
lem-open-mapping-successive-approximation	pending		U-P
lem-open-or-closed-surjection-is-quotient	pending		
lem-open-quotient-arcs-in-real-line-mod-integers	pending		
lem-open-subsets-of-r-are-countable-unions-of-rational-intervals	pending		
lem-open-subspace-complete-remetrisation	pending		A-P
lem-operator-norm-is-a-norm	pending		
lem-optimal-prover-may-be-deterministic	pending		U-P
lem-oracle-computation-has-a-finite-query-witness	pending		U-P
lem-oracle-diagonalization-finite-extension	pending		U-P
lem-orbit-maps-of-isometric-actions-are-coarse-lipschitz	pending		
lem-orbit-polynomial-has-invariant-coefficients	pending		
lem-order-characterisation	pending		
lem-order-ideals-form-a-distributive-lattice	pending		
lem-order-of-a-power-in-a-finite-cyclic-group	pending		
lem-order-of-element-exists	pending		
lem-order-of-five-modulo-two-powers	pending		
lem-order-of-one-plus-pu-modulo-prime-powers	pending		
lem-order-of-the-relative-frobenius	pending		
lem-order-p-actions-on-a-cyclic-q-group	pending		
lem-ordered-field-is-an-ordered-ring	pending		
lem-ordered-pairs-lie-in-the-double-power-set	pending		
lem-ordered-ring-cone-and-order-agree	pending		
lem-ordinal-basics	pending		
lem-ordinal-order-topology-is-t3	pending		
lem-ordinal-product-as-an-order-type	pending		
lem-ordinal-sum-as-an-order-type	pending		
lem-ordinal-trichotomy	pending		
lem-oriented-area-vector-under-surface-reparametrization	pending		
lem-oriented-similarities-are-nonzero-complex-multiplications	pending		
lem-oriented-simplex-comparison-for-an-ordinary-homology-theory	pending		U-P
lem-orthogonal-complement-counting-for-the-commutator-pairing	pending		
lem-oscillation-characterisation-in-rn	pending		
lem-oscillation-superlevel-sets-are-closed	pending		U-P
lem-overlapping-plaques-through-a-point-have-compatible-germs	pending		
lem-overlapping-proper-modules-of-a-connected-anticonnected-graph	pending		
lem-p-adic-balls-are-clopen	pending		A-R
lem-p-adic-valuation-additive	pending		
lem-p-adic-valuation-basic	pending		
lem-p-adic-valuation-on-q	pending		
lem-p-elementary-characters-are-induced-from-linear-characters	pending		U-P
lem-p-elementary-groups-are-supersolvable	pending		
lem-p-four-free-pattern-graphs-have-square-root-homogeneous-sets	pending		
lem-p-norms-are-norms-and-induce-the-published-metrics	pending		
lem-p-power-polynomial-is-irreducible-when-its-constant-is-not-a-pth-power	pending		
lem-p-power-torsion-dimensions-recover-elementary-divisors	pending		
lem-p-primary-character-value-congruence	pending		U-P
lem-p-regular-elements-are-preserved-by-conjugacy-and-coprime-powers	pending		
lem-padding-transfers-time-bounds	pending		U-P
lem-pairing-preserves-convergence-in-probability	pending		
lem-pairwise-coprime-divisibility	pending		
lem-paracompact-hausdorff-cover-shrinking	no_candidate_found	terra-partitions-01-receipts.json	
lem-paracompact-hausdorff-is-regular	no_candidate_found	terra-partitions-01-receipts.json	
lem-paradoxical-groups-admit-no-invariant-mean	pending		
lem-parameter-boundary-exceptions-do-not-affect-surface-integrals	pending		
lem-parameter-dimension-drop-is-exact	pending		
lem-parameter-ideal-equivalent-m-primary	pending		
lem-parameter-power-series-map-injective-by-dimension	pending		U-P
lem-parameter-power-series-subring-makes-ring-finite	pending		U-P
lem-parameter-selection-avoids-minimal-components	pending		
lem-partial-fractions-for-a-split-recurrence-denominator	pending		
lem-partition-conjugation-is-an-involution	pending		
lem-partition-localization-of-stokes	pending		
lem-path-class-projection-is-a-covering-map	pending		
lem-path-metric-on-a-tree-is-geodesic-and-integer-valued	pending		
lem-peak-monotone-subsequence	pending		
lem-pell-norm-multiplication	pending		
lem-perfect-subfield-of-a-one-step-root-extension-in-positive-characteristic	pending		
lem-periodic-continued-fraction-is-quadratic	pending		
lem-permutations-with-a-given-cycle-type-count	pending		
lem-perron-family-is-nonempty-and-bounded	pending		
lem-perron-kernel	pending		
lem-ph-adaptive-oracle-transcript-normal-form	pending		U-P
lem-ph-circuit-matrix-final-block-encoding	pending		U-P
lem-ph-quantifier-block-closure	pending		U-P
lem-picard-operator-is-a-short-time-contraction	pending		
lem-picard-operator-preserves-a-closed-curve-ball	pending		
lem-pigeonhole	pending		
lem-plane-edge-face-incidence	pending		U-P
lem-plane-exterior-of-a-closed-disc-is-path-connected	pending		
lem-plane-face-handshake-by-girth	pending		U-P
lem-plane-gaussian-integral-in-polar-coordinates	pending		
lem-plane-graph-faces-are-finite-with-one-unbounded-face	pending		U-P
lem-plane-triangulation-is-connected	pending		U-P
lem-plucker-map-well-defined-injective	pending		
lem-point-filters-are-dense-in-the-minimal-cauchy-filter-space	pending		
lem-points-of-fibre-primes-over-point	pending		
lem-points-of-scheme-fibre-product-residue-tensors	pending		
lem-pointwise-closure-preserves-equicontinuity	pending		
lem-pointwise-lipschitz-sets-in-c01-are-closed	pending		
lem-poisson-integrals-are-harmonic	pending		
lem-poisson-kernel-is-a-boundary-approximate-identity	pending		
lem-poisson-kernel-on-the-circle-is-a-positive-approximate-identity	pending		
lem-poisson-kernel-properties-on-the-disc	pending		
lem-polygonal-arc-does-not-separate-the-plane	pending		
lem-polygonal-crossing-parity-is-locally-constant	pending		
lem-polygonal-length-is-monotone-under-refinement	pending		
lem-polygonal-ray-general-position	pending		
lem-polygonally-reachable-set-is-clopen	pending		
lem-polynomial-extension-depth-increases-by-one	pending		U-P
lem-polynomial-factorisation-into-irreducibles	pending		
lem-polynomial-gcd-is-stable-under-field-extension	pending		
lem-polynomial-ideal-finite-generation	pending		
lem-polynomial-kernels-and-images-are-invariant	pending		
lem-polynomial-local-regularity-fibre-step	pending		U-P
lem-polynomial-operations-preserve-finite-support	pending		
lem-polynomial-prime-contraction-height-jump-at-most-one	pending		
lem-polynomial-reductions-compose	pending		U-P
lem-polynomial-ring-dimension-lower-chain	pending		
lem-polynomial-ring-dimension-upper-bound	pending		
lem-polynomial-space-oracle-absorption	pending		A-P
lem-polynomial-time-computations-have-logspace-uniform-circuits	pending		U-P
lem-polynomials-and-roots-transport-along-field-isomorphisms	pending		
lem-poset-mobius-recurrence	pending		
lem-positive-and-negative-parts	pending		
lem-positive-c-zero-functionals-have-finite-regular-representing-measures	pending		A-P
lem-positive-degree-integral-homology-of-a-finite-group-is-order-torsion	pending		U-P
lem-positive-depth-ring-has-regular-minimal-generator	pending		U-P
lem-positive-finite-signed-measure-set-contains-a-positive-subset-of-at-least-the-same-mass	pending		A-R
lem-positive-group-cohomology-of-the-trivial-group-vanishes	pending		
lem-positive-linear-combinations-and-finite-maxima-preserve-subharmonicity	pending		
lem-positive-linear-functionals-on-c-c-are-monotone	pending		
lem-positive-log-dirichlet-series-nonvanishing	pending		
lem-positive-powers-of-a-regular-sequence-remain-regular	pending		
lem-potentials-glue-over-a-path-connected-overlap	pending		
lem-power-congruence-root-bound-modulo-a-prime	pending		
lem-power-difference-factorisation	pending		
lem-power-laws	pending		
lem-power-monotone	pending		
lem-power-of-a-product-in-a-group-of-class-two	pending		
lem-power-over-geometric-null	pending		
lem-power-series-reexpansion-double-series	pending		
lem-powerset-fibres-force-well-orderability	pending		
lem-precompact-trajectory-tail-limit-sets-are-nonempty-compact-connected-and-flow-invariant	pending		U-P
lem-prenex-normalization-preserves-level	pending		U-P
lem-prepared-factorizations-and-irreducibility	pending		
lem-primary-decomposition-combine-equal-radicals	pending		
lem-primary-decomposition-delete-redundant-components	pending		
lem-primary-submodule-zero-divisor-characterisation	pending		
lem-prime-chains-in-a-domain-start-at-zero	pending		
lem-prime-containing-a-multiplicative-set-disjoint-ideal	pending		
lem-prime-counting-chebyshev-partial-summation	pending		
lem-prime-divides-intermediate-binomial-coefficients	pending		
lem-prime-implies-irreducible-in-a-domain	pending		
lem-prime-not-dividing-is-coprime	pending		
lem-prime-one-mod-four-powers-have-primitive-two-square-representations	pending		
lem-prime-power-binomial-congruence	pending		
lem-primes-of-a-localisation-avoid-the-multiplicative-set	pending		
lem-primes-of-a-quotient-are-primes-over-the-kernel	pending		
lem-primitive-gauss-sum-twist	pending		
lem-primitive-root-lift-to-prime-square	pending		
lem-primitive-roots-pass-between-odd-n-and-twice-n	pending		
lem-principal-crossed-homomorphisms-form-a-subgroup	pending		
lem-principal-ideal-theorem-associated-prime-step	pending		
lem-principal-ideal-theorem-reduction-to-local-domain	pending		
lem-principal-symbol-under-a-c-one-coordinate-change	pending		
lem-probability-measure-basic-identities	pending		U-P
lem-product-action-wreath-products-are-primitive-under-the-standard-hypotheses	pending		
lem-product-basis-for-a-tower-of-finite-extensions	pending		
lem-product-grid-bounds-for-section-integrals	pending		
lem-product-lower-bound-for-jordan-content	pending		
lem-product-of-content-zero-set-and-interval-has-content-zero	pending		
lem-product-of-one-plus-deltas-gives-theta-n	pending		
lem-product-topology-on-rn	pending		
lem-product-with-normal-subgroup	pending		
lem-products-of-normal-p-subgroups	pending		
lem-products-preserve-complete-regularity	pending		
lem-products-preserve-regularity	pending		
lem-products-preserve-t0-t1-and-hausdorff	pending		
lem-projection-onto-a-closed-convex-set-has-the-variational-inequality	pending		
lem-projective-closure-dense-affine-chart	pending		U-P
lem-projective-coordinate-morphisms-well-defined	pending		U-P
lem-projective-dimension-from-last-nonzero-betti-number	pending		A-P
lem-projective-dimension-linear-avoidance	pending		U-P
lem-projective-hypersurface-affine-pieces	pending		U-P
lem-projective-hypersurface-dimension-drop	pending		U-P
lem-projective-irreducibility-homogeneous-prime	pending		A-R
lem-projective-modules-are-flat-over-an-arbitrary-ring	pending		A-R
lem-projective-regular-function-chart-compatibility	pending		U-P
lem-projective-variety-cone-irreducible	pending		A-R
lem-propagation-and-gluing-of-hartogs-extensions	pending		
lem-properness-survives-a-controlled-locally-finite-perturbation	pending		
lem-property-star-and-leaf-reducibility-yield-a-long-x-sparse-or-complete-blockade-or-a-better-outcome	pending		
lem-property-star-and-leaf-reducibility-yield-five-comb-outcomes	pending		
lem-protocol-value-is-computable-in-polynomial-space	pending		A-R
lem-prufer-decoding-produces-a-tree	pending		
lem-pseudocompact-euclidean-subset-is-bounded	pending		
lem-pseudocompact-euclidean-subset-is-closed	pending		
lem-pseudometric-from-a-normal-entourage-sequence	pending		
lem-pullback-and-pushout-descend-to-extension-classes	pending		
lem-pullback-direct-image-inverse-image-beck-chevalley-for-sets	pending		
lem-pullback-modules-right-exact	pending		
lem-pullback-of-a-target-germ-by-a-smooth-map-is-a-well-defined-source-germ	pending		
lem-pullbacks-of-monomorphisms-are-monomorphisms-and-pushouts-of-epimorphisms-are-epimorphisms	pending		
lem-punctured-rn-is-polygonally-connected	pending		
lem-pure-blockades-with-p-four-free-patterns-contain-large-homogeneous-subblockades	pending		
lem-purity-on-every-e-propagates-along-an-overlap-class	pending		
lem-purity-on-every-h-five-propagates-along-an-overlap-class	pending		
lem-purity-symmetry-and-complementation	pending		
lem-q-and-irrationals-dense-r	pending		
lem-quadratic-extension-in-characteristic-not-two-is-generated-by-a-square-root	pending		
lem-quadratic-irrational-complete-quotients-are-finite-state	pending		
lem-quantitative-univalence-from-controlled-derivative	pending		
lem-quasi-isomorphisms-admit-the-roof-calculus-in-the-homotopy-category	pending		
lem-quasilinear-solution-lifts-to-characteristics	pending		
lem-quotient-basis-lifts-to-an-adapted-basis	pending		
lem-quotient-blocks-preserve-connectedness-and-anticonnectedness	pending		
lem-quotient-by-c-zero-has-no-countable-separating-family	pending		
lem-quotient-seminorm-is-representative-independent	pending		
lem-quotient-seminorm-triangle-inequality	pending		
lem-quotient-spectrum-map-is-closed	pending		
lem-r-one-s-two-integral-element-membership	pending		U-P
lem-r-one-s-two-intersection-of-height-one-localisations	pending		U-P
lem-rabinowitsch-auxiliary-ideal-has-empty-zero-locus	pending		
lem-rabinowitsch-substitution-clears-denominators	pending		
lem-rabinowitsch-unit-ideal-consequence	pending		
lem-radial-derivative-of-a-spherical-average	pending		U-P
lem-radial-mollification-fixes-local-mean-value-functions	pending		U-P
lem-radial-normalisation-is-continuous	pending		
lem-radical-commutes-with-localisation	pending		
lem-radical-commutes-with-quotient-correspondence	pending		
lem-radical-intersection-proof-forward-inclusion	pending		
lem-radical-intersection-proof-separating-prime	pending		
lem-radical-is-an-ideal	pending		
lem-radical-membership-by-a-power	pending		
lem-radical-of-a-finite-length-module-is-superfluous	pending		
lem-radical-of-a-product	pending		
lem-radical-of-an-intersection	pending		
lem-random-graph-fixed-pattern-probability	pending		
lem-random-graph-independence-number-bound	pending		
lem-random-graph-short-cycle-expectation	pending		
lem-rank-one-projective-embedded-as-a-fractional-ideal	pending		
lem-rank-one-summand-of-a-finite-projective-dedekind-module	pending		
lem-rat-archimedean	pending		
lem-rat-cut-embeds	pending		
lem-rat-embeds-dense	pending		
lem-rat-equivalence	pending		
lem-rat-inverse-well-defined	pending		
lem-rat-ops-well-defined	pending		
lem-rat-positive-denominator	pending		
lem-rat-triangle	pending		
lem-rational-cut-is-cut	pending		
lem-rational-power-laws	pending		
lem-rational-power-monotone	pending		
lem-rational-power-well-defined	pending		
lem-reachability-count-is-verifiable-in-nl	pending		U-P
lem-read-only-workspace-diagonal-machine-halts	pending		U-P
lem-read-only-workspace-simulates-in-all-tapes-space	pending		U-P
lem-read-only-workspace-universal-simulation	pending		U-P
lem-real-and-metric-notions-agree	pending		
lem-real-dirichlet-l-nonzero-at-one	pending		
lem-real-jacobian-determinant-of-a-complex-linear-map	pending		
lem-real-line-is-a-metric-space	pending		
lem-real-part-determines-a-complex-linear-functional	pending		
lem-real-part-of-a-self-adjoint-complex-function-algebra	pending		
lem-real-polynomial-factor-at-a-root	pending		
lem-real-polynomial-splitting-suffices-for-the-fundamental-theorem-of-algebra	pending		
lem-real-vectors-with-equal-pairwise-products-and-larger-norms-are-independent	pending		
lem-reciprocal-of-null-diverges	pending		
lem-reciprocity-rectangle-lattice-count	pending		
lem-rectangle-second-difference-mean-value-formula	pending		
lem-recursion-on-the-ordinals	pending		
lem-reduced-forms-with-the-same-leading-coefficient-are-equal	pending		
lem-reduced-noetherian-total-fractions-and-normal-components	pending		U-P
lem-reduction-of-an-og-lattice-is-a-finite-dimensional-kg-module	pending		
lem-rees-module-finiteness-and-stable-filtrations	pending		
lem-refinement-inequalities	pending		
lem-refinement-of-analytic-continuation-chains	pending		
lem-refining-the-largest-layout-block-forces-local-blockade-length-at-least-epsilon-inverse	pending		
lem-reflection	pending		
lem-reflection-at-the-first-visit-to-a-level-is-a-bijection	pending		
lem-regular-element-exists-by-prime-avoidance	pending		U-P
lem-regular-element-reduction-preserves-minimal-resolution	pending		U-P
lem-regular-elements-form-a-connected-dense-open-subset	existing_finding	terra-lie-01-receipts.json	U-P
lem-regular-lindelof-spaces-are-normal	pending		A-R
lem-regular-lindelof-spaces-are-paracompact	no_candidate_found	terra-partitions-01-receipts.json	
lem-regular-local-domain-induction	pending		U-P
lem-regular-local-graded-surjection-has-zero-kernel	pending		U-P
lem-regular-local-parameter-is-nonzerodivisor	pending		U-P
lem-regular-local-quotient-by-parameter-is-regular	pending		U-P
lem-regular-local-regular-quotient-ideal-is-parameter-generated	pending		U-P
lem-regular-local-residue-field-koszul-resolution	pending		U-P
lem-regular-one-element-koszul-acyclicity	pending		
lem-regular-quotient-preserves-depth-dimension-gap	pending		U-P
lem-regular-semisimple-elements-form-a-dense-open-subset	existing_finding	terra-lie-01-receipts.json	U-P
lem-regular-sequence-first-element-boundary	pending		
lem-regular-sequence-koszul-acyclicity-induction	pending		
lem-regular-sequence-permutation-adjacent-swap	pending		
lem-regular-sequence-tail-on-quotient	pending		
lem-regular-system-of-parameters-equivalent-basis	pending		
lem-regularity-is-hereditary	pending		
lem-regularity-is-monotone-in-the-parameter	pending		
lem-regularity-is-robust-under-small-edits	pending		
lem-regularity-via-closed-neighbourhoods	pending		
lem-regularization-preserves-value-quantitatively	pending		U-P
lem-reidemeister-schreier-relators-are-independent-of-word-representatives	pending		
lem-relative-homology-of-the-standard-handle-pair	pending		U-P
lem-relative-projective-homogeneous-equations	pending		A-P
lem-removing-unreachable-states-preserves-language	pending		
lem-replication-number-is-constant-in-a-two-design	pending		
lem-residual-augmentation	pending		
lem-residue-field-splits-off-reduced-maximal-ideal	pending		
lem-residue-simple-pole	pending		
lem-restrictedness-is-complement-invariant	pending		
lem-restriction-fibres-for-embeddings-in-a-finite-tower	pending		
lem-restriction-of-scalars	pending		
lem-retract-of-a-noetherian-ring-is-noetherian	pending		
lem-reverse-triangle-inequality-in-a-normed-space	pending		
lem-rho-shift-intertwines-the-dot-and-ordinary-weyl-actions	existing_finding	terra-lie-01-receipts.json	U-P
lem-riemann-integrable-function-has-borel-darboux-envelopes	pending		U-P
lem-riemann-integral-unchanged-by-content-zero-modification	pending		
lem-riemann-map-extremal-derivative-is-attained	pending		
lem-riemann-map-extremal-derivatives-are-positive-and-bounded	pending		
lem-riemann-map-extremal-family-is-nonempty	pending		
lem-riemann-map-extremizer-is-surjective	pending		
lem-riemann-map-extremizer-is-univalent	pending		
lem-riemann-stieltjes-integral-unique	pending		
lem-riemann-stieltjes-refinement-estimate	pending		
lem-riemann-zeta-dirichlet-series-converges-locally-uniformly	pending		
lem-riemannian-gradient-vanishes-exactly-at-critical-points	pending		U-P
lem-riesz-lemma	pending		
lem-riesz-product-for-a-hadamard-lacunary-set	pending		
lem-rigidity-of-alternating-multilinear-matrix-functions	no_candidate_found	root-determinants-01-receipts.json	
lem-ring-elementary-consequences	pending		
lem-ring-homomorphism-basic-properties	pending		
lem-ring-homomorphism-of-fields-is-a-field-homomorphism	no_candidate_found	root-algebra-signals-01-receipts.json	
lem-ring-units-form-a-group	pending		
lem-rmk-compact-set-formula-and-local-finiteness	pending		
lem-rmk-functional-outer-content-is-well-defined	pending		
lem-rn-densities-of-bounded-l-p-functionals-belong-to-l-q	pending		
lem-rodl-initialization-removes-the-constant-scale-restriction-in-the-property-star-four-outcome-theorem	pending		
lem-rodl-initialization-upgrades-generalized-niceness-to-a-restricted-set-blockade-or-polynomial-clique-or-stable-set	pending		
lem-roof-equivalence-is-an-equivalence-relation	pending		
lem-root-free-polynomial-circle-loops-are-nullhomotopic	pending		
lem-rooted-tree-parent-and-levels	pending		
lem-roots-of-x-q-minus-x-form-a-field	pending		
lem-row-operations-preserve-column-relations	pending		
lem-row-operations-preserve-row-space	pending		
lem-runge-pole-pushing-lemma	pending		
lem-samuel-function-pseudometrics-and-coarsening	pending		
lem-samuel-uniformity-is-totally-bounded	pending		
lem-samuel-uniformity-preserves-the-induced-topology-under-dependent-choice	pending		U-P
lem-sard-on-the-infinitely-flat-critical-stratum	pending		
lem-sard-on-the-nonflat-critical-strata	pending		
lem-sard-slicing-for-compact-null-sections	pending		
lem-satisfaction-coincidence	pending		
lem-scaled-binomial-coefficients-converge	pending		
lem-scheme-fibre-stalk-quotient	pending		
lem-schreier-coset-graph-is-connected-and-deterministic	pending		
lem-schreier-generators-lie-in-the-subgroup	pending		
lem-schreier-rewriting-is-invariant-under-free-reduction	pending		
lem-schur-complement-congruence-and-determinant	pending		
lem-schur-index-is-independent-of-the-chosen-splitting-field	pending		U-P
lem-schur-multiplier-of-a-finite-group-is-finite	pending		U-P
lem-second-plus-construction-is-sheaf	pending		
lem-section-zero-if-all-germs-zero	pending		
lem-segre-map-well-defined-injective	pending		U-P
lem-semifinite-measures-have-arbitrarily-large-finite-subsets	pending		
lem-separation-augmentation-for-kuratowski-free-graphs	pending		
lem-sequential-characterisation-of-closure-r	pending		
lem-sequential-closure-inside-closure	pending		
lem-sequential-repetition-amplifies-error	pending		A-R
lem-sequentially-compact-implies-complete	pending		
lem-series-linearity	pending		
lem-series-tail-invariance	pending		
lem-serre-r-zero-s-one-characterises-reducedness	pending		U-P
lem-set-partitions-of-a-finite-set-are-finite	pending		
lem-sharp-cantor-interval-mass-bound	pending		
lem-sheaf-condition-check-on-basis	pending		
lem-sheaf-section-over-empty-set-terminal	pending		
lem-shear-images-of-the-unit-cube-have-lebesgue-measure-one	pending		
lem-shifts-of-a-weight-one-word-realise-each-count-of-nonpositive-partial-sums-once	pending		
lem-sigma-finite-caratheodory-sets-have-generated-measurable-hulls	pending		
lem-sign-preservation-near-a-limit	pending		
lem-sign-reversing-involution-on-intersecting-path-systems	pending		
lem-simple-approximants-converge-uniformly-on-a-large-closed-set	pending		
lem-simple-continued-fraction-convergents-and-cylinders	pending		
lem-simple-finite-extension-has-finitely-many-intermediate-fields	pending		
lem-simple-functions-satisfy-lusins-theorem-on-a-finite-measure-set	pending		
lem-simple-highest-weight-modules-are-restricted-self-dual	pending		
lem-simple-root-form-recovers-factor-lifting	pending		
lem-simple-root-hensel-lifts-idempotents	pending		
lem-simple-root-singular-vector-in-a-verma-module	pending		U-P
lem-simple-root-to-coprime-factorisation	pending		
lem-simplicial-boundary-is-independent-of-oriented-representative	pending		
lem-simplicial-to-singular-chains-commute-with-boundaries	pending		
lem-sine-and-cosine-series-converge-everywhere	pending		U-P
lem-sine-positive-and-cosine-decreasing-on-zero-two	pending		
lem-singular-augmentation-commutes-with-boundary	pending		
lem-singular-boundary-descends-to-relative-chains	pending		
lem-singular-chain-cross-product-boundary-formula	pending		
lem-skeletal-homology-stabilizes-away-from-the-cell-dimension	pending		U-P
lem-skolem-witness-closure-on-a-cardinal	pending		
lem-slice-chart-restrictions-form-a-smooth-atlas	pending		
lem-slicing-lemma-for-regular-pairs	pending		
lem-small-anticonnected-components-yield-a-complete-blockade	pending		
lem-small-four-square-multiple-of-a-prime	pending		
lem-small-open-excess-implies-lebesgue-measurable	pending		
lem-small-total-copy-expectation-forces-many-homogeneous-k-sets	pending		
lem-small-transitive-sets-have-small-ranks	pending		
lem-smooth-bump-between-concentric-euclidean-balls	pending		A-R
lem-smooth-chart-compatibility-is-symmetric-and-reflexive	pending		
lem-smooth-extension-from-a-closed-neighbourhood	pending		A-R
lem-smooth-half-space-extensions-have-the-same-derivatives-on-the-half-space	pending		
lem-smooth-handle-attachment-is-independent-of-corner-rounding-up-to-diffeomorphism	pending		U-P
lem-smooth-maps-paste-over-an-open-cover	pending		
lem-smooth-sphere-data-have-a-harmonic-replacement	pending		U-P
lem-smoothness-at-the-boundary-is-independent-of-charts-and-extensions	pending		
lem-sokal-local-operator-norm-lower-bound	pending		
lem-source-algebra-is-caratheodory-measurable	pending		
lem-space-bounded-universal-simulation	pending		A-R
lem-space-diagonal-machine-halts	pending		A-R
lem-span-is-the-set-of-linear-combinations	pending		
lem-span-monotone-and-idempotent	pending		
lem-span-of-a-single-vector	pending		
lem-spanning-tree-exchange	pending		
lem-spanning-tree-set-is-finite	pending		
lem-spanning-trees-and-schreier-systems-correspond	pending		
lem-sparsity-depends-only-on-the-induced-subgraph	pending		
lem-sparsity-is-monotone-in-the-parameter	pending		
lem-sparsity-transfers-to-a-large-subset	pending		
lem-spectrum-compactness-open-cover-to-unit-ideal	pending		
lem-spectrum-compactness-unit-expression-finite-subcover	pending		
lem-spectrum-localization-open-immersion	pending		
lem-spectrum-map-preimage-of-vanishing-set	pending		
lem-spectrum-map-respects-composition-and-identities	pending		
lem-spectrum-map-stalk-homomorphisms-local	pending		
lem-sphere-and-ball-measures-scale	pending		U-P
lem-sphere-endomorphisms-act-by-the-same-integer-in-every-ordinary-theory	pending		U-P
lem-splicing-edge-disjoint-closed-trails	pending		
lem-splitting-stationary-regular-cardinals	pending		
lem-splitting-stationary-sets-of-fixed-cofinality	pending		
lem-square-root-continued-fraction-state-recurrence	pending		
lem-square-root-convergent-norm-identity	pending		
lem-squares-modulo-eight	pending		
lem-stability-of-slice-zero-count-under-holomorphic-parameters	pending		
lem-stabilizer-is-a-subgroup	pending		
lem-stabilizers-in-one-orbit-are-conjugate	pending		
lem-stable-and-unstable-manifolds-are-flow-invariant	pending		
lem-stalk-inverse-image-sheaf	pending		
lem-stalk-tensor-product	pending		
lem-standard-basis-of-f-n	pending		
lem-standard-complete-metric-on-a-countable-product	pending		A-P
lem-standard-containments-relativize	pending		U-P
lem-standard-projective-opens-are-affine-spaces	pending		A-R
lem-star-or-special-vertex-obstructions-force-wonderfulness	pending		
lem-starting-point-free-dependent-choice	pending		U-P
lem-stationary-set-minus-its-trace	pending		
lem-steep-polygonal-functions-are-dense-in-c01	pending		
lem-step-by-step-interpreter-for-machine-codes	pending		
lem-step-functions-have-vanishing-torus-fourier-coefficients	pending		
lem-step-functions-on-one-period-are-dense-in-l-one-on-the-torus	pending		
lem-stirling-constant-from-wallis	pending		
lem-stirling-formula-up-to-a-positive-constant	pending		
lem-straight-line-homotopies-are-continuous	pending		
lem-strict-right-minima-of-a-quasiperiodic-partial-sum-function	pending		
lem-strict-subharmonic-perturbation	pending		
lem-structure-presheaf-basic-open-well-defined	pending		
lem-subdivision-compatible-continuous-polyhedral-homology-comparison	pending		U-P
lem-subgroup-criterion	pending		
lem-subgroup-lattice-of-a-finite-cyclic-group	pending		
lem-subgroup-quotient-of-universal-cover	pending		
lem-subgroups-of-finite-p-groups-are-p-groups	pending		
lem-subgroups-of-free-abelian-groups-are-free	pending		A-R
lem-subgroups-of-z-are-cyclic	pending		
lem-submodule-criterion-sums-and-intersections	pending		
lem-subnets-preserve-eventual-properties-and-limits	pending		
lem-subring-criterion	pending		
lem-subring-plus-ideal-and-intersection	pending		
lem-subscheme-intersection-fibre-product	pending		U-P
lem-subsequence-inherits-limit	pending		
lem-subset-of-countable	pending		
lem-substitution-commutes-with-complementation	pending		
lem-successive-p-multiple-quotients-recover-elementary-divisors	pending		
lem-successive-small-integral-geometric-layers-contradict-a-large-x-part	pending		
lem-successor-cardinal-exists	pending		U-P
lem-successor-of-extremal	pending		
lem-sum-check-perfect-completeness	pending		U-P
lem-sum-check-verifier-is-polynomial-time-given-point-evaluation	pending		U-P
lem-sum-is-span-of-union	pending		
lem-sum-of-all-proper-submodules-of-a-verma-module-is-proper	pending		
lem-sum-of-three-squares-is-never-seven-modulo-eight	pending		
lem-summatory-logarithm-asymptotic	pending		
lem-sunflower-maximal-disjoint-subfamily	pending		
lem-sup-epsilon	pending		
lem-sup-metric-is-a-metric	pending		
lem-sup-monotone	pending		
lem-sup-of-extremals	pending		
lem-sup-scale	pending		
lem-sup-sum	pending		
lem-sup-translate	pending		
lem-sup-unique	pending		
lem-supersaturation-for-induced-copies	pending		
lem-support-is-specialisation-closed	pending		
lem-support-membership-by-annihilator	pending		
lem-support-of-a-cyclic-module-is-its-vanishing-set	pending		
lem-support-of-a-finite-module-is-union-of-generator-cyclic-supports	pending		
lem-sylvester-inertia-makes-morse-index-intrinsic	pending		
lem-symmetric-chain-decomposition-induction-step	pending		
lem-symmetric-difference-formula-for-fourier-partial-sums	pending		
lem-symmetric-difference-of-two-matchings	pending		
lem-symmetric-entourages-form-a-base	pending		
lem-symmetric-group-is-a-group	pending		
lem-symmetric-groups-up-to-four-are-solvable	pending		
lem-symmetrisation-has-the-same-normal-closure	pending		
lem-symmetrization-for-independent-random-series	pending		U-P
lem-t0-t1-and-hausdorff-are-hereditary	pending		
lem-tagged-sums-approximate-a-contour-integral	pending		
lem-tail-events-are-independent-of-every-finite-initial-sigma-algebra	pending		
lem-tail-filter-preserves-net-convergence-and-cluster-points	pending		
lem-tangent-bundle-chart-transitions-are-smooth-with-smooth-inverses	pending		
lem-tangent-curve-reachability-is-an-equivalence-relation	pending		
lem-tangent-principal-branch-is-bijective	pending		
lem-tauber-block-estimate	pending		
lem-taylor-polynomial-derivatives	pending		
lem-teichmuller-lift-is-multiplicative-and-unique	pending		
lem-telescoping-series	pending		
lem-tensor-ring-presentations-for-base-change	pending		
lem-term-substitution-denotation	pending		
lem-terminal-e-overlap-quotient-pattern-is-e-free	pending		
lem-terminal-h-five-overlap-quotient-pattern-is-h-five-and-co-e-free	pending		
lem-the-antidiagonal-subgroup-of-a-central-product-is-a-central-normal-subgroup	pending		
lem-the-augmented-bar-complex-is-exact	pending		
lem-the-augmented-simplicial-chain-complex-of-a-simplex-is-contractible	pending		
lem-the-auxiliary-pattern-has-a-polynomial-homogeneous-set-under-the-source-hypotheses	pending		
lem-the-bar-differential-is-group-equivariant-and-squares-to-zero	pending		
lem-the-bass-serre-coset-graph-is-a-tree	pending		
lem-the-boundary-subobject-factors-through-the-cycle-subobject	pending		
lem-the-casimir-element-is-independent-of-dual-bases	existing_finding	terra-lie-01-receipts.json	A-P
lem-the-cayley-graph-of-a-finite-group-with-a-finite-generating-set-is-a-finite-simple-graph	pending		
lem-the-cellular-boundary-squares-to-zero	pending		U-P
lem-the-center-has-finite-dimensional-image-on-an-o-object	pending		U-P
lem-the-center-of-a-full-matrix-algebra-over-a-field-consists-of-the-scalar-matrices	pending		
lem-the-change-of-projective-resolution-isomorphisms-are-natural	pending		
lem-the-coefficients-of-the-formal-square-root-of-one-minus-four-x	pending		
lem-the-cohomology-universal-coefficient-extension-map	pending		A-P
lem-the-cokernel-of-a-chain-map-is-computed-degreewise	pending		
lem-the-columns-of-the-augmented-tensor-double-complex-are-exact	no_candidate_found	tor-pilot.json	
lem-the-comma-category-projection-strictly-creates-limits-preserved-by-the-functor	pending		
lem-the-commutator-of-vector-field-derivations-is-a-derivation	pending		
lem-the-commutator-pairing-is-nondegenerate	pending		
lem-the-commutator-pairing-is-well-defined-biadditive-and-alternating	pending		
lem-the-composite-of-two-functions-is-a-function	pending		
lem-the-constant-term-of-a-cyclotomic-polynomial	pending		
lem-the-coordinate-components-of-the-oriented-area-vector-are-projected-jacobians	pending		
lem-the-coordinate-flux-identity-for-a-simple-solid-region	pending		
lem-the-cycle-boundary-diagram-associated-to-a-short-exact-sequence-of-complexes	pending		
lem-the-diagonal-map-is-an-embedding	pending		
lem-the-differential-descends-to-a-quotient-complex	pending		
lem-the-differential-sends-derivations-to-derivations-and-is-linear	pending		
lem-the-divergence-and-curl-of-a-cross-product	pending		
lem-the-domain-and-range-of-a-relation-are-sets	pending		
lem-the-down-shift-creates-no-new-shattered-set	pending		
lem-the-down-shift-preserves-the-number-of-sets	pending		
lem-the-e-graph-and-the-bird-graph-are-wonderful	pending		U-P
lem-the-effacement-extension-commutes-with-connecting-morphisms	pending		
lem-the-effacement-extension-is-independent-of-the-effacing-morphism	pending		
lem-the-ext-balance-isomorphism-is-independent-of-resolution-comparison-data	pending		
lem-the-flow-definition-of-tensor-lie-derivative-is-local-and-well-defined	pending		
lem-the-galois-automorphisms-are-algebraically-independent-over-an-infinite-base-field	pending		
lem-the-graph-notions-agree-with-the-published-finite-graph-theory	pending		
lem-the-graph-of-a-continuous-map-into-a-hausdorff-space-is-closed	pending		
lem-the-group-ring-is-free-over-a-subgroup-ring	pending		
lem-the-hom-cochain-differential-squares-to-zero	pending		
lem-the-hom-complex-differential-squares-to-zero	pending		
lem-the-horseshoe-kernel-fits-a-short-exact-sequence	pending		
lem-the-induced-cohomology-map-is-independent-of-the-injective-comparison-extension	pending		
lem-the-induced-homology-map-is-independent-of-the-comparison-lift	pending		
lem-the-inhomogeneous-group-cochain-differential-squares-to-zero	pending		
lem-the-interior-of-an-attached-cell-embeds-openly-in-its-closure	pending		
lem-the-intersection-of-a-nonempty-set-is-a-set	pending		
lem-the-invariant-exterior-derivative-formula-is-c-infinity-multilinear	pending		
lem-the-k-topology-is-hausdorff-and-not-regular	pending		
lem-the-kernel-of-a-chain-map-is-computed-degreewise	pending		
lem-the-kernel-of-a-function-is-an-equivalence-relation	pending		
lem-the-kunneth-cross-product-map-is-well-defined-and-natural	pending		
lem-the-kunneth-tor-map	pending		U-P
lem-the-left-derived-connecting-map-is-independent-of-the-horseshoe-resolution-and-lifts	pending		
lem-the-limit-map-of-a-compact-hausdorff-space-is-an-ultrafilter-algebra	pending		
lem-the-mapping-cone-differential-squares-to-zero	pending		
lem-the-mapping-cylinder-differential-squares-to-zero	pending		
lem-the-mayer-vietoris-connector-is-independent-of-small-chain-decomposition	pending		
lem-the-minimal-sparsity-parameter-drops-below-the-target	pending		
lem-the-multilinear-monomials-of-bounded-degree-are-independent-on-the-cube	pending		
lem-the-one-step-generator-map-is-a-functorial-monomorphism	pending		
lem-the-open-sets-induced-by-an-ultrafilter-algebra-form-a-topology	pending		
lem-the-order-p-automorphism-of-a-cyclic-group-of-order-p-squared	pending		
lem-the-order-topology-on-an-ordinal	pending		
lem-the-orthogonal-complement-of-a-subspace-under-the-standard-form	pending		
lem-the-oscillating-zigzag-curve	pending		
lem-the-partial-alternating-sum-of-a-binomial-row	pending		
lem-the-plane-or-disc-alternative-gives-contractibility	pending		
lem-the-power-set-of-a-set-is-a-set	pending		
lem-the-preconnecting-arrow-annihilates-boundaries	pending		
lem-the-prime-five-vertex-graphs-are-exactly-the-bull-five-cycle-five-vertex-path-and-its-complement	pending		
lem-the-principal-ultrafilter-and-ultrafilter-flattening-maps-are-natural	pending		
lem-the-prism-triangulation-has-the-stated-oriented-boundary	pending		
lem-the-product-of-an-indexed-family-is-a-set	pending		
lem-the-product-of-two-absolutely-continuous-functions-is-absolutely-continuous	pending		
lem-the-quotient-is-an-induced-subgraph-on-a-transversal	pending		
lem-the-realization-of-a-simplicial-map-is-continuous-and-functorial	pending		
lem-the-relative-connecting-map-is-independent-of-lift-and-representative	pending		
lem-the-rows-of-the-augmented-tensor-double-complex-are-exact	no_candidate_found	tor-pilot.json	
lem-the-set-of-functions-between-two-sets-is-a-set	pending		
lem-the-shifted-differential-squares-to-zero	pending		
lem-the-simplicial-augmentation-is-a-chain-map	pending		
lem-the-skeletal-telescope-projects-by-a-homotopy-equivalence-of-pairs	pending		
lem-the-square-map-is-well-defined-and-refines-the-commutator-pairing	pending		
lem-the-standard-form-of-two-incidence-vectors-is-the-intersection-size	pending		
lem-the-star-expansion-of-a-forest-containing-a-long-path-contains-the-corresponding-cycle	pending		
lem-the-star-expansion-of-k-three-contains-the-hatted-five-cycle	pending		
lem-the-star-expansion-of-the-four-vertex-path-contains-induced-c-six-and-c-seven	pending		
lem-the-stokes-integrand-identity-on-a-c2-patch	pending		
lem-the-substituted-set-is-a-module	pending		
lem-the-tensor-total-differential-is-well-defined-and-squares-to-zero	no_candidate_found	tor-pilot.json	
lem-the-three-cone-calculation-for-a-composite-chain-map	pending		
lem-the-totient-of-a-gcd-and-of-a-least-common-multiple	pending		
lem-the-two-hom-double-complex-differentials-commute-before-signing	pending		
lem-the-underlying-set-functor-on-rings-strictly-creates-split-coequalizers	pending		
lem-the-union-of-two-compatible-smooth-atlases-is-a-smooth-atlas	pending		
lem-the-universal-coefficient-edge-map-for-homology-is-well-defined	pending		
lem-the-universal-coefficient-tor-obstruction-map-for-homology	pending		U-P
lem-the-wedge-product-is-alternating-and-bilinear	pending		
lem-thin-quadrilaterals-in-a-hyperbolic-space	pending		
lem-this-homeomorphism-sends-the-cantor-set-onto-a-set-of-lebesgue-measure-one	pending		
lem-three-connected-graph-has-a-contractible-edge	pending		
lem-three-connected-kuratowski-free-is-planar	pending		U-P
lem-three-mod-four-prime-dividing-two-square-sum	pending		
lem-three-series-necessity-for-truncated-means-and-variances	pending		U-P
lem-three-slope-inequality-for-convex-functions	pending		
lem-thue-small-representatives	pending		
lem-time-at-least-input-length-permits-complete-input-reading	pending		U-P
lem-time-diagonal-language-respects-its-budget	pending		A-P
lem-time-translation-acts-freely-on-nonconstant-trajectories	pending		
lem-topological-group-translations-and-inversion	pending		
lem-topologists-sine-curve-is-connected	pending		U-P
lem-total-boundedness-passes-to-dense-uniform-extensions	pending		
lem-total-oracle-functional-has-computable-use-bound	pending		U-P
lem-total-variation-seminorm-laws	pending		
lem-totally-bounded-basic	pending		
lem-totally-bounded-uniformities-equal-their-samuel-uniformity	pending		U-P
lem-tournament-cycle-insertion	pending		
lem-trace-pairing-for-a-finite-separable-extension	pending		
lem-transcendence-basis-exchange	pending		
lem-transfinite-iteration-of-the-generator-extension-preserves-monomorphisms-and-factorizes-small-source-maps	pending		
lem-transitive-subgroups-of-s-four-and-the-resolvent-action	pending		
lem-transitivity-of-module-finiteness	pending		
lem-translates-of-a-block-form-a-g-invariant-partition-of-its-orbit	pending		
lem-transport-characteristics-depend-c-one-on-initial-position	pending		
lem-transport-equation-along-a-characteristic	pending		
lem-transpose-is-bounded-and-has-the-same-norm	pending		U-P
lem-transpose-lower-bound-gives-image-ball-density	pending		U-P
lem-transpose-range-membership-by-domination	pending		U-P
lem-transpose-reverses-composition	pending		
lem-transversal-wide-blocks-in-structural-comb-partitions-yields-a-pure-blockade	pending		
lem-transversality-is-equivalent-to-surjectivity-on-the-normal-quotient	pending		
lem-tree-schreier-generators-are-freely-independent	pending		
lem-triangle-inequality-finite	pending		
lem-triangular-independence-criterion	pending		
lem-trimming-a-self-regular-set-of-high-density	pending		
lem-trimming-a-self-regular-set-of-low-density	pending		
lem-trivial-fundamental-group-implies-null-homology-for-plane-domains	pending		
lem-trivial-words-in-a-recursively-presented-group-are-recursively-enumerable	pending		
lem-truncated-integrals-of-rational-powers	pending		
lem-truncated-perron-kernel	pending		
lem-tube-lemma-for-a-compact-factor	pending		
lem-tube-lemma-for-a-compact-metric-factor	pending		
lem-turan-graph-edge-count-and-balance	pending		
lem-turing-reducibility-is-a-preorder	pending		U-P
lem-twisted-product-is-a-group-iff-the-factor-set-is-a-two-cocycle	pending		
lem-two-colour-ramsey-arrow-recursion	pending		
lem-two-compact-cover-sweeps-for-function-lattices	pending		
lem-two-distinct-minimal-normal-subgroups-of-a-primitive-group-are-regular	pending		
lem-two-dyadic-cubes-are-nested-or-disjoint	pending		
lem-two-essentially-different-two-square-representations-factor-an-odd-integer	pending		
lem-two-extensions-with-the-same-ext-class-are-equivalent	pending		
lem-two-functions-are-equal-exactly-when-they-agree-at-every-point	pending		
lem-two-noncommuting-elements-of-an-extraspecial-p-group-generate-a-subgroup-of-order-p-cubed	pending		
lem-two-omitted-values-rule-out-an-essential-singularity	pending		
lem-two-open-cover-small-chains-are-the-sum-of-the-two-singular-subcomplexes	pending		
lem-two-point-interpolation-for-a-separating-real-function-lattice	pending		
lem-two-point-interpolation-in-a-separating-real-function-algebra	pending		
lem-two-square-representations-of-prime-powers	pending		
lem-typical-degrees-in-a-regular-pair	pending		
lem-ultrafilter-cluster-points-are-limits	pending		
lem-ultrafilter-prime	pending		
lem-ultrafilter-pushforward-is-an-ultrafilter-and-is-functorial	pending		
lem-ultrafilters-on-totally-bounded-uniform-spaces-are-cauchy	pending		
lem-unbounded-stationary-fibres-yield-a-partition	pending		
lem-uncountable-almost-disjoint-family-on-natural-numbers	pending		
lem-uncountable-delta-system-for-finite-sets	pending		
lem-uniform-closure-of-a-general-real-function-algebra-is-a-lattice	pending		
lem-uniform-closure-of-a-real-function-algebra-is-a-lattice	pending		
lem-uniform-convergence-implies-pointwise-convergence-real-functions	pending		
lem-uniform-convergence-in-the-uniform-metric	pending		
lem-uniform-convergence-uniformity-is-finer-than-pointwise	pending		
lem-uniform-integral-error-bound	pending		
lem-uniform-limits-linear-combinations	pending		
lem-uniform-metric-on-a-function-space	pending		
lem-uniform-product-limit-under-boundedness	pending		
lem-uniform-tail-control-for-dominated-improper-multiple-integrals	pending		
lem-uniformizable-spaces-are-completely-regular	pending		U-P
lem-uniformizable-spaces-are-regular	pending		
lem-uniformly-convergent-sequences-form-equicontinuous-families	pending		
lem-union-of-a-chain-of-dominated-extensions	pending		
lem-union-of-chain-of-filters	pending		
lem-union-of-two-meeting-modules-is-a-module	pending		
lem-unions-and-intersections-of-small-families	pending		
lem-unions-of-components-and-of-anticomponents-are-modules	pending		
lem-unique-parsing-of-set-coded-syntax	pending		
lem-unique-subgroup-of-order-p-forces-cyclicity	pending		
lem-uniqueness-of-an-extended-complete-field-absolute-value	pending		
lem-uniqueness-of-the-complex-derivative	pending		
lem-uniqueness-of-the-total-derivative	pending		
lem-unit-disc-estimate-for-weierstrass-elementary-factors	pending		
lem-unit-interval-functions-extend-over-evaluation-closure	pending		
lem-units-of-z	pending		
lem-universal-central-extension-is-unique-up-to-unique-isomorphism	pending		
lem-universal-martin-lof-test-exists	pending		A-P
lem-universal-metric-trajectory-projection-is-fredholm	pending		U-P
lem-universal-net-cluster-points-are-limits	pending		
lem-unordered-pair-equality	pending		
lem-upper-semicontinuous-functions-are-borel-and-circle-integrals-are-defined	pending		
lem-urysohn-sits-between-hausdorff-and-regular-plus-t1	pending		
lem-valuation-ring-is-local	pending		
lem-van-kampen-factorization-invariance	pending		
lem-van-kampen-homotopy-grid	pending		
lem-vanishing-ideal-is-radical	pending		
lem-vanishing-of-negative-laurent-coefficients-on-a-hartogs-figure	pending		
lem-vanishing-set-identities	pending		
lem-vanishing-set-of-a-finite-product	pending		
lem-vanishing-set-of-an-arbitrary-sum	pending		
lem-vanishing-set-reverses-inclusions	pending		
lem-vanishing-sets-detect-radicals	pending		
lem-vanishing-tail-control-implies-small-truncated-second-moment	pending		U-P
lem-variable-radius-injectivity-for-normal-addition	pending		A-R
lem-variance-and-covariance-identities	pending		
lem-variance-and-covariance-identities-for-random-variables	pending		U-P
lem-variation-additive-on-subintervals	pending		
lem-variation-function-and-jordan-identities	pending		
lem-variety-equations-dimension-bound	pending		U-P
lem-vector-bundle-transition-functions-satisfy-the-cocycle-identities	pending		
lem-vector-operations-are-continuous-in-a-normed-space	pending		
lem-vector-space-elementary-consequences	pending		
lem-vector-valued-continuous-curve-space-is-complete	pending		
lem-verma-embedding-implies-strong-linkage	pending		U-P
lem-verma-self-extensions-in-category-o-split	pending		U-P
lem-veronese-map-well-defined-closed-immersion	pending		U-P
lem-vertex-and-edge-stabilizers-and-their-incidence-inclusions	pending		
lem-vertex-connectivity-at-most-edge-connectivity	pending		
lem-vertical-composition-of-natural-transformations-is-natural	pending		
lem-viete-finite-cosine-product-and-nested-radicals	pending		
lem-von-mangoldt-explicit-formula-residues	pending		
lem-wallis-integrals-recurrence-and-squeeze	pending		
lem-weak-local-subharmonic-peak-function-implies-regularity	pending		
lem-weak-sparsity-is-a-bound-on-the-edge-density	pending		
lem-wedge-monomials-in-a-dual-basis-form-a-basis	pending		
lem-weierstrass-low-frequency-difference-quotient-bound	pending		
lem-weierstrass-probe-points	pending		
lem-weierstrass-quotient-is-a-finite-module	pending		
lem-weierstrass-tail-difference-quotient-bound	pending		
lem-weight-is-well-defined	pending		
lem-weighted-von-mangoldt-harmonic-estimate	pending		
lem-weissinger-fixed-point-criterion	pending		
lem-well-definedness-of-the-simple-integral	pending		A-R
lem-well-order-comparability	pending		
lem-well-order-rigid	pending		
lem-weyl-invariant-cartan-polynomials-extend-to-g-invariants	existing_finding	terra-lie-01-receipts.json	A-P
lem-wide-pullbacks-compute-intersections-independently-of-representatives	pending		
lem-wielandt-sylow-binomial-valuation	pending		
lem-wilson-inverse-pairing	pending		
lem-word-length-is-well-defined-and-satisfies-the-length-laws	pending		
lem-words-satisfy-the-free-monoid-universal-property	pending		
lem-x-plus-the-cantor-function-is-a-homeomorphism-from-zero-one-onto-zero-two	pending		
lem-x-squared-plus-one-is-irreducible-over-the-reals	pending		
lem-yoneda-evaluation-bijection	pending		
lem-yoneda-splicing-is-well-defined-on-equivalence-classes	pending		
lem-young-partition-sum-estimate-rational	pending		
lem-zariski-closed-set-axioms	pending		
lem-zariski-lemma-localised-polynomial-ring-not-field	pending		A-R
lem-zariski-lemma-one-variable-localisation-not-finite	pending		
lem-zariski-lemma-transcendence-basis-reduction	pending		A-R
lem-zero-dimensional-classical-variety-finite	pending		A-P
lem-zero-divisor-annihilator-contained-in-associated-prime	pending		
lem-zero-in-a-localised-module	pending		
lem-zero-locus-of-an-ideal-equals-zero-locus-of-its-radical	pending		
lem-zero-of-a-real-analytic-function-is-isolated-or-locally-identical	pending		
lem-zeta-explicit-formula-zero-free-error-balance	pending		
lem-zeta-horizontal-logarithmic-derivative-comparison	pending		
lem-zeta-logarithmic-derivative-zero-bound	pending		
lem-zeta-reciprocal-zero-sum-bound	pending		
lem-zeta-three-four-one-logarithmic-derivative-inequality	pending		
lem-zykov-symmetrisation	pending		
prop-a-bifunctor-can-be-derived-in-either-variable-when-the-relevant-resolution-data-are-supplied	pending		
prop-a-cayley-graph-is-regular-and-is-locally-finite-exactly-when-its-defining-subset-is-finite	pending		
prop-a-centre-fixing-automorphism-of-an-extraspecial-p-group-preserves-its-commutator-pairing	pending		
prop-a-chain-isomorphism-is-a-chain-homotopy-equivalence	pending		
prop-a-chain-map-is-a-quasi-isomorphism-exactly-when-its-cochain-reindexing-is	pending		
prop-a-chain-map-with-contractible-cone-becomes-an-isomorphism-in-the-homotopy-category	pending		
prop-a-coarse-lipschitz-map-between-finitely-generated-groups-with-word-metrics-is-lipschitz	pending		
prop-a-complex-is-zero-in-the-derived-category-exactly-when-it-is-acyclic	pending		
prop-a-countable-chart-cover-detects-manifold-null-sets	pending		U-P
prop-a-cw-complex-is-the-colimit-of-its-skeleta-in-the-weak-topology	pending		
prop-a-diffeomorphism-pulls-back-tensor-fields-and-forms-isomorphically	pending		
prop-a-distinguished-triangle-splits-exactly-when-one-connecting-map-vanishes	pending		
prop-a-distinguished-triangle-with-zero-first-map-is-split	pending		
prop-a-fibrewise-bijective-smooth-bundle-map-over-a-diffeomorphism-is-a-bundle-isomorphism	pending		
prop-a-finite-index-subgroup-of-a-finitely-generated-group-is-finitely-generated-and-quasi-isometrically-included	pending		
prop-a-finite-simplicial-complex-has-compact-hausdorff-realization	pending		A-R
prop-a-finitely-generated-group-is-finite-exactly-when-it-is-quasi-isometric-to-a-one-point-space	pending		
prop-a-fundamental-matrix-is-invertible	pending		
prop-a-manifold-has-empty-boundary-if-and-only-if-it-is-a-manifold-without-boundary	pending		
prop-a-map-from-a-disjoint-union-is-smooth-iff-each-restriction-is-smooth	pending		
prop-a-map-into-a-product-is-smooth-iff-its-components-are-smooth	pending		
prop-a-map-is-zero-exactly-when-the-corresponding-representable-map-vanishes	pending		
prop-a-metric-space-is-quasi-isometric-to-a-one-point-space-exactly-when-it-is-nonempty-of-finite-diameter	pending		
prop-a-minimal-counterexample-to-a-kappa-bound-is-tau-critical	pending		
prop-a-monadic-category-over-a-cocomplete-base-is-cocomplete-iff-it-has-coequalizers	pending		
prop-a-morphism-carries-members-to-members-and-preserves-equivalence	pending		
prop-a-morphism-of-extensions-is-an-isomorphism	pending		
prop-a-natural-isomorphism-of-exact-functors-respects-triangles-under-the-translation-compatibility	pending		
prop-a-natural-transformation-composed-with-a-dinatural-transformation-is-dinatural	pending		
prop-a-natural-transformation-induces-natural-transformations-of-left-derived-functors	pending		
prop-a-natural-transformation-induces-natural-transformations-of-right-derived-functors	pending		
prop-a-null-set-has-dense-complement-in-a-positive-dimensional-manifold	pending		U-P
prop-a-projective-object-has-a-length-zero-projective-resolution	pending		
prop-a-proper-injective-immersion-is-a-smooth-embedding	pending		
prop-a-quasi-isometric-embedding-carries-a-quasi-geodesic-to-a-quasi-geodesic	pending		
prop-a-quasi-isomorphism-has-an-acyclic-cone-in-the-triangulated-language	pending		
prop-a-short-exact-sequence-of-complexes-gives-six-term-exact-sequences-when-homology-is-concentrated-in-two-degrees	pending		
prop-a-small-product-of-preadditive-categories-is-preadditive	pending		
prop-a-smooth-function-with-zero-differential-is-constant-on-each-connected-component	pending		
prop-a-smooth-map-of-locally-maximal-rank-has-locally-constant-rank	pending		
prop-a-smooth-map-with-everywhere-smooth-local-inverses-is-a-local-diffeomorphism	pending		
prop-a-split-extension-is-direct-product-iff-its-complement-centralizes-the-kernel	pending		
prop-a-subcomplex-is-the-kernel-of-its-quotient-map	pending		
prop-a-tensor-field-is-invariant-under-a-flow-if-and-only-if-its-lie-derivative-vanishes	pending		
prop-a-transverse-oriented-normal-bundle-orients-an-embedded-submanifold	pending		
prop-a-vector-bundle-projection-is-a-surjective-submersion	pending		
prop-a-vector-bundle-section-with-surjective-vertical-differential-at-every-zero-has-a-submanifold-zero-set	pending		
prop-a-vector-field-acts-as-a-derivation-of-smooth-functions	pending		
prop-a-vector-field-is-complete-if-and-only-if-its-flow-is-global	pending		
prop-a-vector-field-is-flow-invariant-if-and-only-if-its-lie-derivative-vanishes	pending		
prop-a-vector-field-tangent-to-an-embedded-submanifold-restricts-to-a-vector-field	pending		
prop-a-weighted-limit-in-set-is-the-set-of-natural-transformations-from-the-weight	pending		
prop-abelian-groups-are-z-modules	pending		
prop-additive-functors-and-natural-transformations-form-a-preadditive-category	pending		
prop-additive-group-of-zp-is-torsion-free	pending		
prop-adjoint-algebra	pending		
prop-algebra-of-holomorphic-functions-in-several-variables	pending		
prop-algebra-of-union-intersection-and-difference	pending		
prop-algebraic-splitting-extensions-are-normal	pending		
prop-algebraically-closed-splitting-and-finite-extension-criteria	pending		
prop-an-additive-functor-applies-degreewise-to-complexes-and-chain-maps	pending		
prop-an-additive-functor-on-abelian-categories-induces-an-exact-functor-on-homotopy-categories	pending		
prop-an-additive-functor-preserves-split-biproduct-diagrams	pending		
prop-an-additive-functor-preserves-zero-morphisms	pending		
prop-an-adjoint-equivalence-is-an-adjunction-with-invertible-unit-and-counit	pending		
prop-an-adjoint-triple-induces-adjunctions-between-its-endofunctors	pending		
prop-an-adjunction-induces-adjunctions-on-functor-categories	pending		
prop-an-adjunction-restricts-to-an-equivalence-on-its-fixed-subcategories	pending		
prop-an-ambient-riemannian-metric-identifies-the-normal-quotient-with-the-orthogonal-normal-bundle	pending		
prop-an-automorphism-of-an-extraspecial-p-group-trivial-on-the-frattini-quotient-is-inner	pending		
prop-an-equidimensional-c1-map-sends-null-sets-to-null-sets	pending		A-P
prop-an-exact-base-functor-has-the-trivial-universal-delta-functor	pending		
prop-an-exact-functor-carries-mapping-cone-sequences-to-mapping-cone-sequences	pending		
prop-an-exact-functor-carries-the-long-exact-homology-sequence-to-the-corresponding-long-exact-sequence	pending		
prop-an-exact-functor-has-vanishing-positive-derived-functors	pending		
prop-an-exact-sequence-is-a-complex-and-its-exactness-agrees	pending		
prop-an-np-complete-language-in-p-implies-p-equals-np	pending		U-P
prop-an-odd-sphere-admits-a-nowhere-zero-tangent-vector-field	pending		
prop-an-open-subset-of-a-smooth-manifold-has-a-canonical-restricted-smooth-structure	pending		
prop-arc-length-under-lipschitz-maps-and-euclidean-similarities	pending		
prop-arithmetized-formula-counting-sum	pending		U-P
prop-associated-graded-of-the-pbw-filtration-is-commutative	no_candidate_found	terra-lie-02-receipts.json	
prop-ball-average-is-continuous-in-centre-and-radius	pending		
prop-base-field-embeddings-carry-elements-to-conjugates	pending		
prop-basic-calculus-of-monomorphisms-and-epimorphisms	pending		
prop-basic-operations-preserving-convexity	pending		
prop-basic-properties-of-the-nonnegative-simple-integral	pending		A-R
prop-basic-properties-of-the-power-set	pending		
prop-basic-stationary-set-calculus	pending		
prop-basic-value-properties-of-a-complex-character	pending		U-P
prop-basic-wedge-is-multilinear-and-alternating	pending		
prop-binary-digit-restriction-hausdorff-dimension	pending		
prop-binary-quadratic-form-discriminants-modulo-four	pending		
prop-bipartite-matching-flow-model	pending		
prop-biproducts-are-associative-commutative-and-unital-up-to-canonical-isomorphism	pending		
prop-blocks-in-a-finite-transitive-action-have-equal-size	pending		
prop-boundary-defining-functions-exist-locally-and-detect-inward-vectors	pending		
prop-boundary-orientation-is-independent-of-the-outward-vector-field	pending		
prop-boundary-orientation-of-a-product-when-at-most-one-factor-has-boundary	pending		
prop-bounded-derived-complexes-split-when-higher-ext-between-cohomologies-vanishes	pending		
prop-bounded-derived-localizations-embed-fully-faithfully	pending		
prop-brauer-characters-are-class-functions-on-p-regular-elements	pending		
prop-bull-free-graphs-are-complement-invariant	pending		
prop-bundle-maps-over-f-are-sections-of-the-pulled-back-hom-bundle	pending		
prop-canonical-quotient-map	pending		
prop-canonical-quotient-module-map	pending		
prop-canonical-quotient-ring-map	pending		
prop-canonical-subgroups-of-an-external-semidirect-product	pending		
prop-cantor-measure-is-a-singular-atomless-probability-measure	pending		
prop-capture-avoiding-substitution	pending		
prop-caratheodory-extension-compares-with-other-extensions	pending		
prop-caratheodory-measurable-sets-form-an-algebra	pending		
prop-carmichael-function-as-maximal-order	pending		
prop-cartan-commutator-identities	pending		
prop-cartesian-products-and-set-operations	pending		
prop-casimir-eigenvalue-on-a-highest-weight-module	existing_finding	terra-lie-02-receipts.json	U-P
prop-category-isomorphisms-are-bijective-on-objects-and-morphisms	pending		
prop-cauchy-products-of-complex-power-series	pending		
prop-cayley-trees-are-zero-hyperbolic	pending		U-P
prop-cellular-maps-induce-cellular-chain-maps	pending		U-P
prop-centered-and-uncentered-maximal-functions-are-comparable	pending		
prop-centralizer-of-a-cartan-element-from-its-vanishing-roots	existing_finding	terra-lie-02-receipts.json	U-P
prop-chain-homotopy-is-an-equivalence-relation	pending		
prop-chain-rule-for-smooth-half-space-maps	pending		
prop-change-of-injective-resolution-isomorphisms-satisfy-identity-and-cocycle-laws	pending		
prop-change-of-projective-resolution-isomorphisms-satisfy-identity-and-cocycle-laws	pending		
prop-characteristic-polynomial-factors-over-an-invariant-subspace	pending		
prop-chart-maps-are-diffeomorphisms-onto-euclidean-open-sets	pending		
prop-class-sums-act-by-central-character-scalars	pending		U-P
prop-classical-derived-functors-are-the-cohomology-objects-of-the-total-derived-functor	pending		
prop-closed-constant-rank-one-forms-define-integrable-hyperplane-fields	pending		
prop-closed-sets-are-caratheodory-measurable-for-metric-outer-measures	pending		
prop-closed-subspaces-of-cech-complete-spaces	pending		
prop-closed-subspaces-of-paracompact-spaces	no_candidate_found	terra-partitions-01-receipts.json	
prop-closure-properties-of-measurable-functions-used-by-the-integral	pending		A-R
prop-coefficient-extraction-linearity-and-extensionality	pending		
prop-cohomology-factors-through-the-derived-category	pending		
prop-cohomology-of-derived-hom-is-ext	pending		
prop-compact-function-families-are-pointwise-relatively-compact	pending		
prop-compact-hausdorff-spaces-satisfy-the-special-adjoint-functor-hypotheses	pending		
prop-compact-local-homeomorphism-is-finite-covering	pending		
prop-compact-open-is-uniform-on-a-compact-metric-domain	pending		
prop-compact-spaces-are-paracompact	no_candidate_found	terra-partitions-01-receipts.json	
prop-companion-matrix-iterates-a-linear-recurrence	pending		
prop-comparison-maps-respect-composition-up-to-homotopy	pending		
prop-comparison-of-the-identity-is-homotopic-to-the-identity	pending		
prop-compatibility-of-smooth-atlases-is-an-equivalence-relation	pending		
prop-complement-and-disjoint-union-axioms-for-a-lambda-system	pending		
prop-complete-invariant-flags-and-upper-triangular-matrices	pending		
prop-completeness-and-cocompleteness-in-poset-categories	pending		
prop-complexification-is-functorial	pending		
prop-components-of-a-topological-manifold-are-open-and-at-most-countable	pending		
prop-composition-of-coverings-with-finite-sheeted-outer-map-is-a-covering	pending		
prop-composition-of-relations-is-associative	pending		
prop-composition-preserves-injectivity-surjectivity-and-bijectivity	pending		
prop-cones-preserve-chain-homotopy-equivalences-of-arrows	pending		
prop-conjugate-gradient-denominators-are-positive-before-convergence	pending		U-P
prop-connected-groupoid-equivalent-to-an-automorphism-group	pending		
prop-constant-rank-kernels-and-images-of-bundle-maps-over-one-base-are-subbundles	pending		
prop-continuous-image-density-and-lindelof-degree	pending		
prop-contravariant-derived-functors-are-derived-on-the-opposite-category	pending		
prop-convex-functions-have-convex-sublevel-sets	pending		
prop-coordinate-cauchy-schwarz-agrees-with-the-finite-sum-theorem	pending		
prop-coordinate-formula-for-the-lie-bracket	pending		U-P
prop-coordinate-formula-for-the-lie-derivative-of-a-contravariant-tensor	pending		
prop-coordinate-formula-for-the-lie-derivative-of-a-covariant-tensor	pending		
prop-coordinate-vector-fields-commute	pending		
prop-costandard-objects-have-simple-socles	pending		U-P
prop-cotangent-pullback-is-contravariantly-functorial	pending		
prop-countable-disjoint-unions-of-fixed-dimensional-smooth-manifolds-are-smooth-manifolds	pending		
prop-countable-subsets-of-rn-are-lebesgue-null	pending		
prop-countable-unions-and-subsets-of-manifold-null-sets-are-null	pending		
prop-counting-measure-is-a-measure	pending		
prop-covering-maps-are-local-homeomorphisms-with-discrete-fibres	pending		
prop-covering-morphism-subgroup-criterion	pending		
prop-covering-spaces-are-stable-under-restriction-finite-products-and-pullback	pending		
prop-created-limits-exist-and-are-preserved	pending		
prop-cumulative-hierarchy-transitivity-and-growth	pending		
prop-cw-skeleta-are-closed-and-cells-form-a-disjoint-partition	pending		
prop-deck-transformations-are-determined-by-one-point-and-act-freely	pending		
prop-decomposition-matrix-is-block-diagonal-after-block-ordering	pending		U-P
prop-deformation-lemma-for-a-critical-point-free-slab	pending		U-P
prop-degenerate-boxes-and-coordinate-hyperplanes-are-lebesgue-null	pending		
prop-degree-bound-for-composita	pending		
prop-degree-is-homotopy-invariant-and-multiplicative-under-composition	pending		U-P
prop-degree-laws-for-circle-loops	pending		
prop-degree-of-identity-constant-reflection-and-antipodal-sphere-maps	pending		A-R
prop-degree-zero-group-cohomology-and-homology-are-invariants-and-coinvariants	pending		
prop-deletion-alteration-method	pending		
prop-density-pullback-under-local-diffeomorphisms	pending		
prop-derived-functors-commute-with-finite-biproducts	pending		
prop-diagonalizable-gmres-residual-bound-keeps-the-eigenvector-conditioning-factor	pending		
prop-differential-forms-form-a-graded-commutative-algebra	pending		
prop-differentials-of-trace-and-frobenius-linear-functionals	pending		
prop-dirac-measure-is-a-probability-measure	pending		
prop-discriminant-square-mod-four-n-criterion-for-primitive-representation	pending		
prop-distinguished-triangles-are-closed-under-shifts-and-both-rotations	pending		
prop-divergence-is-well-defined-and-has-the-coordinate-formula	pending		
prop-divergence-satisfies-the-product-rule	pending		
prop-divisor-functions-under-dirichlet-convolution	pending		
prop-divisor-sum-identity-for-monic-irreducibles-over-a-finite-field	pending		
prop-dominated-families-are-uniformly-integrable	pending		
prop-double-annihilator-recovers-a-finite-rank-distribution	pending		
prop-doubly-transitive-actions-are-primitive	pending		
prop-each-object-has-a-zero-member-and-each-member-has-a-negative	pending		
prop-each-tor-construction-is-covariant-in-both-variables	pending		A-R
prop-eigenpair-residual-thresholds-give-backward-error-stopping-rules	pending		
prop-eigenvalue-iff-shift-is-not-invertible	pending		
prop-elementary-and-complete-generating-series-identity	pending		
prop-elementary-high-low-identities	pending		U-P
prop-elementary-sets-form-an-algebra	pending		
prop-elementary-tensor-formulas-descend-exactly-when-balanced	pending		
prop-elementary-volume-is-finitely-additive-and-monotone	pending		
prop-elementwise-formula-for-the-connecting-map-in-module-categories	pending		
prop-embedded-leaves-need-not-be-closed-and-leaves-need-not-be-embedded	pending		
prop-empty-limits-and-colimits-are-terminal-and-initial-objects	pending		
prop-endomorphisms-form-a-ring	pending		
prop-endomorphisms-of-a-splitting-field-permute-its-roots	pending		
prop-enumerated-countable-amenable-groups-admit-folner-sequences	pending		
prop-equality-of-words-in-a-presentation	pending		
prop-equivalence-of-categories-is-an-equivalence-relation	pending		
prop-equivalence-of-extensions-is-an-equivalence-relation	pending		
prop-equivalences-preserve-reflect-and-create-limits-and-colimits	pending		
prop-equivalent-characterisations-of-an-extraspecial-p-group	pending		
prop-equivalent-support-description-of-category-o	pending		U-P
prop-erdos-hajnal-property-is-complement-invariant	pending		
prop-erdos-hajnal-property-is-monotone-under-induced-pattern-containment	pending		
prop-erdos-hajnal-property-passes-to-hereditary-subclasses	pending		
prop-essential-supremum-is-attained-as-the-least-essential-bound	pending		
prop-euler-characteristic-is-additive-for-finite-cw-pairs	pending		
prop-euler-characteristic-is-multiplicative-under-the-finite-kunneth-hypotheses	pending		U-P
prop-euler-characteristic-of-a-finite-cw-product	pending		
prop-every-finite-language-is-regular	pending		
prop-every-integer-occurs-as-the-degree-of-a-sphere-map	pending		U-P
prop-every-leaf-is-initial-among-smooth-maps-tangent-to-the-distribution	pending		
prop-every-morse-function-admits-a-complete-gradient-like-field-on-a-closed-manifold	no_candidate_found	morse-topic-pilot.json	
prop-every-nonzero-residue-mod-prime-is-a-sum-of-two-squares	pending		
prop-every-small-category-has-a-skeleton-under-choice	pending		
prop-every-smooth-manifold-admits-a-countable-smooth-atlas-with-relatively-compact-domains	pending		A-P
prop-every-smooth-manifold-admits-a-positive-smooth-density	pending		
prop-exact-functors-compatible-with-hom-transport-ext-under-the-stated-adjunction-hypotheses	pending		
prop-expander-walk-hits-bad-edges	pending		U-P
prop-expander-walk-sampled-and-moving-sets	pending		U-P
prop-explicit-formulas-for-normwise-and-componentwise-backward-error	pending		
prop-ext-zero-is-hom-for-the-injective-construction	pending		
prop-ext-zero-is-hom-for-the-projective-construction	pending		
prop-extension-classes-are-contravariant-in-the-quotient-and-covariant-in-the-subobject	pending		
prop-extension-degree-one-iff-equal-fields	pending		
prop-extension-of-scalars-preserves-flat-modules	pending		
prop-extensions-with-complete-kernel-split-over-the-centralizer	pending		
prop-exterior-derivative-of-a-function-is-its-differential	pending		
prop-exterior-power-duality-pairing	pending		
prop-f-relatedness-is-equivalent-to-the-derivation-intertwining-law	pending		U-P
prop-face-boundaries-in-three-connected-plane-graphs	pending		U-P
prop-face-boundaries-in-two-connected-plane-graphs	pending		U-P
prop-faithful-irreducible-character-is-induced-from-a-proper-inertia-subgroup	pending		U-P
prop-field-and-ring-matrix-interfaces-agree	no_candidate_found	root-determinants-01-receipts.json	
prop-finite-and-free-groups-are-hyperbolic	pending		U-P
prop-finite-biproducts-of-complexes-are-computed-degreewise	pending		
prop-finite-fields-are-splitting-fields-of-x-q-minus-x	pending		
prop-finite-groups-are-amenable	pending		U-P
prop-finite-groups-have-torsion-annihilation-in-positive-cohomology	pending		
prop-finite-hausdorff-measurable-sets-have-borel-cores	pending		
prop-finite-modification-preserves-rationality-and-eventual-recurrence	pending		
prop-finite-sharply-k-transitive-actions-have-order-falling-factorial	pending		
prop-finite-union-values-force-absolute-convergence-for-signed-measure-additivity	pending		
prop-finitely-generated-normal-extensions-are-splitting-fields	pending		
prop-finiteness-is-a-geometric-property-of-finitely-generated-groups	pending		
prop-first-order-ivp-is-equivalent-to-a-volterra-integral-equation	pending		
prop-formal-character-of-a-verma-module	pending		
prop-formal-derivative-algebra	pending		
prop-formal-derivative-laws	pending		
prop-fp-is-contained-in-sharpp	pending		
prop-fraction-field-dimension-recovers-pid-module-rank	pending		
prop-frattini-subgroup-monotonicity-for-subgroups-of-finite-p-groups	pending		
prop-frattini-subgroup-of-a-direct-product-of-finite-p-groups	pending		
prop-frattini-subgroup-of-a-quotient-finite-p-group	pending		
prop-free-abelian-groups-of-rank-at-least-two-are-not-hyperbolic	pending		U-P
prop-free-equivalence-is-an-equivalence-and-a-congruence	pending		
prop-full-column-rank-pseudoinverse-formula	pending		
prop-full-row-rank-pseudoinverse-formula	pending		
prop-fully-faithful-functors-reflect-isomorphisms	pending		
prop-fully-faithful-functors-reflect-limits-and-colimits	pending		
prop-functional-calculus-for-normal-endomorphisms	pending		
prop-functoriality-of-finite-dimensional-exterior-powers	pending		
prop-functoriality-of-module-tensor-products	pending		
prop-functors-preserve-isomorphisms	pending		
prop-fundamental-group-is-a-functor-on-pointed-spaces	pending		
prop-fundamental-groups-of-punctured-euclidean-spaces	pending		
prop-galerkin-orthogonality-for-a-krylov-galerkin-iterate	pending		
prop-galois-correspondence-converts-composita-and-intersections	pending		
prop-general-compact-open-topology-agrees-with-the-metric-definition	pending		
prop-general-real-function-algebra-agrees-with-the-metric-definition	pending		
prop-general-stokes-agrees-with-classical-gauss-flux	pending		
prop-generalised-eigenspaces-and-algebraic-multiplicity	pending		
prop-global-dimension-zero-characterises-semisimple-module-categories	pending		
prop-global-graph-characterization-by-one-point-transverse-fibres	pending		
prop-gmres-residuals-are-polynomials-in-a-applied-to-the-initial-residual	pending		
prop-gradient-of-a-quadratic-matrix-form	pending		
prop-group-algebra-in-defining-characteristic-is-a-symmetric-frobenius-algebra	pending		
prop-groups-and-homomorphisms-form-category-grp	pending		
prop-hardy-littlewood-maximal-function-is-l-infinity-bounded	pending		
prop-harish-chandra-map-is-injective	existing_finding	terra-lie-02-receipts.json	U-P
prop-harish-chandra-projection-is-multiplicative-on-the-center	no_candidate_found	terra-lie-02-receipts.json	
prop-hausdorff-content-and-measure-have-the-same-null-sets	pending		
prop-hawaiian-earring-is-compact-and-path-connected	pending		
prop-henstock-kurzweil-integral-is-unique	pending		U-P
prop-hereditarily-finite-sets-are-v-omega	pending		
prop-hereditary-rings-have-global-dimension-at-most-one	pending		
prop-hermitian-rayleigh-quotient-stationary-points-and-residual-gradient	pending		
prop-hierarchy-theorems-do-not-separate-p-from-np	pending		U-P
prop-holomorph-as-a-permutation-group	pending		
prop-holomorph-recognises-regular-normal-subgroups	pending		
prop-holomorphic-functions-are-continuous-and-separately-holomorphic	pending		
prop-hom-spaces-in-category-o-are-finite-dimensional	pending		U-P
prop-homology-of-a-shift-is-shifted-homology	pending		
prop-homology-of-complexes-satisfies-the-delta-functor-naturality-and-exactness-laws	pending		
prop-homology-of-the-derived-tensor-product-is-tor	pending		U-P
prop-homology-respects-identities-and-composition	pending		
prop-homotopy-equivalence-is-an-equivalence-relation-on-complexes	pending		
prop-horseshoe-resolutions-are-compatible-with-morphisms-of-short-exact-sequences-up-to-homotopy	pending		
prop-identities-and-composites-of-chain-maps-are-chain-maps	pending		
prop-identity-maps-and-composites-of-smooth-maps-are-smooth	pending		U-P
prop-images-and-coimages-of-chain-maps-are-computed-degreewise	pending		
prop-images-and-preimages-under-a-relation-and-set-operations	pending		
prop-images-of-unions-and-intersections-under-a-function	pending		
prop-in-a-poset-adjunction-the-triangle-identities-are-automatic	pending		
prop-indefinite-integral-of-an-integrable-function-is-countably-additive	excluded_inherited_impact_only_no_new_u_p	prior-findings-receipts.json	
prop-index-calculus-modulo-n	pending		
prop-index-one-trajectory-spaces-are-zero-dimensional	pending		
prop-index-two-trajectory-spaces-are-one-dimensional	pending		
prop-indicator-function-is-measurable-iff-its-set-is-measurable	pending		A-P
prop-induced-module-decomposes-over-a-left-transversal	pending		
prop-induced-quotient-operator-is-well-defined	pending		A-P
prop-induction-and-restriction-satisfy-the-projection-formula-on-character-rings	pending		U-P
prop-initial-and-terminal-objects-as-representations	pending		
prop-injective-ext-is-contravariant-in-the-first-and-covariant-in-the-second-variable	pending		
prop-integers-modulo-n-as-a-quotient-group	pending		
prop-integers-modulo-n-as-a-quotient-ring	pending		
prop-integrable-distributions-are-involutive	pending		
prop-integral-manifolds-have-the-distribution-dimension	pending		
prop-integral-pell-solutions-form-a-group	pending		
prop-integration-of-top-forms-by-finite-parametrizations	pending		
prop-integration-over-an-oriented-embedded-submanifold	pending		
prop-interior-product-is-a-graded-antiderivation	pending		
prop-interior-product-on-forms-is-a-graded-antiderivation	pending		
prop-intertwiner-space-is-a-vector-space-and-endomorphisms-form-a-k-algebra	pending		
prop-invertible-preconditioners-give-equivalent-linear-systems-with-explicit-residual-maps	pending		
prop-involutivity-can-be-checked-on-a-local-frame	pending		
prop-irreducibility-of-the-cyclotomic-polynomial-characterises-the-full-galois-group	pending		
prop-isometries-bilipschitz-equivalences-and-quasi-isometries-form-a-hierarchy	pending		
prop-isomorphic-chain-maps-have-isomorphic-cones	pending		
prop-isomorphic-cocycles-define-isomorphic-vector-bundles	pending		
prop-isomorphism-invariance-of-satisfaction	pending		
prop-isomorphisms-form-the-maximal-subgroupoid	pending		
prop-isomorphisms-of-complexes-are-quasi-isomorphisms	pending		
prop-iterated-localisation	pending		
prop-jacobi-symbol-on-units-is-a-homomorphism	pending		
prop-jacobi-symbol-well-defined	pending		
prop-jordan-parts-and-total-variation-formulas-for-signed-measures	pending		
prop-kernels-of-amalgamating-maps-collapse-in-the-pushout	pending		
prop-killing-form-is-invariant-and-nondegenerate-on-a-complex-semisimple-lie-algebra	existing_finding	terra-lie-02-receipts.json	A-P
prop-killing-form-pairs-only-opposite-root-spaces	existing_finding	terra-lie-02-receipts.json	A-P
prop-krylov-subspace-is-the-polynomial-image-of-the-start-vector	pending		
prop-l-one-convolution-is-bilinear-commutative-and-associative	pending		
prop-lambda-g-has-operator-norm-equal-to-the-l-q-norm	pending		
prop-lebesgue-measure-is-sigma-finite-and-finite-on-bounded-sets	pending		U-P
prop-lebesgue-stieltjes-and-lch-radon-conventions-agree-on-r	pending		
prop-left-derived-maps-preserve-composition	pending		
prop-left-derived-maps-preserve-identities	pending		
prop-legendre-symbol-on-units-is-homomorphism	pending		
prop-legendre-symbol-well-defined	pending		
prop-leibniz-rules-for-the-lie-bracket-with-function-multiples	pending		
prop-level-set-distributions-are-involutive	pending		
prop-lie-algebra-actions-extend-to-unital-actions-of-the-enveloping-algebra	no_candidate_found	terra-lie-02-receipts.json	
prop-lie-derivative-agrees-with-x-on-functions-and-bracket-on-vector-fields	pending		
prop-lie-derivative-of-forms-is-a-degree-zero-graded-derivation	pending		
prop-lie-derivatives-are-natural-for-related-vector-fields	pending		
prop-limit-colimit-duality	pending		
prop-linear-maps-form-a-vector-space	pending		
prop-linear-pullback-respects-tensor-products-and-permutations	pending		
prop-linearity-and-additivity-of-integration-over-disjoint-oriented-components	pending		
prop-linearity-of-complex-line-integrals	pending		
prop-liouville-convolution-square-indicator	pending		
prop-local-coordinate-expression-for-a-differential-form	pending		
prop-local-diffeomorphisms-carry-distributions-and-integral-manifolds	pending		
prop-local-frame-characterization-of-a-smooth-distribution	pending		
prop-local-frames-and-local-trivializations-are-equivalent-data	pending		
prop-local-graph-characterization-by-transversality-to-vertical-fibres	pending		
prop-local-path-connectedness-lifts-and-descends-along-coverings	pending		
prop-localisation-zero-equality-and-kernel-criteria	pending		
prop-lucky-arnoldi-breakdown-is-equivalent-to-krylov-invariance	pending		
prop-machine-descriptions-form-a-decidable-language	pending		U-P
prop-mapping-cone-is-functorial-on-the-arrow-category-of-complexes	pending		
prop-matrix-differentials-obey-sum-product-and-adjoint-rules	pending		
prop-maximal-abelian-subgroups-of-an-extraspecial-p-group-have-order-p-to-one-plus-n	pending		
prop-maximal-elementary-abelian-subgroups-distinguish-the-two-extraspecial-two-groups	pending		
prop-maximal-plane-triangulation-characterisation	pending		U-P
prop-maximally-planar-edge-characterisation	pending		U-P
prop-meagre-subsets-form-a-sigma-ideal	pending		A-P
prop-measure-monotonicity	pending		
prop-measure-of-a-set-difference	pending		
prop-member-equivalence-is-reflexive-and-symmetric	pending		
prop-minimal-polynomial-of-an-invariant-restriction-divides-the-original	pending		
prop-minimum-rank-selection-and-collection	pending		
prop-module-and-jordan-string-block-data-agree	pending		
prop-modules-and-homomorphisms-form-category-rmod	pending		
prop-modules-over-a-field-are-projective-flat-and-injective	pending		
prop-mollifier-families-are-l-one-approximate-identities	pending		U-P
prop-monodromy-acts-by-bijections-and-detects-components	pending		
prop-monoids-and-groups-as-one-object-categories	pending		
prop-morphisms-from-a-homotopically-projective-complex-need-no-roof	pending		
prop-morphisms-into-a-homotopically-injective-complex-need-no-roof	pending		
prop-natural-isomorphisms-are-componentwise-isomorphisms	pending		
prop-natural-transformations-of-base-functors-give-morphisms-of-derived-delta-functors	pending		
prop-nc-one-is-contained-in-l-and-l-in-nc-two	pending		U-P
prop-nearest-point-projection-is-the-tubular-retraction-after-shrinking	pending		U-P
prop-negative-derived-degrees-vanish-for-one-sided-resolutions	pending		
prop-non-negative-square-root-is-a-polynomial-in-the-operator	pending		
prop-noncentral-conjugacy-classes-of-an-extraspecial-p-group-have-size-p	pending		
prop-nonempty-connected-orientable-manifolds-have-exactly-two-orientations	pending		
prop-nonempty-intersections-of-normal-subextensions-are-normal	pending		
prop-normal-and-conormal-bundles-are-smooth-vector-bundles	pending		
prop-normal-closure-is-products-of-conjugates	pending		
prop-normal-form-for-an-ascending-hnn-extension	pending		
prop-normal-p-subgroups-act-trivially-on-simple-modules	pending		
prop-normality-descends-to-intermediate-fields	pending		
prop-normalized-extremal-number-monotonicity	pending		
prop-np-and-conp-are-the-first-levels	pending		U-P
prop-np-is-contained-in-ip	pending		U-P
prop-np-is-contained-in-p-sharpp	pending		U-P
prop-np-is-contained-in-pspace-and-pspace-in-exp	pending		U-P
prop-null-functions-form-a-linear-subspace-and-are-exactly-the-zero-seminorm-class	pending		A-P
prop-null-homotopic-maps-form-a-two-sided-additive-ideal	pending		
prop-null-sets-form-a-sigma-ideal-in-a-complete-space	pending		
prop-null-symmetric-difference-preserves-measure	pending		
prop-number-of-sheets-is-locally-constant	pending		
prop-number-sat-is-in-sharpp	pending		U-P
prop-octahedral-gives-a-triangle-relating-the-cones-of-f-g-and-gf	pending		
prop-odd-two-square-representations-correspond-under-doubling	pending		
prop-of-ab-less-b	pending		
prop-of-multiply-inequalities	pending		
prop-of-product-sign	pending		
prop-of-reciprocal-order	pending		
prop-on-an-oriented-manifold-top-forms-and-signed-densities-correspond	pending		
prop-one-densities-form-a-one-dimensional-vector-space	pending		
prop-open-and-residual-subspaces-of-baire-spaces	pending		A-P
prop-open-subsets-of-euclidean-space-have-the-standard-smooth-structure	pending		
prop-operator-positivity-agrees-with-form-positivity-over-the-reals	pending		
prop-opposite-root-spaces-bracket-to-the-killing-dual-line	existing_finding	terra-lie-02-receipts.json	A-P
prop-order-and-scalar-rules-for-the-nonnegative-integral	pending		A-R
prop-order-centre-and-derived-subgroup-of-a-central-product	pending		
prop-order-of-finite-direct-product	pending		
prop-ordinal-ranking-characterizes-well-foundedness	pending		
prop-ordinary-homology-theories-have-mayer-vietoris-for-cw-covers	pending		
prop-orientations-and-positive-basis-classes-agree-in-positive-dimension	pending		
prop-orthogonal-complements-of-subbundles-are-smooth-subbundles	pending		
prop-orthogonal-projection-formula-and-linearity	pending		
prop-outer-null-sets-are-caratheodory-measurable	pending		
prop-p-is-contained-in-np-intersection-conp	pending		U-P
prop-p-power-roots-of-unity-in-characteristic-p	pending		
prop-parametrized-morse-trajectory-space-is-a-manifold	no_candidate_found	root-pilot.json	
prop-perfect-graphs-are-one-narrow	pending		
prop-ph-containments-and-polynomial-space	pending		A-R
prop-picard-iteration-converges-with-explicit-error-bounds	pending		U-P
prop-pid-module-classification-agrees-with-finite-abelian-group-classification	pending		
prop-plane-forest-has-one-face	pending		U-P
prop-pointwise-orientation-sign-of-a-local-diffeomorphism	pending		
prop-pointwise-supremum-preserves-convexity	pending		
prop-polish-space-countability-conventions-agree	pending		
prop-polynomial-calculus-on-restrictions-and-quotients	pending		
prop-polynomial-coefficient-sequences-and-trimmed-lists-agree	pending		
prop-polynomial-degree-laws-over-a-commutative-ring	pending		
prop-polynomial-module-is-finitely-generated-torsion-with-minimal-annihilator	pending		
prop-polynomially-related-encodings-preserve-polynomial-size	pending		
prop-posets-and-monotone-maps-form-category-poset	pending		
prop-positive-compactly-supported-top-forms-have-positive-integral	pending		
prop-positive-definite-binary-form-criterion	pending		
prop-positive-ext-vanishes-on-a-projective-first-variable	pending		
prop-positive-ext-vanishes-on-an-injective-second-variable	pending		
prop-positive-left-derived-functors-are-effaceable-by-projectives	pending		
prop-positive-left-derived-functors-vanish-on-projective-objects	pending		
prop-positive-right-derived-functors-are-effaceable-by-injectives	pending		
prop-positive-right-derived-functors-vanish-on-injective-objects	pending		
prop-positive-tor-vanishes-when-the-resolved-variable-is-projective	pending		A-R
prop-preorders-as-categories-and-monotone-maps-as-functors	pending		
prop-prime-power-cyclotomic-polynomials-and-the-eisenstein-translate	pending		
prop-primitive-root-iff-unit-group-generator	pending		
prop-products-and-coproducts-of-complexes-are-degreewise-when-they-exist-and-preserve-differentials	pending		
prop-products-of-smooth-manifolds-have-a-canonical-product-smooth-structure	pending		
prop-products-over-small-index-sets	pending		
prop-profinite-completion-of-z-is-the-product-of-all-zp	pending		
prop-projective-ext-is-contravariant-in-the-first-and-covariant-in-the-second-variable	pending		
prop-proper-equivalence-preserves-discriminant-and-primitivity	pending		
prop-proper-morse-exhaustions-exist-on-smooth-manifolds	pending		U-P
prop-proper-morse-slabs-give-complete-connecting-trajectories	pending		U-P
prop-pseudoinversion-is-involutive-adjoint-compatible-and-unitarily-equivariant	pending		
prop-published-prefix-automata-extend-to-factor-avoidance-dfas	pending		
prop-pullback-is-functorial-up-to-canonical-bundle-isomorphism	pending		
prop-pullback-of-covariant-tensors-is-smooth-and-functorial	pending		
prop-pullback-of-forms-is-smooth-functorial-and-preserves-wedges	pending		
prop-pythagorean-parallelogram-and-polarisation-identities	pending		
prop-quadratic-residue-is-representative-independent	pending		
prop-quasi-isomorphisms-contain-identities-and-are-closed-under-composition	pending		
prop-quotient-vector-space-operations-and-projection	pending		A-P
prop-ranks-of-ordinals-and-hierarchy-stages	pending		
prop-rational-series-are-closed-under-sums-and-products	pending		
prop-rayleigh-quotient-and-residual-converge-along-hermitian-power-iteration	pending		
prop-real-and-imaginary-parts-of-a-complex-measure-are-finite-signed-measures	pending		
prop-real-beta-symmetry-and-trigonometric-form	pending		
prop-real-line-mod-integers-is-compact-and-path-connected	pending		
prop-real-line-mod-integers-is-hausdorff	pending		
prop-reciprocity-for-biinfinite-linear-recurrences	pending		
prop-recursive-dehn-function-implies-solvable-word-problem	pending		
prop-reduced-qr-formulas-for-full-rank-pseudoinverses	pending		
prop-reduced-resolvent-identities-for-a-simple-eigenvalue	pending		A-P
prop-related-complete-vector-fields-have-intertwined-flows	pending		
prop-related-vector-fields-have-related-lie-brackets	pending		
prop-relative-algebraic-closure-is-relatively-algebraically-closed	pending		
prop-relative-cw-inclusions-are-cofibrations	pending		A-R
prop-relative-homology-is-functorial-for-maps-of-pairs	pending		
prop-relative-homology-is-invariant-under-homotopy-equivalence-of-arrows	pending		
prop-relative-homology-of-the-empty-and-total-subspace	pending		
prop-relative-transversality-preserves-a-map-on-a-closed-good-region	pending		
prop-representations-with-kernel-containing-a-normal-subgroup-factor-through-the-quotient	pending		
prop-resolvent-cubic-formula-and-discriminant	pending		
prop-restarted-gmres-preserves-cyclewise-minimization-but-not-full-termination	pending		
prop-restricted-duality-is-an-exact-involution-on-category-o	pending		U-P
prop-restriction-and-induction-preserve-projectives	pending		
prop-restriction-is-a-measure	pending		
prop-restrictions-corestrictions-and-products-of-smooth-maps-are-smooth	pending		
prop-retracts-inject-fundamental-groups	pending		U-P
prop-reversal-and-concatenation-of-complex-line-integrals	pending		
prop-reversing-orientation-negates-the-integral	pending		
prop-riemann-graph-area-equals-jordan-content	pending		
prop-right-translation-moves-every-point-of-a-word-metric-space-the-same-bounded-distance	pending		
prop-ring-trace-agrees-with-the-published-field-trace	pending		
prop-rings-and-homomorphisms-form-category-ring	pending		
prop-ritz-residual-formula-for-an-arnoldi-ritz-pair	pending		
prop-root-space-brackets-add-their-roots	existing_finding	terra-lie-02-receipts.json	A-P
prop-satellites-give-the-first-derived-functor	pending		
prop-schur-multiplier-of-a-cyclic-group-is-trivial	pending		U-P
prop-schur-multiplier-of-a-free-group-is-trivial	pending		U-P
prop-second-countability-is-hereditary	pending		
prop-sections-of-a-distribution-form-a-locally-free-module	pending		
prop-sections-of-hom-are-the-same-as-smooth-fibrewise-linear-maps	pending		U-P
prop-self-adjoint-and-normal-matrix-criteria-in-orthonormal-bases	pending		
prop-semicontinuity-agrees-on-the-real-line	pending		
prop-semidirect-product-is-direct-iff-action-is-trivial	pending		
prop-semifinite-measures-make-l-q-representatives-unique	pending		
prop-semisimple-rings-have-vanishing-positive-tor-and-ext	pending		A-R
prop-separable-spaces-are-ccc	pending		
prop-set-limsup-and-liminf-membership	pending		
prop-sets-and-functions-form-category-set	pending		
prop-sharpp-is-closed-under-sum-and-product	pending		
prop-shift-preserves-chain-homotopy-equivalences-contractibility-and-quasi-isomorphisms	pending		
prop-shifted-qr-preserves-upper-hessenberg-form	pending		
prop-sigma-algebras-are-lambda-systems-and-monotone-classes	pending		
prop-sigma-finite-section-measure-functions-are-measurable	pending		A-R
prop-signed-null-sets-are-exactly-the-sets-of-zero-total-variation	pending		
prop-simple-eigenvalue-condition-number-is-norm-x-norm-y-over-y-star-x	pending		
prop-simple-eigenvalues-admit-left-right-normalization	pending		
prop-simple-integrals-are-bounded-by-total-variation	pending		A-P
prop-simple-reflection-embedding-of-verma-modules	pending		U-P
prop-simple-spectral-projector-is-scale-invariant	pending		
prop-simplicial-homology-is-functorial	pending		
prop-simplicial-homology-of-a-disjoint-union-is-the-direct-sum	pending		
prop-simultaneous-attachment-at-a-morse-critical-value	pending		U-P
prop-singular-chain-cross-products-are-natural	pending		
prop-singular-chains-and-homology-are-covariantly-functorial	pending		
prop-singular-homology-is-invariant-under-deformation-retracts	pending		
prop-singular-homology-of-a-disjoint-union-is-the-direct-sum	pending		U-P
prop-singular-values-are-well-defined	pending		
prop-size-of-functor-categories	pending		
prop-smith-normal-form-algorithm-over-a-euclidean-domain	pending		
prop-smooth-maps-are-continuous	pending		U-P
prop-smooth-sections-form-a-module-over-smooth-functions	pending		
prop-smoothness-into-an-embedded-submanifold-is-an-initial-property	pending		
prop-smoothness-is-local-on-the-source	pending		
prop-smoothness-of-a-bundle-map-is-equivalent-to-smooth-local-matrices	pending		
prop-smoothness-of-a-map-on-an-embedded-submanifold-is-local-in-the-ambient-space	pending		
prop-smoothness-of-a-section-is-equivalent-to-smooth-local-components	pending		
prop-smoothness-of-a-tensor-field-is-equivalent-to-smooth-coordinate-components	pending		
prop-smoothness-of-a-vector-field-is-equivalent-to-smooth-coordinate-components	pending		
prop-socle-is-characteristic-and-admits-a-direct-product-decomposition	pending		
prop-solutions-compose-under-a-change-of-initial-time	pending		
prop-solvability-of-the-word-problem-is-independent-of-a-finite-generating-set	pending		
prop-spectral-numerical-rank-counts-singular-values-above-the-declared-threshold	pending		
prop-spectrum-is-an-isomorphism-invariant	no_candidate_found	root-spectral-01-receipts.json	
prop-splitting-field-of-x-n-minus-a	pending		
prop-standard-circle-loops-have-their-integer-degrees	pending		
prop-standard-coordinate-inner-products	pending		
prop-star-shaped-plane-domains-are-homologically-simply-connected	pending		
prop-stieltjes-interval-set-function-is-finitely-additive	pending		
prop-subfields-of-rational-cyclotomic-fields-are-abelian-over-the-rationals	pending		
prop-subspace-weight-and-character-inequalities	pending		
prop-sums-and-scalar-multiples-of-complex-power-series	pending		
prop-suspension-preserves-sphere-map-degree	pending		U-P
prop-symmetric-polynomials-form-a-subring	pending		
prop-symmetrization-and-alternation-are-projections	pending		
prop-tangent-plane-is-invariant-under-regular-reparametrization	pending		
prop-tangent-space-of-a-regular-level-set-is-the-kernel	pending		
prop-tangent-space-of-the-boundary-is-the-boundary-tangent-hyperplane	pending		
prop-tensor-product-of-multilinear-tensors-is-associative-and-bilinear	pending		
prop-tensor-products-and-contractions-of-smooth-tensor-fields-are-smooth	pending		
prop-tensoring-with-a-finite-dimensional-module-preserves-category-o	pending		U-P
prop-the-absolute-value-of-a-top-form-is-a-density	pending		
prop-the-canonical-functor-from-complexes-to-the-homotopy-category-is-additive	pending		
prop-the-canonical-map-to-a-quotient-bundle-is-a-smooth-bundle-map	pending		
prop-the-canonical-maps-into-a-central-product-are-injective-with-commuting-images	pending		
prop-the-coimage-projection-is-epic-and-the-image-inclusion-is-monic	pending		
prop-the-coinvariants-functor-is-right-exact	pending		
prop-the-cokernel-of-a-zero-morphism-out-of-the-zero-object-is-an-isomorphism	pending		
prop-the-cone-connecting-map-agrees-with-the-shifted-identity-up-to-the-declared-sign	pending		U-P
prop-the-cone-construction-commutes-with-shift-up-to-the-canonical-sign-isomorphism	pending		
prop-the-cone-object-of-a-map-is-unique-up-to-nonunique-isomorphism	pending		
prop-the-cone-of-the-zero-map-is-the-direct-sum-with-a-shift	pending		
prop-the-cone-triangle-of-a-null-homotopic-map-splits-in-the-homotopy-category	pending		
prop-the-connecting-morphism-vanishes-for-a-chain-split-short-exact-sequence	pending		
prop-the-critical-value-set-of-a-smooth-map-is-sigma-compact	pending		
prop-the-diagonal-is-an-embedded-submanifold	pending		
prop-the-dihedral-and-quaternion-groups-of-order-eight-are-extraspecial	pending		
prop-the-empty-biproduct-is-a-zero-object	pending		
prop-the-end-of-a-functor-mute-in-its-first-variable-is-the-limit-of-that-functor	pending		
prop-the-ext-balance-isomorphism-is-natural-in-both-variables	pending		
prop-the-ext-balance-isomorphisms-satisfy-change-of-resolution-cocycle-laws	pending		A-R
prop-the-exterior-derivative-commutes-with-restriction	pending		U-P
prop-the-exterior-derivative-does-not-enlarge-support	pending		
prop-the-exterior-derivative-is-local	pending		
prop-the-flow-of-a-vector-field-tangent-to-a-closed-embedded-submanifold-preserves-it	pending		
prop-the-full-subcategory-of-acyclic-complexes-is-thick-in-the-homotopy-category	pending		
prop-the-generating-vector-field-is-invariant-under-its-flow	pending		
prop-the-graph-faces-of-an-adapted-presentation-carry-the-outward-normal	pending		
prop-the-graph-of-a-smooth-map-is-an-embedded-submanifold	pending		
prop-the-grothendieck-group-of-o-has-simple-and-standard-bases	pending		U-P
prop-the-heisenberg-group-of-order-p-cubed-is-a-nonabelian-group-of-order-p-cubed	pending		
prop-the-heisenberg-group-of-order-p-cubed-is-extraspecial-and-has-exponent-p-for-odd-p	pending		
prop-the-image-of-a-lower-dimensional-c1-manifold-is-null	pending		U-P
prop-the-image-of-a-smooth-embedding-is-an-embedded-submanifold	pending		
prop-the-inclusion-of-an-embedded-submanifold-is-a-smooth-embedding	pending		
prop-the-integers-have-weak-and-global-dimension-one	pending		A-R
prop-the-invariants-functor-is-left-exact	pending		
prop-the-iterated-free-module-resolution-is-canonical-in-zf	pending		
prop-the-kernel-of-a-monomorphism-is-zero-and-the-cokernel-of-an-epimorphism-is-zero	pending		
prop-the-kunneth-cross-product-is-graded-commutative-under-the-twist-map	pending		U-P
prop-the-localization-functor-sends-quasi-isomorphisms-to-isomorphisms	pending		
prop-the-maximal-solution-domain-is-open	pending		
prop-the-modular-group-of-order-p-cubed-is-extraspecial-and-has-exponent-p-squared-for-odd-p	pending		
prop-the-nonnegative-integral-agrees-with-the-simple-integral	pending		A-P
prop-the-null-set-definition-is-independent-of-the-smooth-atlas	pending		A-P
prop-the-p-functional-is-not-a-norm-for-zero-less-p-less-one	pending		
prop-the-path-metric-of-a-connected-simple-graph-is-quasi-geodesic-with-constants-one-and-one	pending		
prop-the-quadratic-casimir-element-is-central	existing_finding	terra-lie-02-receipts.json	U-P
prop-the-quasi-isometry-group-is-a-group-and-quasi-isometric-spaces-have-isomorphic-quasi-isometry-groups	pending		
prop-the-quaternion-group-has-order-eight-and-a-unique-element-of-order-two	pending		
prop-the-quotient-of-a-finitely-generated-group-by-a-finite-normal-subgroup-is-a-quasi-isometry	pending		
prop-the-quotient-of-the-mapping-cylinder-by-its-source-is-the-mapping-cone	pending		
prop-the-radon-nikodym-derivative-is-integrable-exactly-when-the-absolutely-continuous-part-is-finite	pending		
prop-the-roots-of-unity-in-a-field-form-a-finite-cyclic-group	pending		
prop-the-shapovalov-radical-is-the-maximal-submodule	pending		
prop-the-smooth-structure-of-an-embedded-submanifold-is-unique	pending		
prop-the-tangent-bundle-construction-is-functorial	pending		
prop-the-tangent-bundle-projection-and-zero-section-are-smooth	pending		
prop-the-target-is-a-strong-deformation-retract-of-the-mapping-cylinder	pending		
prop-the-top-exterior-power-is-one-dimensional	pending		
prop-the-tor-balance-isomorphism-is-natural-and-coherent-under-change-of-resolutions	pending		A-R
prop-the-total-kernel-of-a-cohomological-functor-is-thick	pending		
prop-the-total-space-of-a-rank-r-bundle-has-dimension-dim-m-plus-r	pending		
prop-the-two-ext-long-exact-sequences-agree-under-balance	pending		
prop-the-underlying-set-functor-on-fields-has-no-left-adjoint	pending		
prop-the-word-metric-is-the-largest-left-invariant-metric-giving-every-generator-distance-at-most-one-from-the-identity	pending		
prop-the-yoneda-product-agrees-with-the-derived-ext-composition-product	pending		
prop-the-zero-morphism-of-a-preadditive-category-is-the-neutral-element-of-its-hom-group	pending		
prop-the-zero-section-is-a-smooth-embedding	pending		
prop-three-square-congruence-obstruction	pending		
prop-tietze-transformations-preserve-presented-groups	pending		
prop-tikhonov-regularisation-has-singular-filter-factors	pending		
prop-time-dependent-evolution-satisfies-the-two-time-cocycle-law	pending		
prop-time-t-flow-maps-are-diffeomorphisms-between-open-domains	pending		
prop-topological-domain-equicontinuity-agrees-with-metric-equicontinuity	pending		
prop-topological-manifolds-are-locally-compact-and-locally-path-connected	pending		
prop-topological-spaces-and-continuous-maps-form-category-top	pending		
prop-topological-sums-of-cech-complete-spaces	pending		
prop-tor-dimension-shifting	pending		A-R
prop-tor-zero-is-the-tensor-product-in-either-construction	pending		A-R
prop-torsion-and-primary-components-are-submodules-over-a-domain	pending		
prop-torsion-free-abelian-groups-are-flat	pending		A-R
prop-total-derived-functors-send-distinguished-triangles-to-distinguished-triangles	pending		
prop-trace-is-linear	pending		
prop-transitive-closure-minimality	pending		
prop-transitivity-of-flatness-under-change-of-rings	pending		
prop-transpose-laws	pending		
prop-transpose-preserves-identities-and-reverses-composition	pending		
prop-transversality-is-invariant-under-diffeomorphic-change-of-source-and-target	pending		
prop-transversality-is-stable-on-a-compact-source	pending		
prop-transversality-to-a-point-is-the-regular-value-condition	pending		
prop-transverse-intersections-of-coordinate-slices-have-the-expected-local-form	pending		
prop-triangle-integrals-give-a-primitive-on-a-star-shaped-domain	pending		
prop-truncated-l-one-metric-metrises-convergence-in-measure-on-finite-measure-spaces	pending		
prop-truncated-svd-and-tikhonov-are-hard-and-smooth-spectral-filters	pending		
prop-truth-table-implies-turing-reduction	pending		U-P
prop-two-classical-counterexamples-in-polar-coordinates	pending		
prop-two-isomorphism-components-of-a-morphism-of-triangles-force-the-third	pending		
prop-two-set-measure-identity	pending		
prop-two-transitive-groups-have-affine-or-almost-simple-socle-type	pending		A-R
prop-two-tubular-neighbourhood-germs-are-isomorphic-near-the-zero-section	pending		
prop-unique-abelian-minimal-normal-subgroup-gives-affine-type	pending		
prop-uniqueness-of-hensel-factor-lifting	pending		
prop-unit-square-has-jacobi-symbol-one	pending		
prop-units-in-a-localisation	pending		
prop-units-in-an-adically-complete-ring	pending		
prop-units-in-the-holomorphic-germ-ring	pending		
prop-universal-central-extension-group-is-superperfect	pending		U-P
prop-universal-property-of-an-hnn-extension	pending		
prop-unreduced-pair-and-reduced-quotient-axioms-are-equivalent-on-cw-pairs	no_candidate_found	anonymous-pilot.json	
prop-unshifted-qr-is-orthonormalised-simultaneous-iteration-and-preserves-unitary-similarity	pending		
prop-vandermonde-square-is-symmetric	pending		
prop-vandermonde-transforms-by-sign-under-the-galois-action	pending		
prop-vector-annihilator-is-well-defined	pending		
prop-vector-spaces-and-linear-maps-form-category-vect	pending		
prop-verma-and-finite-dimensional-modules-lie-in-category-o	pending		U-P
prop-verma-composition-multiplicities-are-finite	pending		U-P
prop-verma-homomorphisms-are-singular-vectors	pending		
prop-weak-global-dimension-is-at-most-corresponding-global-dimension	no_candidate_found	tor-pilot.json	
prop-wedge-and-interior-product-satisfy-the-graded-anticommutation-identity	pending		
prop-weights-of-a-verma-module-lie-below-lambda	pending		
prop-well-foundedness-and-descending-sequences	pending		
prop-winding-number-under-reversal-and-concatenation	pending		
prop-word-metric-balls-are-finite-exactly-when-the-generating-set-is-finite	pending		A-P
prop-yoneda-product-is-composition-in-the-derived-category	pending		
prop-zero-and-split-triangles-are-distinguished	no_candidate_found	anonymous-pilot.json	
prop-zero-cocycles-in-the-hom-complex-are-chain-maps	pending		
prop-zero-dimensional-hausdorff-measure-counts	pending		
prop-zero-homology-does-not-make-an-object-zero-in-the-homotopy-category	pending		
prop-zero-object-induces-zero-morphisms	pending		
prop-zero-th-simplicial-homology-is-free-on-connected-components	pending		
prop-zero-th-singular-homology-is-free-on-path-components	pending		
prop-zp-is-topologically-generated-by-one	pending		
rem-a-bounded-functional-on-l-infinity-of-unit-interval-need-not-come-from-l-one	pending		
rem-a-monad-is-a-monoid-in-the-endofunctor-category-only-when-that-category-exists	pending		
rem-absolute-continuity-conventions-and-hierarchy-agreement	pending		
rem-absolutely-continuous-function	pending		
rem-additivity-is-a-property-of-an-abelian-category-and-not-part-of-its-data	pending		
rem-adian-rabin-undecidability-for-markov-properties	pending		
rem-agreement-between-classical-and-nevanlinna-picard-theorems	pending		
rem-agreement-with-c2-holomorphic-components-are-harmonic	pending		
rem-agreement-with-the-existing-infinitude-of-primes	pending		
rem-aleph-one-dowker-space-open	pending		
rem-algorithmic-role-of-onan-scott	pending		
rem-ambient-orientability-is-not-required-for-morse-smale-transversality	pending		
rem-analytic-equivalences-from-global-cauchy-theory	pending		
rem-artin-and-minimum-modulus-proofs-of-the-fundamental-theorem-of-algebra	pending		
rem-baire-category-choice-strength	pending		A-R
rem-baire-in-r-is-choice-free	pending		
rem-banach-tarski	existing_confirmed_finding_index_reconciliation_needed_not_u_p	prior-findings-receipts.json	
rem-banach-zarecki	pending		
rem-bass-guivarch-growth-degree-formula	pending		U-P
rem-being-braided-is-a-property-of-a-monoidal-functor	pending		
rem-biholomorphisms-are-conformal-with-holomorphic-inverse	pending		
rem-binary-trees-and-triangulations-here-are-combinatorial-objects	pending		
rem-blass-model-without-ultrafilters	pending		U-P
rem-blockade-conventions-and-order	pending		
rem-borel-product-equality-needs-second-countability	pending		
rem-bounded-derivative-design-correction	pending		
rem-brauers-cyclotomic-splitting-field-criterion-is-not-proved-here	pending		
rem-brent-salamin-agm-algorithm	pending		
rem-cantor-function-increases-only-on-a-null-set	pending		
rem-caratheodory-also-constructs-the-product-measure	pending		
rem-caratheodory-measurability-versus-differentiability	pending		
rem-cardinal-arithmetic-choice-ledger	pending		
rem-carleson-hunt-almost-everywhere-convergence	pending		U-P
rem-category-theory-class-and-size-conventions	pending		
rem-catenarity-boundary	pending		
rem-cauchy-kovalevskaya-proof-boundary	pending		U-P
rem-cauchy-kovalevskaya-theorem-for-a-noncharacteristic-analytic-cauchy-problem	pending		U-P
rem-cauchy-principal-value-dictionary	pending		
rem-cfsg-refinements-of-the-onan-scott-reduction	pending		
rem-characteristics-are-covectors-before-they-are-curves	pending		
rem-characteristics-do-not-select-a-post-crossing-weak-solution	pending		
rem-choice-behind-limit-and-colimit-functors	pending		
rem-choice-costs-of-vitali-bernstein-and-free-ultrafilters	pending		U-P
rem-choice-ledger	pending		U-P
rem-choice-ledger-for-the-adjoint-functor-theorems	pending		
rem-choice-strength-of-hahn-banach	pending		U-P
rem-choice-strength-of-runge-and-mittag-leffler	pending		
rem-choice-strength-of-the-grand-equivalence	pending		
rem-choice-strength-of-the-riemann-mapping-proof	pending		
rem-choice-strengths	pending		
rem-circle-quotient-model-agrees-with-published-examples	pending		
rem-classical-counterparts-for-trigonometry-free-oscillators	pending		
rem-classical-oscillator-is-sine-of-one-over-x	pending		
rem-classification-of-finite-simple-groups	pending		U-P
rem-cohen-first-model	pending		U-P
rem-cohen-forcing-ac-independent	pending		
rem-compact-critical-band-is-the-local-handle-theorem-hypothesis	pending		U-P
rem-compactness-choice-ledger-metric	pending		
rem-compactness-conventions-and-choice-ledger	pending		U-P
rem-complete-convergence-implication-diagram	pending		U-P
rem-complete-metrizability-is-the-topological-shadow	pending		U-P
rem-completeness-routes	pending		
rem-complex-contours-as-planar-rectifiable-paths	pending		
rem-complex-euclidean-space-dictionary	pending		
rem-complex-infinite-product-dictionary	pending		
rem-complex-plane-euclidean-dictionary	pending		
rem-complex-versus-banach-open-mapping-theorems	pending		
rem-conjugates-preserve-isomorphisms-but-arbitrary-mates-need-not	pending		
rem-connectedness-conventions	pending		
rem-constructions-this-page-stops-short-of	pending		
rem-continuous-dual-completeness-and-pairing	pending		
rem-continuum-hypothesis	pending		
rem-conventions-for-prime-graphs	pending		
rem-convexity-conventions-and-choice	pending		
rem-countability-axiom-implication-and-choice-ledger	pending		
rem-counting-conventions-and-scope	pending		
rem-covering-maps-among-complete-analytic-functions	pending		
rem-critical-hausdorff-measure-can-be-zero-finite-or-infinite	pending		
rem-cycle-index-and-polya-naming-conventions	pending		
rem-cyclic-and-alternating-simple-families	pending		
rem-cylinder-sigma-algebra-versus-full-product-power-set	pending		
rem-darboux-lhopital-taylor-scope	pending		
rem-decomposition-into-irreducible-summands-need-not-be-unique	pending		
rem-defect-groups-and-brauer-main-theorems	pending		U-P
rem-derivative-conventions	pending		
rem-derived-functors-are-well-defined-relative-to-supplied-resolution-data	pending		
rem-dini-derivatives-specialise-the-published-derivative	pending		
rem-dirichlet-series-continuation-and-regularized-sums	pending		
rem-discontinuous-functionals-on-banach-spaces-and-choice	pending		
rem-distinct-odd-proof-agreement	pending		
rem-domain-hypotheses-for-closed-versus-exact	pending		
rem-dominated-convergence-theorem	pending		U-P
rem-dowker-spaces	existing_explicit_phase_3_debt_not_new_u_p	prior-findings-receipts.json	
rem-du-bois-reymond-divergent-fourier	pending		
rem-dual-of-l-infinity	pending		
rem-duality-as-a-dual-space-statement	pending		U-P
rem-e-plus-pi-irrationality-open	pending		
rem-egorov-theorem	pending		
rem-elements-of-l-p-are-equivalence-classes-and-pointwise-statements-require-a-representative	pending		
rem-ell-p-is-l-p-of-counting-measure	pending		
rem-enriched-naturality-is-strictly-stronger-than-ordinary-naturality	pending		
rem-equidimensionality-hypotheses	pending		U-P
rem-euclidean-topology-dictionary	pending		
rem-euler-product-agrees-with-the-published-multiset-corollary	pending		
rem-every-diagram-commutes-is-false-as-stated	pending		
rem-exponential-roadmap-and-circularity	pending		
rem-extended-real-conventions	pending		
rem-fatou-lemma	pending		
rem-feferman-levy-model	existing_confirmed_finding_index_reconciliation_needed_not_u_p	prior-findings-receipts.json	
rem-feferman-no-free-ultrafilter-in-zf	pending		U-P
rem-feit-thompson-odd-order-theorem	pending		U-P
rem-fibre-is-scheme-not-point-set	pending		
rem-finite-counting-measure-holder-and-cauchy-schwarz-agree-with-published-finite-inequalities	pending		
rem-finite-counting-measure-minkowski-agrees-with-the-published-finite-theorem	pending		
rem-finite-measure-implication-table-for-the-main-modes-of-convergence	pending		
rem-finite-probability-space-definition-agreement	pending		
rem-finite-product-measures-are-the-base-case-for-countable-product-constructions	pending		
rem-finite-simple-graph-convention	pending		
rem-finite-simple-groups-of-lie-type-as-named-families	pending		
rem-finitely-generated-abelian-groups-admit-invariant-factor-normal-form	pending		
rem-floating-point-conjugate-gradients-can-lose-orthogonality-conjugacy-and-finite-termination	pending		
rem-fox-sudakov-quantitative-density-theorem	pending		U-P
rem-fraenkel-socks-model	pending		A-P
rem-free-product-and-amalgamation-conventions	pending		
rem-ftc-absolutely-continuous	pending		U-P
rem-ftc-roadmap	pending		
rem-fubini-counting-measure-diagonal	pending		
rem-fubini-should-be-applied-after-tonelli-on-absolute-values	pending		
rem-fubini-tonelli	pending		
rem-function-space-conventions	pending		
rem-fundamental-theorem-of-algebra-proof-routes	pending		
rem-fundamental-theorem-of-algebra-via-liouville	pending		
rem-fundamental-theorem-of-algebra-via-rouche	pending		U-P
rem-gch-implies-ac	pending		
rem-general-complete-metric-baire-proof-would-overstate-the-choice-cost	pending		U-P
rem-general-inequalities-restrict-to-the-published-finite-ones	pending		
rem-generator-separator-and-the-three-inequivalent-looking-definitions	pending		
rem-gibbs-phenomenon	pending		
rem-gitik-all-uncountable-cardinals-singular	pending		
rem-godel-constructible-universe	pending		
rem-greens-theorem-jordan-domain-limitation	pending		
rem-grigorchuk-groups-of-intermediate-growth	pending		U-P
rem-gromov-polynomial-growth-theorem	pending		U-P
rem-grothendieck-universe-orientation	pending		
rem-groups-with-unsolvable-conjugacy-problem	pending		
rem-hahn-banach-discontinuous-additive-open	pending		U-P
rem-hahn-banach-hamel-basis-open	pending		U-P
rem-hahn-banach-open-choice-questions	pending		U-P
rem-halpern-levy-bpi-not-ac	pending		U-P
rem-hausdorff-cover-conventions-and-normalisation	pending		
rem-hausdorff-dimension-orients-the-weierstrass-graph	pending		U-P
rem-heine-criterion-choice-cost	pending		
rem-henstock-kurzweil-and-lebesgue-integral-comparison-on-a-compact-interval	pending		
rem-henstock-kurzweil-vs-lebesgue	pending		
rem-hereditary-and-productive-separation-ledger	pending		
rem-higman-neumann-neumann-embedding-theorem	pending		
rem-hilbert-transform-characterisation-of-pi	pending		
rem-history-of-the-first-generation-classification	pending		
rem-holder-minkowski-integral	pending		
rem-holomorphic-logarithm-and-principal-power-dictionary	pending		
rem-homological-simple-connectivity-conventions	pending		
rem-how-much-of-the-theory-needs-symmetry-closedness-and-completeness	pending		
rem-hypersurface-chart-measure-and-hausdorff-measure-agreement	pending		
rem-improper-integral-conventions-and-scope	pending		
rem-improper-riemann-not-lebesgue	pending		
rem-independence-of-ch-and-gch	pending		
rem-induced-representation-agrees-with-the-tensor-product-model	pending		
rem-integral-conventions-and-scope	pending		U-P
rem-inverse-image-versus-pullback	pending		
rem-isbells-argument-that-isomorphic-objects-cannot-simply-be-identified	pending		
rem-jacobian-conjecture	pending		
rem-jordan-rectifiable-terminology	pending		
rem-kolmogorov-block-polynomials-have-large-partial-sum-maxima	pending		U-P
rem-kolmogorov-divergent-fourier	pending		
rem-kolmogorov-extension-state-space-boundary	pending		U-P
rem-kolmogorov-lone-fourier-series-diverges-almost-everywhere	pending		U-P
rem-kronecker-weber	pending		
rem-l-spaces-and-s-spaces	pending		
rem-lattice-path-conventions	pending		
rem-lebesgue-differentiation-theorem	pending		
rem-lebesgue-extension-of-manifold-density-integration	pending		
rem-lebesgue-measure-and-integral	pending		
rem-lebesgue-monotone-differentiation	pending		
rem-lebesgue-stieltjes-convention-ledger	pending		
rem-limits-of-the-elliptic-parabolic-hyperbolic-trichotomy	pending		
rem-lindemann-weierstrass-theorem	pending		
rem-linear-change-of-variables-for-jordan-content-and-lebesgue-measure	pending		
rem-local-degree-argument-principle-agreement	pending		
rem-local-uniform-convergence-dictionary-on-plane-domains	pending		
rem-locally-uniform-convergence-dictionary	pending		
rem-logarithm-roadmap-and-circularity	pending		
rem-loglog-quantitative-density-theorem	pending		U-P
rem-lone-fourier-series-can-diverge-almost-everywhere	pending		U-P
rem-low-rank-coincidences-and-duplicate-family-names	pending		
rem-lp-completeness-and-the-banach-property	pending		
rem-lp-duality-in-abstract-language	pending		
rem-lp-separability	pending		
rem-lp-spaces-are-banach-spaces	pending		
rem-lusin-theorem	pending		
rem-lyapunov-inequality-is-equivalent-to-log-convexity-of-p-to-log-norm	pending		
rem-mac-lanes-original-conditions-and-what-became-of-them	pending		
rem-malcev-finitely-generated-linear-groups-are-residually-finite	pending		U-P
rem-manifold-conventions-and-the-role-of-second-countability	pending		U-P
rem-martins-axiom	pending		
rem-maschke-failure-in-defining-characteristic	pending		U-P
rem-maximal-versus-maximum-matching	pending		
rem-maximum-principles-need-domain-and-boundary-hypotheses	pending		U-P
rem-measurable-function-codomain-convention	pending		
rem-metric-axiom-conventions	pending		
rem-metric-spaces-have-sigma-discrete-bases	pending		U-P
rem-mini-vitali-covering-theorem	pending		
rem-mixed-characteristic-cohen-structure-boundary	pending		
rem-module-categories-have-enough-injectives-is-already-published	pending		
rem-modules-and-the-word-homogeneous	pending		
rem-monodromy-corollary-agrees-with-the-earlier-simply-connected-logarithm-theorems	pending		
rem-monoidal-functor-means-different-things-in-different-sources	pending		
rem-monotone-convergence-theorem	pending		
rem-morse-does-not-mean-distinct-critical-values	pending		
rem-morse-smale-residuality-does-not-assert-simultaneous-genericity-for-all-data	pending		U-P
rem-multidimensional-riemann-conventions-and-scope	pending		
rem-necklace-count-agrees-with-the-published-cycle-construction	pending		
rem-noetherian-conventions-and-choice	pending		A-P
rem-noetherian-hypotheses-do-not-descend-to-subrings	pending		
rem-nonabelian-extension-obstruction-and-h-two-torsor	pending		
rem-nonabelian-extension-obstruction-in-h-three	pending		U-P
rem-nonamenable-groups-without-nonabelian-free-subgroups	pending		U-P
rem-noncompact-flow-completeness-is-an-extra-hypothesis	pending		U-P
rem-noncompact-morse-genericity-is-not-an-open-dense-claim	pending		
rem-nonmonogenic-number-field-source-obligation	pending		
rem-normal-moore-space-conjecture	pending		
rem-normality-of-pi-open	pending		
rem-novikov-boone-undecidability-of-the-word-problem	pending		
rem-null-set-not-discontinuity-set	pending		
rem-nullity-and-nowhere-density-remain-independent-for-lebesgue-measure	pending		
rem-objectwise-double-dual-isomorphisms-do-not-supply-a-pivotal-structure	pending		
rem-omega-one-and-the-cost-of-choice	pending		U-P
rem-onan-scott-eight-type-and-five-type-conventions	pending		A-R
rem-open-mapping-theorem-via-argument-principle	pending		
rem-oracle-and-promise-conventions-are-distinct	pending		U-P
rem-ordinal-versus-cardinal-exponentiation	pending		
rem-orientation-and-notation-conventions-for-ends-coends-and-twisted-arrows	pending		
rem-paracompactness-choice-and-convention-ledger	no_candidate_found	terra-partitions-01-receipts.json	
rem-permutation-statistics-conventions	pending		
rem-pivotal-and-spherical-structures-vary-by-monoidal-automorphisms-of-the-identity	pending		
rem-plane-harmonic-theory-is-owned-by-complex-analysis	pending		
rem-plane-star-shaped-and-convex-dictionary	pending		
rem-polar-coordinates-recover-the-published-ball-volume-and-gaussian-formulas	pending		
rem-polynomial-identity-bounds-for-sum-check	pending		A-R
rem-polynomials-are-not-polynomial-functions	pending		
rem-products-need-scheme-fibre-products	pending		U-P
rem-projective-coordinate-ring-not-function-ring	pending		U-P
rem-projective-modules-are-flat-is-supplied-by-mod-three	no_candidate_found	tor-pilot.json	
rem-projective-representations-and-the-schur-multiplier	pending		
rem-proof-cost-of-the-carleson-hunt-theorem	pending		U-P
rem-properties-can-change-after-field-extension	pending		
rem-r-native-topology-scope	pending		
rem-ramanujan-chudnovsky-pi-series	pending		
rem-rapl-carries-no-size-hypothesis	pending		
rem-real-and-complex-normed-space-convention	pending		
rem-real-exponents-deferred	pending		
rem-rearrangement-in-higher-dimensions	pending		
rem-reciprocal-root-convention-for-recurrences	pending		
rem-riemann-integral-choice-ledger	pending		
rem-riemann-sphere-one-point-compactification	pending		
rem-riemann-stieltjes-conventions-and-scope	pending		U-P
rem-riesz-fischer	no_candidate_found	root-pilot.json	
rem-riesz-markov-kakutani	pending		
rem-riesz-representation-name-split	pending		
rem-rigidity-alone-does-not-make-a-tensor-category	pending		
rem-rmk-functional-analysis-uses	pending		
rem-rn-conventions-and-scope	pending		U-P
rem-routes-to-the-catalan-count	pending		
rem-roydens-vitali-route-is-a-third-proof	pending		
rem-sauer-shelah-uses-no-linear-algebra	pending		
rem-schechter-kelley-tychonoff	pending		U-P
rem-schreier-conjecture-as-a-cfsg-consequence	pending		
rem-schur-zassenhaus-conjugacy-in-full-generality	pending		
rem-schwarz-reflection-as-analytic-continuation	pending		
rem-sections-not-determined-by-single-stalk	pending		
rem-semicontinuous-not-ae-riemann	pending		
rem-separability-is-essential-for-finite-integral-closure	pending		
rem-separate-regularity-and-joint-continuity-in-the-real-and-complex-cases	pending		
rem-separation-axiom-conventions	pending		U-P
rem-sequence-conventions	pending		
rem-several-variable-conventions-and-the-identity-theorem-gap	pending		
rem-sharp-and-classical-fundamental-theorems-of-calculus-agreement	pending		
rem-shelah-inaccessible-and-the-baire-property	existing_confirmed_finding_index_reconciliation_needed_not_u_p	prior-findings-receipts.json	
rem-sierpinski-iterated-integrals	pending		
rem-sierpinski-ultrafilter-not-measurable	pending		U-P
rem-sieve-pigeonhole-and-double-counting-conventions	pending		
rem-sigma-locally-finite-base-produces-compatible-normal-sequence	pending		U-P
rem-sign-patterns-in-the-four-square-identity	pending		
rem-simple-groups-as-composition-factors	pending		
rem-simply-connected-convention-for-plane-domains	pending		
rem-sine-period-arc-length-integrand-is-nonelementary	pending		U-P
rem-size-of-natural-transformation-collections	pending		
rem-skolem-construction-produces-a-steiner-triple-system	pending		U-P
rem-smooth-and-topological-partition-theorems-have-different-proof-costs	pending		
rem-solovay-model	existing_confirmed_finding_index_reconciliation_needed_not_u_p	prior-findings-receipts.json	
rem-spec-contravariance-and-points	pending		
rem-square-and-club-guessing-orientation	pending		
rem-stallings-theorem-on-ends-and-splittings	pending		U-P
rem-standard-upper-semicontinuous-subharmonic-convention	pending		
rem-standing-hypotheses-for-ordinary-character-theory	pending		
rem-status-of-the-second-generation-proof	pending		
rem-stirling-number-and-egf-conventions	pending		
rem-stone-theorem-choice-strength	pending		
rem-strength-order-of-the-nonnegative-tests	pending		
rem-strictification-gives-equivalence-and-never-isomorphism	pending		
rem-strong-perfect-graph-theorem-for-the-bull-route	pending		U-P
rem-strong-whitney-embedding-theorem	pending		
rem-strong-whitney-immersion-theorem	pending		
rem-substituting-perfect-graphs-preserves-perfection-for-the-bull-route	pending		U-P
rem-sums-proved-to-exist-but-not-evaluated	pending		
rem-sup-conventions	pending		
rem-suslin-hypothesis-independent	pending		
rem-suslin-line-non-ccc-square-unverified	pending		U-P
rem-tarski-truth-definition-interface	pending		
rem-taylor-coefficient-formula-agreement	pending		
rem-tensor-category-terminology-is-source-dependent	pending		
rem-the-associator-runs-the-other-way-in-mac-lane	pending		
rem-the-attribution-of-the-unit-redundancies	pending		
rem-the-axiom-labels-and-where-they-come-from	pending		
rem-the-borel-hierarchy-never-stabilizes	pending		U-P
rem-the-boundary-of-the-fusion-category-development	pending		
rem-the-choice-behind-assembling-an-adjoint	pending		
rem-the-choice-cost-of-strictification	pending		
rem-the-choice-cost-of-urysohns-lemma-and-of-tietzes-theorem	pending		U-P
rem-the-classical-zeta-region-is-not-a-uniform-dirichlet-l-region	pending		U-P
rem-the-commutative-monoid-case	pending		
rem-the-connecting-morphism-depends-on-no-choices	pending		
rem-the-cost-of-the-member-calculus	pending		
rem-the-covering-criterion-and-the-member-calculus-are-the-same-tool	pending		
rem-the-diagonal-convention-in-self-density	pending		
rem-the-erdos-hajnal-conjecture	pending		
rem-the-exact-scope-of-the-coherence-statement	pending		
rem-the-exact-sequence-additivity-of-trace-and-its-missing-hypotheses	pending		
rem-the-field-is-a-hypothesis-of-every-bound-on-this-page	pending		
rem-the-freyd-mitchell-embedding-theorem	pending		U-P
rem-the-hairy-ball-theorem-for-even-dimensional-spheres	pending		
rem-the-history-of-the-coherence-theorem	pending		
rem-the-image-preimage-adjunctions-explain-the-published-preservation-laws	pending		
rem-the-left-right-naming-clash	pending		
rem-the-lone-endpoint-is-excluded-from-carleson-hunt	pending		U-P
rem-the-matrix-category-is-the-finite-biproduct-completion-of-a-ring	pending		
rem-the-order-of-the-tensor-factors-in-composition	pending		
rem-the-p-equals-infinity-case-is-recorded-not-proved-here	pending		U-P
rem-the-particular-yoneda-end-and-the-enriched-functor-category-are-different-size-claims	pending		
rem-the-perfect-induced-subgraph-formulation-of-the-erdos-hajnal-conjecture	pending		
rem-the-published-group-development-is-the-instance	pending		
rem-the-published-modular-law-for-subgroups-is-the-instance	pending		
rem-the-published-module-statement-is-the-instance-of-this-corollary	pending		
rem-the-published-typewriter-sequence-shows-why-riesz-fischer-only-promises-a-subsequence	pending		
rem-the-quasithin-gap-and-its-repair	pending		
rem-the-rank-of-a-general-inclusion-matrix-is-not-established-here	pending		
rem-the-reach-of-the-classical-divergence-and-stokes-theorems	pending		
rem-the-size-of-the-constant-in-rodls-theorem	pending		
rem-the-symmetric-and-braided-coherence-theorems-compare-s-n-with-b-n	pending		
rem-the-twenty-six-sporadic-simple-groups	pending		
rem-the-two-descriptions-of-the-subfield-lattice-of-a-finite-field	pending		
rem-the-two-forms-of-rodls-theorem	pending		
rem-the-two-halves-of-the-four-lemma-are-mutually-dual	pending		
rem-the-underlying-category-can-lose-information	pending		
rem-the-universal-properties-of-kleisli-and-eilenberg-moore-are-schematic	pending		
rem-the-winding-number-and-the-planar-vortex-field	pending		
rem-this-does-not-reduce-indexed-limits-to-conical-ones	pending		
rem-three-lines-and-complex-interpolation	pending		
rem-topological-versus-scheme-theoretic-subspace	pending		
rem-topology-conventions	pending		
rem-total-derivative-conventions-and-linear-map-seam	pending		
rem-tower-and-wowzer-bounds-in-regularity	pending		
rem-transcendence-of-pi	pending		
rem-triangulated-sign-convention	pending		
rem-triviality-and-finiteness-are-undecidable-for-finite-presentations	pending		
rem-two-generation-of-finite-simple-groups	pending		
rem-two-results-called-mazurs-lemma	pending		U-P
rem-two-routes-to-every-dual-statement	pending		
rem-two-senses-of-regularity-for-lebesgue-measure	pending		
rem-tychonoff-choice-strengths	pending		
rem-unbracketed-tensor-strings-are-not-yet-defined	pending		
rem-undecidability-of-the-isomorphism-problem-for-finitely-presented-groups	pending		
rem-uniform-convergence-agrees-with-the-later-uniform-topology	pending		
rem-universality-is-the-construction-independence-principle	pending		
rem-urysohn-lemma-not-a-zf-theorem	pending		U-P
rem-vitali-covering-theorem	pending		
rem-vitali-non-measurable-set	pending		U-P
rem-von-neumanns-hilbert-space-proof-of-radon-nikodym	no_candidate_found	root-pilot.json	
rem-weak-perfect-graph-theorem-for-the-bull-route	pending		U-P
rem-weierstrass-graph-hausdorff-dimension	pending		
rem-what-is-needed-before-a-trace-can-be-written	pending		
rem-what-is-not-developed-here	pending		
rem-what-is-not-proved-about-change-of-base	pending		
rem-what-the-diagonal-criterion-gives-and-what-it-costs	pending		
rem-what-the-library-does-and-does-not-prove-about-cfsg	pending		U-P
rem-what-the-subtraction-rule-does-not-say	pending		
rem-where-a-choice-principle-would-be-needed	pending		
rem-where-the-archimedean-hypothesis-is-needed	pending		
rem-which-axiom-each-construction-uses	pending		
rem-which-side-the-word-left-refers-to	pending		
rem-why-completeness-alone-is-not-enough-for-an-adjoint	pending		
rem-why-separation-replaces-unrestricted-comprehension	pending		
rem-why-the-diagram-lemmas-are-not-proved-by-the-embedding-theorem	pending		U-P
rem-why-the-enriched-generalisation-cannot-stop-at-conical-limits	pending		
rem-why-the-five-lemma-asks-for-isomorphisms-in-the-middle	pending		
rem-why-the-middle-nine-lemma-needs-a-zero-composite	pending		
rem-why-this-library-takes-unit-counit-as-the-definition	pending		
rem-zero-dimensional-morse-convention	pending		
rem-zero-times-infinity-convention-for-pointwise-products	pending		
thm-a-bernstein-set-has-inner-measure-zero-and-full-outer-measure-in-every-interval	pending		
thm-a-bipartite-graph-with-bounded-a-degree-has-a-large-comb-or-a-small-b-side	pending		
thm-a-bounded-above-acyclic-complex-of-injective-objects-is-contractible-when-its-cycle-monomorphisms-split	pending		
thm-a-bounded-above-complex-of-projectives-is-homotopically-projective	pending		U-P
thm-a-bounded-below-acyclic-complex-of-projective-objects-is-contractible-when-its-cycle-epimorphisms-split	pending		
thm-a-bounded-below-complex-of-injectives-is-homotopically-injective	pending		U-P
thm-a-bounded-partition-into-weakly-restricted-sets	pending		
thm-a-braided-rigid-category-has-a-drinfeld-morphism	pending		
thm-a-cartesian-square-induces-an-isomorphism-on-the-kernels-of-its-parallel-legs	pending		
thm-a-cartesian-square-over-an-epimorphism-is-also-cocartesian	pending		
thm-a-category-enriched-in-a-preorder-is-a-preorder-and-one-enriched-in-sets-is-an-ordinary-category	pending		
thm-a-category-enriched-in-abelian-groups-is-exactly-a-preadditive-category	pending		
thm-a-category-enriched-in-categories-is-exactly-a-small-object-strict-two-category-with-small-homs	pending		
thm-a-category-enriched-in-the-two-element-lattice-is-a-preordered-set	pending		
thm-a-category-is-tensored-exactly-when-every-covariant-hom-has-a-left-enriched-adjoint	pending		
thm-a-category-with-finite-biproducts-is-enriched-in-commutative-monoids	pending		
thm-a-category-with-finite-products-is-monoidal	pending		
thm-a-central-product-of-extraspecial-p-groups-is-extraspecial	pending		
thm-a-chain-homotopy-equivalence-is-a-quasi-isomorphism	pending		
thm-a-chain-map-induces-a-well-defined-map-on-homology	pending		
thm-a-chain-map-is-a-homotopy-equivalence-exactly-when-its-cone-is-contractible	pending		
thm-a-chain-map-is-a-quasi-isomorphism-exactly-when-its-cone-is-acyclic	pending		
thm-a-chosen-family-of-ends-assembles-into-a-functor-of-the-parameters	pending		
thm-a-closed-monoidal-category-has-its-tensor-cocontinuous-in-each-variable	pending		
thm-a-closed-monoidal-category-is-enriched-in-itself	pending		
thm-a-coend-is-a-colimit-weighted-by-the-hom-bifunctor	pending		
thm-a-commuting-square-with-monic-legs-is-a-pullback-exactly-when-the-induced-morphism-to-the-intersection-is-an-isomorphism	pending		
thm-a-compact-hausdorff-space-is-regular-and-normal	pending		
thm-a-complete-locally-small-category-with-a-jointly-weakly-initial-set-has-an-initial-object	pending		
thm-a-complete-locally-small-category-with-a-small-coseparating-set-and-all-subobject-intersections-has-an-initial-object	pending		
thm-a-complex-is-exact-at-n-exactly-when-its-nth-homology-is-zero	pending		
thm-a-complex-linear-operator-comes-from-a-real-operator-exactly-when-it-commutes-with-the-chosen-conjugation	pending		
thm-a-composite-of-a-quotient-and-a-subobject-inclusion-is-the-canonical-factorisation	pending		
thm-a-conical-limit-is-stronger-than-a-limit-in-the-underlying-category	pending		
thm-a-continuous-functor-preserves-ends-and-a-cocontinuous-functor-preserves-coends	pending		
thm-a-coproduct-of-projectives-is-projective-and-a-product-of-injectives-is-injective	pending		
thm-a-cycle-and-a-forest-complement-have-the-erdos-hajnal-property	pending		
thm-a-decomposable-wedge-is-nonzero-exactly-for-independent-vectors	pending		
thm-a-deformation-retract-is-a-homotopy-equivalence	pending		
thm-a-direct-summand-of-a-projective-is-projective	pending		
thm-a-distributive-law-makes-the-composite-a-monad	pending		
thm-a-divergence-free-c1-field-on-a-star-shaped-open-set-has-a-vector-potential	pending		
thm-a-dual-object-in-the-endofunctor-category-is-an-adjoint-functor	pending		
thm-a-family-natural-in-the-parameter-factors-through-the-parametrised-end	pending		
thm-a-finitary-monad-on-a-complete-cocomplete-locally-small-category-has-complete-and-cocomplete-algebras	pending		U-P
thm-a-finite-family-with-the-erdos-hajnal-property-is-viral	pending		
thm-a-finite-group-is-abelian-iff-all-its-irreducible-complex-characters-have-degree-one	pending		U-P
thm-a-five-and-symmetric-groups-from-degree-five-are-not-solvable	pending		
thm-a-forest-complement-and-its-star-expansion-have-the-erdos-hajnal-property	pending		U-P
thm-a-free-ultrafilter-on-n-is-not-lebesgue-measurable	pending		
thm-a-full-subcategory-is-reflective-exactly-when-each-object-has-a-universal-arrow	pending		
thm-a-function-is-a-bijection-exactly-when-it-has-a-two-sided-inverse	pending		
thm-a-functor-between-additive-categories-is-additive-exactly-when-it-preserves-finite-biproducts	pending		
thm-a-generating-set-with-no-two-letter-relation-whose-cayley-graph-is-a-tree-is-a-free-basis	pending		
thm-a-generator-detects-equality-of-subobjects	pending		
thm-a-grothendieck-abelian-category-has-functorial-injective-embeddings	pending		
thm-a-group-admits-a-universal-central-extension-iff-it-is-perfect	pending		
thm-a-kan-extension-along-a-fully-faithful-functor-genuinely-extends-when-it-is-pointwise	pending		
thm-a-lax-monoidal-functor-carries-monoid-objects-to-monoid-objects	pending		
thm-a-lax-monoidal-functor-induces-a-change-of-base-on-enriched-categories	pending		
thm-a-left-adjoint-exists-exactly-when-every-comma-category-has-an-initial-object	pending		
thm-a-left-dual-of-an-object-has-that-object-as-a-right-dual	pending		
thm-a-left-exact-functor-preserves-monomorphisms-and-a-right-exact-functor-preserves-epimorphisms	pending		
thm-a-left-module-is-flat-exactly-when-tor-one-with-every-right-module-vanishes	no_candidate_found	tor-pilot.json	
thm-a-left-or-right-exact-functor-between-abelian-categories-is-additive	pending		
thm-a-linear-continuum-is-connected	pending		
thm-a-lipschitz-function-after-an-absolutely-continuous-function-is-absolutely-continuous	pending		
thm-a-locally-cartesian-closed-category-has-pullbacks-and-with-a-terminal-object-all-finite-limits	pending		
thm-a-locally-cartesian-closed-category-with-a-terminal-object-is-cartesian-closed	pending		
thm-a-locally-compact-hausdorff-space-is-completely-regular	pending		U-P
thm-a-locally-finite-sum-of-smooth-functions-is-smooth	pending		
thm-a-locally-small-abelian-category-with-a-generator-is-well-powered	pending		
thm-a-long-blockade-without-a-large-pure-pair-contains-a-rainbow-forest-or-complement	pending		
thm-a-long-blockade-yields-a-wide-cograph-pattern-subblockade-or-a-rainbow-forest	pending		
thm-a-modular-partition-its-quotient-and-its-parts-determine-the-graph	pending		
thm-a-module-valued-coend-is-a-quotient-of-a-direct-sum-by-the-dinaturality-submodule	pending		
thm-a-monad-morphism-induces-restriction-of-algebras-and-a-comparison-of-free-algebras	pending		
thm-a-monadic-functor-is-conservative	pending		
thm-a-monoid-object-in-the-endofunctor-category-is-exactly-a-monad	pending		
thm-a-monoidal-category-equivalent-to-a-strict-one-satisfies-coherence	pending		
thm-a-morphism-factors-uniquely-through-its-coimage	pending		
thm-a-morphism-factors-uniquely-through-its-image	pending		
thm-a-morphism-of-chain-maps-induces-a-chain-map-of-cones	pending		
thm-a-natural-transformation-induces-a-morphism-of-ends-and-of-coends	pending		
thm-a-nonzero-abelian-category-cannot-satisfy-both-ab5-and-ab5-star	pending		
thm-a-one-object-preadditive-category-is-the-same-thing-as-a-ring	pending		
thm-a-plus-b-is-the-unique-minimum-norm-least-squares-solution	pending		
thm-a-pointwise-right-adjoint-extends-uniquely-to-a-functor	pending		
thm-a-poset-with-finite-meets-is-a-strict-monoidal-category	pending		
thm-a-power-is-a-product-of-copies-and-a-copower-is-a-coproduct-of-copies	pending		
thm-a-presheaf-category-on-a-small-category-is-cartesian-closed	pending		
thm-a-prime-power-conjugacy-class-forces-a-proper-nontrivial-normal-subgroup	pending		U-P
thm-a-process-law-on-cylinder-space-is-determined-by-finite-dimensional-distributions	pending		
thm-a-projective-generator-detects-isomorphisms	pending		
thm-a-quasi-isometric-embedding-with-coarsely-dense-image-admits-a-quasi-inverse	pending		A-P
thm-a-real-basis-complexifies-to-a-complex-basis	pending		
thm-a-real-l-one-density-defines-a-finite-signed-measure-with-its-canonical-hahn-and-jordan-data	pending		A-R
thm-a-reflective-inclusion-creates-all-limits	pending		
thm-a-reflective-subcategory-has-every-colimit-the-ambient-category-has	pending		
thm-a-regular-level-set-is-an-embedded-submanifold	pending		
thm-a-riemannian-metric-has-a-unique-levi-civita-connection-on-the-cotangent-bundle	pending		
thm-a-right-enriched-adjoint-preserves-weighted-limits	pending		
thm-a-right-module-is-flat-exactly-when-tor-one-with-every-left-module-vanishes	no_candidate_found	tor-pilot.json	
thm-a-semiadditive-category-is-preadditive-exactly-when-every-morphism-has-an-additive-inverse	pending		
thm-a-separating-set-is-equivalently-a-jointly-faithful-family-of-representables	pending		
thm-a-set-valued-coend-is-a-quotient-of-a-coproduct-by-the-dinaturality-relation	pending		
thm-a-set-weighted-limit-is-a-limit-over-a-category-of-elements	pending		
thm-a-short-exact-sequence-is-a-kernel-cokernel-pair	pending		
thm-a-simple-graph-is-a-tree-exactly-when-every-two-vertices-are-joined-by-a-unique-path	pending		
thm-a-small-product-of-abelian-categories-is-abelian	pending		
thm-a-space-is-perfectly-normal-iff-it-is-normal-and-every-closed-set-is-a-zero-set	pending		U-P
thm-a-sphere-has-a-nowhere-zero-tangent-vector-field-iff-its-dimension-is-odd	pending		U-P
thm-a-split-coequalizer-is-a-coequalizer-and-is-absolute	pending		
thm-a-splitting-of-an-idempotent-is-simultaneously-an-equalizer-and-a-coequalizer-and-is-unique-up-to-unique-isomorphism	pending		
thm-a-square-is-cartesian-exactly-when-a-short-sequence-is-exact	pending		
thm-a-subobject-classifier-represents-the-subobject-functor	pending		
thm-a-tau-critical-graph-with-a-large-low-degree-induced-subgraph-has-a-rooted-stable-tooth-comb	pending		
thm-a-transitive-subgroup-of-s-p-containing-a-transposition-is-s-p	pending		
thm-a-twist-on-a-braided-rigid-category-is-the-same-thing-as-a-pivotal-structure-of-drinfeld-type	pending		
thm-a-vector-bundle-quotient-by-a-subbundle-is-a-smooth-vector-bundle	pending		
thm-a-vitali-set-is-not-lebesgue-measurable	pending		A-R
thm-a-weighted-limit-is-an-end	pending		
thm-a-weighted-limit-is-unique-up-to-unique-isomorphism	pending		
thm-a-wide-coherent-blockade-contains-a-blockade-rainbow-copy-of-a-forest	pending		
thm-aa-plus-and-a-plus-a-are-orthogonal-projections-onto-the-image-spaces	pending		
thm-ab5-implies-ab4	pending		
thm-ab5-is-equivalent-to-exactness-of-filtered-colimits	pending		
thm-abel-dini	no_candidate_found	root-analysis-signals-01-receipts.json	
thm-abel-limit-theorem	pending		
thm-abel-limit-theorem-for-complex-series-in-stolz-regions	pending		
thm-abel-means-converge-in-lp-uniformly-and-at-lebesgue-points	pending		
thm-abel-test	pending		
thm-abelian-groups-are-amenable	pending		
thm-abelian-groups-are-reflective-in-groups	pending		
thm-abelian-groups-form-an-abelian-category	pending		
thm-abelian-groups-satisfy-ab4-star	pending		
thm-abelian-sheaves-form-abelian-category	pending		
thm-abelianisation-is-left-adjoint-to-the-inclusion-of-abelian-groups	pending		
thm-abelianisation-of-a-free-group-is-free-abelian	pending		
thm-absolute-continuity-is-equivalent-for-a-signed-or-complex-measure-its-variation-and-its-jordan-data	pending		
thm-absolute-continuity-of-the-integral	pending		A-P
thm-absolute-convergence-criterion-for-complex-infinite-products	pending		
thm-absolute-convergence-in-rn	pending		
thm-absolute-convergence-of-complex-series	pending		
thm-absolute-divergence-from-uniform-tail-mass	pending		
thm-absolute-improper-convergence-implies-convergence	pending		
thm-absolute-improper-multiple-integral-by-exhaustion	pending		
thm-absolute-irreducibility-via-the-endomorphism-division-algebra	pending		U-P
thm-absolutely-continuous-and-singular-with-respect-to-the-same-positive-measure-implies-zero	pending		
thm-absolutely-continuous-functions-have-integrable-derivatives	pending		
thm-absolutely-continuous-functions-have-luzin-property-n	pending		
thm-acyclic-resolution-theorem-for-left-derived-functors	pending		
thm-acyclic-resolution-theorem-for-right-derived-functors	pending		
thm-addition-and-subtraction-formulas-for-tangent-cotangent-secant-and-cosecant	pending		
thm-additive-functors-from-a-ring-to-abelian-groups-are-left-modules	pending		
thm-additive-functors-from-a-small-preadditive-category-to-an-abelian-category-form-an-abelian-category	pending		
thm-additive-hilberts-theorem-90	pending		
thm-additive-jordan-chevalley-decomposition	pending		A-P
thm-additivity-of-hilbert-samuel-multiplicity	pending		
thm-additivity-of-radon-nikodym-derivatives	pending		A-R
thm-additivity-over-subintervals	pending		
thm-adjacency-matrix-powers-count-walks	no_candidate_found	root-spectral-01-receipts.json	
thm-adjacent-transpositions-generate-the-symmetric-group	pending		
thm-adjoint-exists-and-is-unique-in-finite-dimension	pending		
thm-adjoint-kernel-and-range-orthogonality	pending		
thm-adjoints-are-unique-up-to-unique-natural-isomorphism	pending		
thm-adjugate-identity-over-a-commutative-ring	pending		
thm-adjugate-is-equivariant-under-similarity	pending		
thm-adjunctions-compose	pending		
thm-ae-equality-preserves-measurability-on-complete-spaces	pending		
thm-affine-closed-immersions-quotient-rings	pending		U-P
thm-affine-domain-dimension-transcendence-degree	pending		
thm-affine-fibre-coordinate-ring	pending		
thm-affine-fibre-product-tensor-ring	pending		
thm-affine-hyperplanes-and-proper-subspaces-of-rn-are-lebesgue-null	pending		
thm-affine-scheme-ring-anti-equivalence	pending		
thm-affine-schemes-determined-by-functor-of-points	pending		
thm-affine-schemes-quasi-separated	pending		
thm-affine-variety-dimension-coordinate-ring	pending		A-R
thm-affine-variety-product-coordinate-ring	pending		A-P
thm-alexander-subbase-lemma	pending		
thm-alexandrov-complete-metrizability-characterisation	pending		A-R
thm-algebra-of-complex-derivatives	pending		
thm-algebra-of-continuous-functions	pending		
thm-algebra-of-derivatives	pending		A-P
thm-algebra-of-function-limits	pending		
thm-algebra-of-limits	pending		
thm-algebra-of-total-derivatives	pending		
thm-algebraic-elements-form-a-subfield	pending		
thm-algebraic-embedding-extension	pending		
thm-algebraic-extension-is-purely-inseparable-over-its-separable-closure	pending		
thm-algebras-for-an-idempotent-monad-form-a-reflective-subcategory	pending		
thm-algebras-for-the-covariant-power-set-monad-are-posets-with-all-small-suprema	pending		
thm-all-norms-on-a-finite-dimensional-complex-space-are-equivalent	pending		
thm-all-norms-on-rn-are-equivalent	pending		U-P
thm-all-positive-pell-solutions-are-fundamental-powers	pending		
thm-almost-every-point-is-a-lebesgue-point	pending		
thm-almost-everywhere-convergence-implies-convergence-in-measure-on-finite-measure-spaces	pending		
thm-almost-sure-convergence-implies-convergence-in-probability	pending		U-P
thm-almost-sure-subsequence-from-convergence-in-probability	pending		U-P
thm-almost-uniform-convergence-implies-almost-everywhere-and-in-measure	pending		
thm-alon-furedi-hyperplane-cover-of-the-cube	pending		
thm-alpha-narrow-graphs-contain-large-perfect-induced-subgraphs	pending		
thm-alpha-narrowness-is-preserved-under-substitution	pending		U-P
thm-alternating-conjugacy-class-splitting-criterion	pending		
thm-alternating-forms-have-a-symplectic-normal-form	pending		
thm-alternating-group-is-generated-by-three-cycles	pending		
thm-alternating-group-is-simple-for-n-at-least-five	pending		
thm-alternating-series-test	pending		
thm-am-gm	pending		
thm-amenability-is-a-quasi-isometry-invariant-for-finitely-generated-groups	pending		
thm-an-abelian-category-has-all-finite-limits-and-all-finite-colimits	pending		
thm-an-abelian-category-is-balanced	pending		
thm-an-absolutely-continuous-function-after-a-monotone-lipschitz-function-is-absolutely-continuous	pending		
thm-an-absolutely-continuous-function-with-zero-derivative-almost-everywhere-is-constant	pending		U-P
thm-an-additive-category-with-all-kernels-and-cokernels-has-all-finite-limits-and-colimits	pending		
thm-an-additive-category-with-kernels-is-idempotent-complete	pending		
thm-an-additive-functor-is-exact-exactly-when-it-preserves-kernels-and-cokernels	pending		
thm-an-additive-functor-is-left-exact-exactly-when-it-preserves-kernels	pending		
thm-an-additive-functor-preserves-finite-biproducts	pending		
thm-an-adjunction-is-an-absolute-kan-extension	pending		
thm-an-end-is-a-limit-over-the-twisted-arrow-category	pending		
thm-an-end-is-an-equalizer-between-two-products	pending		
thm-an-equivalence-between-abelian-categories-is-exact	pending		
thm-an-exact-functor-commutes-with-homology	pending		
thm-an-exact-functor-transports-every-diagram-lemma	pending		
thm-an-exact-k-linear-strong-monoidal-functor-out-of-a-tensor-category-is-faithful	pending		
thm-an-extraspecial-p-group-is-an-internal-central-product-of-subgroups-of-order-p-cubed	pending		
thm-an-l-q-function-defines-a-bounded-linear-functional-on-l-p	pending		
thm-an-n-cycle-and-a-neighbour-transposition-generate-the-symmetric-group	pending		
thm-an-object-is-projective-exactly-when-hom-out-of-it-is-exact	pending		
thm-an-object-lies-in-a-reflective-subcategory-exactly-when-its-reflection-unit-is-invertible	pending		
thm-an-oracle-collapses-p-and-np	pending		U-P
thm-an-oracle-separates-p-from-np	pending		U-P
thm-an-unrecognizable-language-exists	pending		U-P
thm-analytic-sine-cosine-agree-with-right-triangle-ratios	pending		U-P
thm-any-two-finite-bases-have-the-same-size	pending		
thm-arbitrary-measure-duality-for-l-p-when-one-less-p-less-infinity	pending		
thm-arc-length-is-additive-over-subintervals	pending		
thm-arc-length-is-invariant-under-monotone-reparametrization	pending		
thm-arc-length-is-lower-semicontinuous-under-uniform-convergence	pending		
thm-archimedean-polygon-perimeter-characterization-of-pi	pending		
thm-area-theorem-for-exterior-univalent-functions	pending		
thm-argument-principle-as-image-winding-number	pending		
thm-argument-principle-null-homologous-cycle	pending		
thm-arithmetic-and-lattice-operations-preserve-measurability	pending		
thm-arithmetical-hierarchy-is-strict	pending		U-P
thm-arnoldi-produces-an-orthonormal-krylov-basis-and-upper-hessenberg-factorization	pending		
thm-arnoldi-reduces-gmres-to-a-small-hessenberg-least-squares-problem	pending		
thm-artin-fixed-field-degree-theorem	pending		
thm-artin-induction-for-rational-characters	pending		U-P
thm-artin-rees-lemma	pending		
thm-artin-schreier-characterization-of-cyclic-degree-p-extensions	pending		
thm-artin-tate-lemma	pending		
thm-artinian-local-ring-has-nilpotent-maximal-ideal	pending		
thm-artinian-ring-characterisation-by-primes	pending		
thm-artinian-ring-has-finite-length	pending		
thm-artinian-ring-has-finitely-many-maximal-ideals	pending		
thm-artinian-ring-is-noetherian	pending		
thm-artinian-ring-primes-are-maximal	pending		
thm-arzela-ascoli-for-real-ck	pending		U-P
thm-arzela-bounded-convergence-for-riemann-integrals	pending		
thm-ascoli-arzela-general	pending		
thm-ascoli-arzela-sufficiency	pending		
thm-associated-graded-ring-of-a-regular-local-ring	pending		U-P
thm-associated-primes-in-a-short-exact-sequence	pending		
thm-associated-primes-localise	pending		
thm-associated-primes-of-cohen-macaulay-modules	pending		U-P
thm-associativity-of-balanced-tensor-products	pending		
thm-asymmetric-lovasz-local-lemma	pending		
thm-augmentation-ideal-has-no-complement-when-char-k-divides-group-order	pending		U-P
thm-auslander-buchsbaum-formula	pending		U-P
thm-auslander-buchsbaum-serre-regularity-criterion	pending		U-P
thm-automorphisms-act-linearly-on-the-frattini-quotient	pending		
thm-automorphisms-form-a-group	pending		
thm-automorphisms-of-a-finite-cyclic-group	pending		
thm-automorphisms-of-a-finite-rank-free-abelian-group	pending		
thm-automorphisms-punctured-plane	pending		
thm-baer-criterion-for-injective-modules	pending		
thm-baer-sum-agrees-with-addition-in-h-two	pending		
thm-baer-sum-makes-extension-classes-an-abelian-group	pending		
thm-baire-category-for-complete-metric-spaces	pending		U-P
thm-baire-category-locally-compact-hausdorff	pending		A-R
thm-baire-category-r	pending		
thm-baire-one-continuity-points	pending		
thm-baire-sequence-space-is-polish	pending		
thm-baire-space-equivalent-characterisations	pending		
thm-balanced-bracket-words-are-exactly-the-nonnegative-prefix-words	pending		
thm-ballot-problem	pending		
thm-banach-closed-range-theorem	pending		U-P
thm-banach-fixed-point	pending		
thm-banach-series-criterion	pending		U-P
thm-banach-space-no-countably-infinite-hamel-basis	pending		A-R
thm-banach-steinhaus-dichotomy	pending		U-P
thm-banach-zarecki-characterisation-of-absolute-continuity	pending		
thm-barrier-characterization-of-regular-boundary-points	pending		
thm-barycentric-subdivision-is-a-chain-map	pending		U-P
thm-barycentric-subdivision-is-chain-homotopic-to-the-identity	pending		
thm-basic-bull-free-graphs-are-two-narrow	pending		U-P
thm-basic-cardinal-function-inequalities	pending		
thm-basic-koszul-homology	pending		
thm-basic-laws-for-field-norm-and-trace	pending		
thm-basic-properties-of-the-categorical-trace	pending		
thm-basis-criterion	pending		
thm-bass-serre-structure-theorem	pending		
thm-becks-monadicity-theorem	pending		
thm-becks-strict-monadicity-theorem	pending		
thm-berge-augmenting-path-characterisation	pending		
thm-bernstein-absolute-convergence-theorem	pending		
thm-bernstein-polynomials-converge-uniformly	pending		
thm-bernstein-sets-exist-under-a-well-ordering-of-r	pending		
thm-bertrands-postulate	pending		
thm-bessel-inequality-and-finite-parseval-identity	pending		
thm-beta-gamma-identity	pending		
thm-bezout-identity	pending		
thm-bezout-identity-for-polynomials	pending		
thm-bgg-verma-homomorphism-criterion	pending		U-P
thm-biholomorphic-self-maps-riemann-sphere-are-mobius	pending		
thm-bilinear-forms-correspond-to-linear-maps-into-the-dual	pending		
thm-bimodule-actions-induced-on-tensor-products	pending		
thm-binary-trees-correspond-to-dyck-paths	pending		
thm-binet-cauchy-formula	no_candidate_found	root-spectral-01-receipts.json	U-P
thm-bing-metrization	pending		U-P
thm-binomial-closed-formula	pending		
thm-binomial-theorem	pending		
thm-binomial-theorem-over-a-commutative-ring	pending		
thm-bipartite-graph-iff-adjacency-spectrum-is-symmetric	no_candidate_found	root-spectral-01-receipts.json	
thm-bipartite-iff-no-odd-cycle	pending		
thm-bipolar-closure-for-linear-subspaces	pending		U-P
thm-biproduct-data-characterisation-without-addition	pending		
thm-birkhoff-representation-finite-distributive-lattices	pending		
thm-blaschke-factor-is-a-disc-automorphism	pending		
thm-bloch-theorem	pending		
thm-block-intersections-in-a-symmetric-design	pending		
thm-block-lu-factorisation-via-an-invertible-leading-block	pending		
thm-block-systems-and-g-invariant-equivalence-relations-correspond	pending		
thm-blocks-partition-ordinary-and-brauer-irreducible-characters	pending		U-P
thm-blr-linearity-test-soundness	pending		
thm-bohr-mollerup-characterisation-of-the-real-gamma-function	pending		
thm-bolzano-weierstrass	pending		
thm-bondy-chvatal-closure-theorem	pending		
thm-borel-probability-measures-on-polish-spaces-are-inner-regular	pending		
thm-borel-products-of-euclidean-spaces-are-euclidean-borel	pending		
thm-borel-sets-are-caratheodory-measurable-for-metric-outer-measures	pending		
thm-borel-sets-are-lebesgue-measurable	pending		
thm-borel-sigma-algebra-of-a-subspace-is-the-trace	pending		
thm-borsuk-ulam-in-dimension-two	pending		
thm-bose-construction-produces-a-steiner-triple-system	pending		
thm-boundary-maximum-modulus-principle	pending		U-P
thm-boundary-submanifolds-of-a-boundaryless-manifold-have-half-slice-charts	pending		
thm-boundary-tangent-vector-fields-have-local-two-sided-flows-preserving-the-boundary	pending		
thm-boundary-topology-is-well-defined-and-quasi-isometry-invariant	pending		U-P
thm-bounded-alternation-qbf-is-level-complete	pending		U-P
thm-bounded-below-iff-injective-with-closed-range	pending		U-P
thm-bounded-below-iff-transpose-is-surjective	pending		U-P
thm-bounded-bilinear-map-equivalences	pending		
thm-bounded-c-zero-functionals-are-regular-complex-measure-integrals	pending		A-P
thm-bounded-inverse-theorem	pending		
thm-bounded-left-inverse-iff-range-is-complemented	pending		U-P
thm-bounded-linear-operator-equivalences	pending		
thm-bounded-operator-space-is-banach	pending		
thm-bounded-riemann-integrable-functions-are-lebesgue-measurable-and-have-the-same-integral	pending		
thm-bounded-right-inverse-iff-kernel-is-complemented	pending		U-P
thm-bounded-subsets-of-r-are-lebesgue-measurable-exactly-when-inner-and-outer-measures-agree	pending		
thm-bourbaki-witt	pending		
thm-box-finer-than-product	pending		
thm-box-step-functions-are-dense-in-l-p-of-rn	pending		
thm-box-volume-is-a-premeasure-on-the-elementary-algebra	pending		
thm-braided-coherence-fails-in-the-symmetric-form	pending		
thm-braided-coherence-via-underlying-braids	pending		
thm-branch-discrepancies-for-logarithm-and-complex-powers	pending		
thm-branch-power-agrees-with-integer-powers	pending		
thm-brauer-character-is-additive-on-short-exact-sequences	pending		
thm-brauer-induction	pending		U-P
thm-brauer-nesbitt-module-determination	pending		U-P
thm-brauer-reciprocity	pending		U-P
thm-brittons-lemma	pending		
thm-brouwer-fixed-point-theorem	pending		U-P
thm-brouwer-fixed-point-theorem-for-the-disk	pending		
thm-bull-free-graphs-are-two-narrow	pending		U-P
thm-burali-forti	pending		
thm-burnside-basis-theorem	pending		
thm-burnsides-p-a-q-b-theorem	pending		U-P
thm-busy-beaver-dominates-every-total-computable-function	pending		U-P
thm-bv-functions-are-differentiable-almost-everywhere	pending		
thm-bv-functions-form-an-algebra	pending		
thm-c-c-infinity-rn-is-dense-in-l-p-of-rn	pending		U-P
thm-c-c-is-dense-in-l-p-for-radon-measures	pending		A-P
thm-c-c-rn-is-dense-in-l-p-of-rn	pending		
thm-c-five-free-graphs-satisfy-a-polynomial-kappa-bound	pending		
thm-c-k-complete-in-the-sup-metric	pending		
thm-c-one-change-of-variables-for-nonnegative-lebesgue-measurable-functions	pending		A-P
thm-c-two-characterization-of-plane-subharmonicity	pending		
thm-c-two-levi-criterion-for-plurisubharmonicity	pending		
thm-c-zero-is-not-complemented-in-ell-infinity	pending		
thm-c1-dependence-of-solutions-on-initial-data	pending		
thm-c1-lipschitz-ac-bv-hierarchy	pending		
thm-c1-paths-have-length-equal-to-the-integral-of-speed	pending		
thm-c2-holomorphic-components-are-harmonic	pending		
thm-c2-holomorphic-function-has-holomorphic-derivative	pending		
thm-calligraphic-l-p-and-l-infinity-are-vector-spaces-for-p-at-least-one	pending		A-P
thm-camion-strong-tournament-hamiltonian	pending		
thm-canonical-bidual-map-is-an-isometry	pending		U-P
thm-canonical-decomposition-of-a-function	pending		
thm-canonical-map-to-double-dual-is-injective	pending		
thm-canonical-map-to-double-dual-is-surjective-iff-finite-dimensional	pending		
thm-canonical-prime-factorisation	pending		
thm-canonical-product-convergence-from-exponent-sum	pending		
thm-canonical-ramsey-theorem-for-pairs	pending		
thm-canonical-tangent-and-cotangent-splittings-for-products	pending		
thm-canonical-truncations-fit-a-distinguished-triangle	pending		
thm-cantor-cubes-are-ccc	pending		
thm-cantor-function-properties	pending		
thm-cantor-intersection-metric	pending		A-R
thm-cantor-normal-form	pending		
thm-cantor-powerset	pending		
thm-cantor-set-hausdorff-dimension-and-exact-measure	pending		
thm-cantor-set-properties	pending		
thm-cantor-set-ternary-description	pending		
thm-cantor-space-surjects-onto-every-nonempty-compact-metric-space	pending		A-R
thm-caratheodory-characterisation	pending		
thm-caratheodory-domain-is-the-completion-under-sigma-finiteness	pending		
thm-caratheodory-extension-theorem	pending		
thm-caratheodory-outer-measure-theorem	pending		
thm-cardinal-arithmetic-agrees-with-finite-counting	pending		U-P
thm-cardinal-comparability-iff-ac	pending		
thm-cardinal-power-set-and-cantor	pending		U-P
thm-cardinality-bound-for-generated-sigma-algebras	pending		
thm-cardinality-of-a-set-of-functions	pending		
thm-cardinality-of-the-borel-sigma-algebra-on-rn	pending		
thm-cardinality-sized-products-or-coproducts-force-a-preorder	pending		
thm-carmichael-function-formula	pending		
thm-cartan-matrix-is-d-transpose-d	pending		U-P
thm-cartan-subalgebras-are-conjugate-in-a-complex-semisimple-lie-algebra	existing_finding	terra-lie-02-receipts.json	U-P
thm-cartan-thullen-boundary-radius-theorem	pending		
thm-cartan-thullen-theorem	pending		
thm-cartans-magic-formula	pending		
thm-cartesian-closed-preorders-have-relative-implications	pending		
thm-casorati-weierstrass	pending		
thm-catalan-generating-function-closed-form	pending		
thm-catalan-generating-function-satisfies-a-quadratic-equation	pending		
thm-catalan-numbers-by-reflection	pending		
thm-catalan-numbers-by-the-cycle-lemma	pending		
thm-catalan-numbers-from-the-generating-function	pending		
thm-catalan-recurrence	pending		
thm-category-o-decomposes-by-generalized-central-character	pending		U-P
thm-category-o-is-abelian-and-extension-closed	pending		U-P
thm-category-theoretic-duality-principle	pending		
thm-cauchy-condensation	pending		
thm-cauchy-criterion-for-improper-integrals	pending		
thm-cauchy-criterion-for-noncompact-henstock-kurzweil-integrals	pending		
thm-cauchy-criterion-via-lub	pending		
thm-cauchy-davenport	pending		
thm-cauchy-estimates-on-a-polydisc	pending		
thm-cauchy-for-finite-abelian-groups	pending		
thm-cauchy-frobenius-orbit-counting	pending		
thm-cauchy-functional-equation-regularity	pending		
thm-cauchy-hadamard-for-complex-power-series	pending		
thm-cauchy-hadamard-for-real-power-series	pending		
thm-cauchy-in-measure-converges-in-measure	pending		
thm-cauchy-integral-formula-circle	pending		
thm-cauchy-integral-formula-higher-derivatives	pending		
thm-cauchy-integral-formula-on-a-polydisc	pending		U-P
thm-cauchy-interlacing-for-self-adjoint-compressions	pending		
thm-cauchy-mean-value	pending		
thm-cauchy-riemann-characterization-in-several-complex-variables	pending		
thm-cauchy-ring	pending		
thm-cauchy-schwarz-and-the-euclidean-norm	pending		
thm-cauchy-schwarz-finite	pending		
thm-cauchy-schwarz-for-real-and-complex-inner-product-spaces	pending		
thm-cauchy-theorem-one-exceptional-point-on-a-star-shaped-domain	pending		
thm-cauchys-theorem-for-finite-groups	pending		
thm-cayley-formula	pending		
thm-cayley-hamilton	pending		
thm-cayley-hamilton-from-pid-module-structure	pending		
thm-cayleys-theorem	pending		
thm-cech-complete-spaces-are-baire	pending		U-P
thm-cech-completeness-is-independent-of-compactification	pending		
thm-cellular-boundary-is-the-incidence-degree-matrix	pending		U-P
thm-cellular-homology-computes-singular-homology	pending		U-P
thm-centered-hardy-littlewood-maximal-function-is-borel-measurable	pending		U-P
thm-central-character-summands-split-into-linkage-blocks	pending		U-P
thm-central-characters-are-algebraic-integers	pending		U-P
thm-central-extensions-and-nilpotency-class	pending		
thm-centralizer-cardinality-from-cycle-type	pending		
thm-centralizer-of-an-infinite-order-element-is-virtually-cyclic	pending		U-P
thm-cesaro-mean-theorem	pending		
thm-cesaro-summability-implies-abel-summability	pending		
thm-cfl-closure-under-union-concatenation-star-and-homomorphism	pending		
thm-chain-conditions-in-short-exact-sequences	pending		A-R
thm-chain-homotopic-maps-induce-the-same-map-on-homology	pending		
thm-chain-rule	pending		
thm-chain-rule-for-complex-derivatives	pending		
thm-chain-rule-for-differentials-of-smooth-maps	pending		
thm-chain-rule-for-holomorphic-maps-in-several-variables	pending		
thm-chain-rule-for-radon-nikodym-derivatives	pending		A-R
thm-chain-rule-for-total-derivatives	pending		
thm-change-of-base-extends-to-functors-and-natural-transformations-and-is-a-two-functor	pending		
thm-change-of-basis-for-a-bilinear-form-is-congruence	pending		
thm-change-of-basis-for-a-sesquilinear-form	pending		
thm-change-of-basis-matrices-are-inverses	pending		
thm-change-of-coordinate-formula-for-tangent-bases	pending		
thm-change-of-variables-for-an-absolutely-continuous-map-under-an-absolutely-continuous-composition-hypothesis	pending		U-P
thm-change-of-variables-for-an-increasing-absolutely-continuous-function	pending		U-P
thm-change-of-variables-for-compact-jordan-sets	pending		
thm-change-of-variables-for-expectation	pending		A-P
thm-change-of-variables-for-oriented-manifold-diffeomorphisms	pending		
thm-character-duals-of-flat-modules-are-injective	pending		
thm-character-inner-product-computes-intertwiner-dimension	pending		U-P
thm-character-of-a-permutation-representation-counts-fixed-points	pending		
thm-character-of-an-irreducible-over-a-nonsplitting-field	pending		U-P
thm-character-of-the-regular-representation	pending		
thm-characteristic-and-minimal-polynomials-survive-complexification	pending		
thm-characteristic-of-a-field-is-zero-or-prime	pending		
thm-characteristic-polynomial-is-similarity-invariant	pending		
thm-characteristic-polynomial-of-a-recurrence-companion-matrix	pending		
thm-characters-of-direct-sums-tensor-products-and-duals	pending		U-P
thm-chasing-rule-a-zero-arrow-is-detected-by-members	pending		
thm-chasing-rule-epimorphy-detected-by-members	pending		
thm-chasing-rule-exactness-detected-by-members	pending		
thm-chasing-rule-monicity-by-member-cancellation	pending		
thm-chasing-rule-monicity-detected-by-members	pending		
thm-chasing-rule-the-subtraction-surrogate	pending		
thm-chebyshev-inequality	pending		
thm-chebyshev-markov-inequality-for-the-integral	no_candidate_found_in_recorded_scope	prior-findings-receipts.json	
thm-chebyshev-minimax-monic-polynomial	pending		
thm-chebyshev-multiple-angle-identities	pending		
thm-chebyshev-prime-counting-bounds	pending		
thm-chebyshev-psi-prime-number-theorem-error	pending		
thm-chebyshev-theta-linear-bounds	pending		
thm-chebyshev-weak-law-for-uncorrelated-arrays	pending		
thm-cheeger-inequalities-for-finite-regular-graphs	pending		U-P
thm-chernoff-bound-for-independent-random-signs	pending		
thm-chevalley-constructible-image-varieties	pending		U-P
thm-chinese-remainder-theorem	pending		
thm-chinese-remainder-theorem-for-comaximal-ideals	pending		
thm-choice-implies-dependent-implies-countable-choice	pending		U-P
thm-cholesky-factorisation-exists-iff-hermitian-positive-definite-and-is-unique	pending		
thm-cholesky-solves-hermitian-positive-definite-systems-and-has-half-the-lu-factorisation-cost	pending		
thm-chomsky-normal-form	pending		
thm-chordal-arzela-ascoli-criterion-for-meromorphic-families	pending		
thm-chordal-limit-theorem-for-meromorphic-functions	pending		
thm-chordal-metric-induces-sphere-topology	pending		
thm-chosen-limits-and-colimits-assemble-into-functors	pending		
thm-chung-feller	pending		
thm-circle-circumference-diameter-ratio-is-pi	pending		
thm-circle-integrals-of-integer-monomials	pending		
thm-circle-loops-are-path-homotopic-iff-they-have-equal-degree	pending		
thm-circle-of-convergence-contains-a-singular-point	pending		
thm-circuit-sat-is-np-complete	pending		A-P
thm-circuit-value-is-p-complete	pending		U-P
thm-ck-euclidean-maps-closed-under-algebra-and-composition	pending		
thm-clairaut-schwarz-mixed-partials	pending		
thm-class-equation	pending		
thm-class-sums-form-a-basis-of-the-center-of-k-g	pending		
thm-classical-erdos-hajnal-bound	pending		U-P
thm-classical-product-agrees-scheme-product	pending		U-P
thm-classical-projective-projection-closed	pending		U-P
thm-classical-varieties-equivalent-integral-separated-finite-type-schemes	pending		U-P
thm-classical-weierstrass-function-nowhere-differentiable	pending		
thm-classical-weierstrass-series-converges-uniformly	pending		U-P
thm-classification-mobius-transformations	pending		
thm-classification-of-complex-logarithms	pending		
thm-classification-of-connected-covering-spaces	pending		
thm-classification-of-cyclic-groups	pending		
thm-classification-of-extraspecial-p-groups-for-odd-p	pending		
thm-classification-of-extraspecial-two-groups	pending		
thm-classification-of-groups-of-order-pq	pending		
thm-classification-of-moduli-with-primitive-roots	pending		
thm-classification-of-the-nonabelian-groups-of-order-p-cubed	pending		
thm-clearing-denominators-for-an-algebraic-number	pending		
thm-clifford-correspondence	pending		U-P
thm-clifford-homogeneous-restriction-formula	pending		U-P
thm-clique-independence-chromatic-bounds	pending		
thm-clique-independent-set-and-vertex-cover-are-polynomially-interreducible	pending		U-P
thm-closability-sequential-criterion	pending		U-P
thm-closed-form-for-a-linear-recurrence-over-a-splitting-field	pending		
thm-closed-graph-theorem	pending		U-P
thm-closed-hyperplanes-are-kernels-of-nonzero-functionals	pending		U-P
thm-closed-projective-embedding-by-homogeneous-generators	pending		U-P
thm-closed-real-function-algebras-are-function-spaces-on-their-quotients	pending		
thm-closed-subspace-of-a-compact-space-is-compact	pending		
thm-closed-unit-ball-compact-iff-finite-dimensional	pending		
thm-closure-characterisation-top	pending		
thm-closure-characterisations-r	pending		
thm-closure-characterised-by-nets	pending		
thm-closure-of-a-connected-set	pending		
thm-clubs-and-normal-enumerations	pending		
thm-co-bird-free-comb-blocks-admit-an-e-free-structural-partition	pending		
thm-co-e-free-comb-blocks-admit-an-h-five-co-e-structural-partition	pending		
thm-co-p-five-free-graphs-admit-a-pure-or-x-sparse-polynomial-blockade	pending		
thm-co-p-five-free-graphs-yield-a-polynomial-restricted-set-or-a-complete-or-anticomplete-blockade	pending		
thm-coalgebra-homomorphisms-are-closed-under-identities-and-composition	pending		
thm-coextension-of-scalars-is-right-adjoint-to-restriction-of-scalars	pending		
thm-cofinal-subsystems-have-isomorphic-inverse-limits	pending		
thm-cofinality-basics	pending		U-P
thm-cofunction-supplementary-and-reflection-identities	pending		
thm-cographs-are-exactly-the-p-four-free-graphs	pending		
thm-cographs-are-perfect	pending		
thm-cohen-noetherian-criterion	pending		
thm-cokleisli-composition-is-associative-and-unital	pending		
thm-collar-neighborhood-theorem	pending		A-P
thm-combinatorial-nullstellensatz	pending		
thm-commutative-ring-module-structure-on-a-tensor-product	pending		
thm-commutative-rings-are-reflective-in-rings	pending		
thm-compact-exhaustion-metric-characterizes-local-uniform-convergence	pending		
thm-compact-function-families-are-equicontinuous-on-a-locally-compact-hausdorff-domain	pending		
thm-compact-hausdorff-open-cover-uniformity	pending		
thm-compact-hausdorff-space-has-a-unique-compatible-uniformity	pending		
thm-compact-hausdorff-spaces-are-monadic-over-sets	pending		
thm-compact-hausdorff-spaces-are-reflective-in-topological-spaces	pending		
thm-compact-hausdorff-total-disconnectedness-and-total-separatedness-agree	pending		
thm-compact-hausdorff-tychonoff-from-the-ultrafilter-lemma	pending		
thm-compact-iff-finite-intersection-property	pending		
thm-compact-iff-fip	pending		
thm-compact-iff-sequentially-compact-r	pending		
thm-compact-implies-complete-and-totally-bounded	pending		
thm-compact-implies-the-other-compactness-forms	pending		
thm-compact-null-is-content-zero	pending		
thm-compact-open-equals-compact-convergence	pending		
thm-compact-subset-is-closed-and-bounded	pending		
thm-compact-subset-of-a-hausdorff-space-is-closed	pending		
thm-compactly-supported-time-dependent-vector-fields-have-global-evolution-on-a-compact-time-interval	pending		
thm-compactly-supported-vector-fields-are-complete	pending		A-P
thm-compactness-agrees-with-metric-compactness	pending		
thm-compactness-is-invariant-under-finite-sheeted-coverings	pending		
thm-compactness-is-necessary-for-evt-and-uniform-continuity	pending		A-R
thm-compactness-under-continuous-maps	pending		
thm-compactness-variants-hierarchy	pending		U-P
thm-compactness-via-nets-filters-and-ultrafilters	pending		
thm-comparison-of-the-three-function-space-topologies	pending		
thm-comparison-principle-for-classical-subharmonic-functions	pending		
thm-comparison-test-for-improper-integrals	pending		
thm-comparison-test-for-improper-multiple-integrals	pending		
thm-comparison-tests-for-noncompact-henstock-kurzweil-integrals	pending		
thm-complement-of-a-compact-plane-set-has-one-unbounded-component	pending		
thm-complementation-preserves-hereditary-classes-and-bases	pending		
thm-complemented-subspace-iff-range-of-a-bounded-projection	pending		
thm-complementing-accept-states-complements-the-language	pending		
thm-complete-and-totally-bounded-implies-compact	pending		
thm-complete-and-totally-bounded-uniform-spaces-are-compact	pending		
thm-complete-graph-free-classes-are-erdos-hajnal	pending		
thm-complete-nakayama-lemma	pending		
thm-complete-or-anticomplete-blockade-hypotheses-force-restricted-induced-subgraphs	pending		
thm-complete-subspace-iff-closed	pending		A-R
thm-completed-riemann-zeta-functional-equation	pending		
thm-completely-metrizable-spaces-are-cech-complete	pending		
thm-completely-metrizable-subspaces-of-metric-spaces-are-g-delta	pending		A-R
thm-completely-normal-iff-hereditarily-normal	pending		
thm-completely-normal-implies-normal	pending		
thm-completely-regular-implies-regular	pending		
thm-completeness-equivalences	pending		
thm-completeness-of-continuous-functions-for-local-uniform-convergence	pending		
thm-completion-as-extension-of-scalars	pending		
thm-completion-is-exact-on-finite-modules	pending		
thm-completion-measurable-functions-have-base-measurable-representatives	pending		
thm-completion-of-a-measure-space	pending		
thm-completion-of-a-noetherian-local-ring	pending		
thm-completion-of-an-absolutely-valued-field	pending		
thm-completion-preserves-cohen-macaulayness	pending		U-P
thm-completion-preserves-dimension-and-hilbert-samuel-data	pending		
thm-completion-preserves-regular-local-rings	pending		U-P
thm-completion-universal-property-for-bounded-linear-maps	pending		
thm-complex-analytic-functions-are-holomorphic	pending		
thm-complex-analytic-functions-closed-under-algebra-quotients-and-composition	pending		
thm-complex-differentiability-real-linearity-wirtinger-and-cauchy-riemann	pending		
thm-complex-dual-of-ell-one-is-ell-infinity	pending		
thm-complex-exponential-addition-and-real-extension	pending		
thm-complex-exponential-is-entire-with-derivative-itself	pending		U-P
thm-complex-exponential-surjects-onto-the-punctured-plane	pending		
thm-complex-gamma-restricts-to-the-real-gamma-function	pending		
thm-complex-hahn-banach-norm-preserving-extension	pending		U-P
thm-complex-l-one-densities-define-complex-measures-with-prescribed-total-variation	pending		U-P
thm-complex-nth-roots-and-roots-of-unity	pending		
thm-complex-numbers-are-the-real-coordinate-plane	pending		
thm-complex-numbers-form-a-field	pending		
thm-complex-plane-is-complete	pending		
thm-complex-polynomial-has-exactly-degree-many-roots-counted-with-multiplicity	pending		
thm-complex-polynomials-and-rational-functions-are-holomorphic	pending		
thm-complex-power-series-converge-locally-uniformly	pending		
thm-complex-power-series-reexpansion-at-an-interior-point	pending		
thm-complex-pythagorean-identity-by-identity-theorem	pending		
thm-complex-representations-are-determined-by-their-characters	pending		U-P
thm-complex-sine-and-cosine-are-unbounded	pending		
thm-complex-sine-and-cosine-zero-sets	pending		
thm-complex-spectral-theorem-for-normal-endomorphisms	pending		
thm-complex-stone-weierstrass-self-adjoint	pending		
thm-complex-trigonometric-and-hyperbolic-power-series	pending		
thm-complex-trigonometric-hyperbolic-dictionary	pending		
thm-complexification-preserves-kernels-images-rank-nullity-and-short-exact-sequences	pending		
thm-components-partition-and-are-closed	pending		
thm-componentwise-convergence-and-completeness	pending		
thm-componentwise-holomorphy-in-several-complex-variables	pending		
thm-componentwise-limits-and-continuity	pending		
thm-composita-of-cyclotomic-extensions	pending		
thm-composite-bull-free-graphs-have-a-nontrivial-module	pending		
thm-composition-of-continuous-functions	pending		
thm-composition-of-function-limits	pending		
thm-composition-of-morphisms-between-finite-biproducts-is-matrix-multiplication	pending		
thm-composition-respects-homotopy	pending		
thm-composition-series-iff-noetherian-and-artinian	pending		A-R
thm-composition-with-a-continuous-function	pending		
thm-composition-with-borel-functions-preserves-measurability	pending		
thm-computably-dominated-characterizes-truth-table-reducibility	pending		U-P
thm-concrete-inverse-limit-universal-property-in-groups	pending		
thm-conditional-probability-multiplication-and-chain-rules	pending		
thm-conformal-equivalence-is-an-equivalence-relation	pending		
thm-conformal-invariance-of-plane-harmonicity	pending		
thm-conformal-transport-of-plane-dirichlet-solutions	pending		
thm-conical-limits-do-not-suffice-in-the-enriched-setting	pending		
thm-conjugacy-class-cardinality	pending		
thm-conjugacy-of-cyclically-reduced-words	pending		
thm-conjugacy-of-decomposition-and-inertia-groups	pending		
thm-conjugacy-theorem-for-cyclically-reduced-hnn-words	pending		
thm-conjugate-difference-quotient-characterizes-antiholomorphic-maps	pending		
thm-conjugate-gradient-chebyshev-bound-in-the-a-norm	pending		
thm-conjugate-gradient-is-the-krylov-galerkin-method-and-minimizes-the-energy-error	pending		
thm-conjugate-gradient-residuals-are-orthogonal-and-search-directions-are-a-conjugate	pending		
thm-conjugate-gradient-terminates-by-the-relative-grade-in-exact-arithmetic	pending		
thm-conjugate-subgroups-are-counted-by-the-normalizer	pending		
thm-conjugates-of-proper-subgroup-do-not-cover-finite-group	pending		
thm-conjugates-over-a-finite-field-are-the-frobenius-powers	pending		
thm-conjugation-homomorphism	pending		
thm-conjugation-is-an-automorphism	pending		
thm-connected-and-locally-path-connected-implies-path-connected	pending		
thm-connected-iff-has-spanning-tree	pending		
thm-connected-subsets-of-r-are-intervals	pending		
thm-connectedness-characterisations	pending		
thm-conservative-path-independent-and-zero-loop-equivalence	pending		
thm-constant-rank-level-set-local-normal-form	pending		
thm-constant-rank-theorem-for-manifolds	pending		
thm-contiguous-simplicial-maps-induce-the-same-map-on-simplicial-homology	pending		
thm-continued-fraction-algorithm-for-real-numbers	pending		
thm-continued-fraction-convergents-are-best-approximations	pending		
thm-continuity-characterisations-top	pending		
thm-continuity-characterised-by-nets	pending		
thm-continuity-from-above-for-measures	pending		U-P
thm-continuity-from-below-and-above-for-signed-measures	pending		
thm-continuity-from-below-for-measures	pending		
thm-continuity-iff-oscillation-zero	pending		U-P
thm-continuity-into-an-inverse-limit-is-coordinatewise	pending		
thm-continuity-of-dominated-parameter-dependent-improper-integrals	pending		
thm-continuity-of-zeros-locally-uniform-convergence	pending		
thm-continuity-preimage-characterisation	pending		
thm-continuity-principle-for-domains-of-holomorphy	pending		
thm-continuity-set-realisation	pending		
thm-continuity-under-the-integral-sign	pending		
thm-continuous-bijection-from-a-compact-space-has-continuous-inverse	pending		
thm-continuous-dependence-of-odes-on-initial-data-and-parameters	pending		
thm-continuous-functions-on-compact-jordan-sets-are-integrable	pending		
thm-continuous-image-of-a-compact-set-r	pending		
thm-continuous-image-of-a-compact-space-is-compact	pending		
thm-continuous-image-of-a-connected-space	pending		
thm-continuous-implies-integrable	pending		
thm-continuous-injection-on-an-interval-is-strictly-monotone	pending		
thm-continuous-inverse	pending		
thm-continuous-logarithms-exist-along-a-contour	pending		
thm-continuous-maps-preserve-convergence-in-probability	pending		
thm-continuous-mean-value-functions-are-harmonic	pending		A-P
thm-continuous-midpoint-convex-functions-are-convex	pending		
thm-continuous-monotone-functions-are-differentiable-almost-everywhere-via-rising-sun	pending		
thm-continuous-on-a-rectangle-is-riemann-integrable	pending		
thm-continuous-partial-derivatives-imply-total-differentiability	pending		
thm-continuous-partials-and-cauchy-riemann-imply-holomorphic	pending		
thm-continuous-preimages-of-borel-sets-are-borel	pending		
thm-continuously-homotopic-smooth-maps-are-smoothly-homotopic	pending		A-P
thm-contour-integral-of-the-cauchy-kernel-is-a-logarithm-increment	pending		
thm-contour-parameter-integrals-are-holomorphic	pending		
thm-contractive-implies-cauchy	pending		
thm-convergence-iff-limsup-equals-liminf	pending		
thm-convergence-in-distribution-to-a-constant-is-convergence-in-probability	pending		
thm-convergence-in-measure-limits-are-unique-almost-everywhere	pending		
thm-convergence-in-probability-implies-convergence-in-distribution	pending		
thm-convergence-of-infinite-regular-continued-fractions	pending		
thm-converse-mean-value-property-for-plane-functions	pending		
thm-convex-domains-are-holomorphically-convex	pending		
thm-convex-function-iff-convex-epigraph	pending		
thm-convex-functions-are-differentiable-off-a-countable-set	pending		
thm-convex-functions-are-locally-lipschitz-and-continuous	pending		
thm-convex-functions-have-subgradients-at-interior-points	pending		
thm-convex-functions-on-open-convex-sets-are-locally-lipschitz	pending		
thm-convex-subsets-have-trivial-fundamental-group	pending		
thm-convolution-with-a-mollifier-is-smooth-and-differentiates-under-the-integral-sign	pending		A-R
thm-coordinate-action-of-a-linear-map	pending		
thm-coordinate-derivations-form-a-basis-of-the-tangent-space	pending		
thm-coordinate-differentials-form-the-dual-cotangent-basis	pending		
thm-coordinate-formula-for-the-differential	pending		
thm-coordinate-formula-for-the-differential-of-a-function	pending		
thm-coordinate-map-for-a-finite-dimensional-normed-space	pending		
thm-coordinatewise-measurability-into-r-n	pending		
thm-coprime-conjugacy-class-size-forces-zero-character-or-scalar-action	pending		U-P
thm-coprime-pair-counting-asymptotic	pending		
thm-coproduct-property-of-tensor-products-of-commutative-algebras	pending		
thm-coproduct-universal-property	pending		
thm-correspondence-theorem-groups	pending		
thm-correspondence-theorem-ideals	pending		
thm-correspondence-theorem-modules	pending		
thm-cosecant-residue-alternating-summation-rational-functions	pending		
thm-coset-multiplication-well-defined-iff-normal	pending		
thm-cosine-has-a-smallest-positive-zero	pending		
thm-cotangent-residue-summation-rational-functions	pending		
thm-count-of-quadratic-residues-modulo-prime	pending		
thm-countable-additivity-and-set-function-continuity	pending		
thm-countable-choice-gives-countable-subsets	pending		
thm-countable-disjoint-caratheodory-splitting	pending		
thm-countable-product-of-probability-spaces	pending		U-P
thm-countable-products-of-cech-complete-spaces	pending		
thm-countable-products-of-completely-metrizable-spaces	pending		
thm-countable-products-of-first-countable-spaces	pending		
thm-countable-products-of-second-countable-spaces	pending		
thm-countable-subsets-of-omega-one-are-bounded	pending		U-P
thm-countable-union-of-countable	pending		
thm-countable-union-of-null-is-null	pending		
thm-countably-based-uniformity-is-pseudometrizable	pending		
thm-countably-exceptional-differentiability-and-integrable-derivative-imply-absolute-continuity	pending		U-P
thm-counting-identities-for-a-two-design	pending		
thm-counting-lemma-for-a-fixed-graph	pending		
thm-counts-in-a-finite-projective-plane	pending		
thm-courant-fischer-min-max-principle	pending		
thm-cousins-lemma-for-gauges	pending		
thm-covariance-bilinearity-and-symmetry	pending		
thm-cover-small-inclusion-is-a-chain-homotopy-equivalence	pending		
thm-cover-small-singular-chains-compute-singular-homology	pending		
thm-covering-cost-construction-produces-an-outer-measure	pending		
thm-covering-maps-inject-fundamental-groups	pending		
thm-covering-space-lifting-criterion	pending		
thm-cramers-rule-over-a-commutative-ring	pending		
thm-cross-product-norm-is-the-two-vector-gram-determinant	pending		
thm-cross-ratio-mobius-invariant	pending		
thm-crude-monadicity-the-reflexive-tripleability-theorem	pending		
thm-currying-and-uncurrying-are-mutually-inverse	pending		
thm-currying-is-an-adjunction-in-set	pending		
thm-curve-contact-classes-are-canonically-isomorphic-to-derivation-tangent-vectors	pending		
thm-curve-velocities-in-a-regular-level-set-equal-its-tangent-space	pending		
thm-cut-and-cycle-properties-for-minimum-spanning-trees	pending		
thm-cycle-construction-formula	pending		
thm-cycle-index-of-alternating-group	pending		
thm-cycle-index-of-cyclic-group	pending		
thm-cycle-index-of-dihedral-group	pending		
thm-cycle-index-of-symmetric-group	pending		
thm-cycle-lemma	pending		
thm-cyclic-decomposition-of-finite-abelian-p-groups	pending		
thm-cyclic-degree-n-extensions-with-roots-of-unity-are-kummer	pending		
thm-cyclic-subspace-power-basis-and-companion-matrix	pending		
thm-cyclic-vector-criterion-by-minimal-and-characteristic-polynomials	pending		
thm-cyclotomic-polynomials-are-irreducible-over-the-rationals	pending		
thm-cyclotomic-polynomials-are-monic-integer-polynomials-of-degree-euler-totient	pending		
thm-cylindrical-shell-formula-for-solids-of-revolution	pending		
thm-darboux-equals-riemann	pending		
thm-darboux-theorem-for-derivatives	pending		
thm-de-morgan-laws	pending		
thm-decidable-iff-language-and-complement-are-recognizable	pending		U-P
thm-decimal-expansions	pending		
thm-deck-group-as-normalizer-quotient	pending		
thm-deck-group-of-a-universal-cover-is-the-fundamental-group	pending		
thm-decomposition-and-inertia-fixed-fields	pending		
thm-decomposition-and-inertia-in-towers	pending		
thm-decomposition-group-and-completion	pending		
thm-decomposition-inertia-exact-sequence	pending		
thm-decomposition-map-is-independent-of-the-stable-lattice	pending		
thm-decreasing-limit-theorem-for-plane-subharmonic-functions	pending		
thm-decreasing-limits-of-plurisubharmonic-functions	pending		
thm-dedekind-complete	pending		
thm-dedekind-infinite-iff-countable-subset	pending		
thm-dedekind-kummer-prime-factorisation	pending		
thm-dedekind-linear-independence-of-characters	pending		
thm-dedekind-pid-class-group-characterisation	pending		
thm-degenerate-exactness-criteria	pending		
thm-degree-is-invariant-under-path-homotopy	pending		
thm-degree-map-on-the-circle-is-a-homomorphism	pending		
thm-degree-one-representations-are-exactly-homomorphisms-to-k-times-and-form-an-abelian-group	pending		
thm-dehn-algorithm-solves-the-word-problem	pending		
thm-dense-finite-graph-is-connected	pending		
thm-density-as-a-self-kan-extension-for-a-small-category	pending		
thm-density-for-a-small-category	pending		
thm-density-integration-is-defined-without-an-orientation	pending		U-P
thm-dependent-choice-and-finite-multiple-selections	pending		
thm-dependent-choice-detects-non-well-orders	pending		U-P
thm-depth-bounded-by-support-dimension	pending		U-P
thm-depth-equals-maximal-regular-sequence-length	pending		U-P
thm-depth-formula-for-flat-local-homomorphisms	pending		A-P
thm-depth-lemma	pending		U-P
thm-depth-zero-associated-prime-criterion	pending		U-P
thm-derivation-parse-tree-correspondence	pending		
thm-derivations-of-smooth-functions-are-smooth-vector-fields	pending		
thm-derivative-linear-approximation-form	pending		
thm-derivative-of-a-continuous-complex-local-inverse	pending		
thm-derivative-of-a-simple-eigenvalue-is-y-star-a-prime-x	pending		
thm-derivative-of-an-inverse	pending		
thm-derivative-of-exponential	pending		
thm-derivative-of-matrix-inversion	pending		
thm-derivative-of-the-simple-spectral-projector	pending		
thm-derived-functors-are-universal-delta-functors	pending		
thm-derived-subgroup-is-characteristic-and-abelianization-is-universal	pending		
thm-descents-and-excedances-are-equidistributed	pending		
thm-determinant-differential-and-jacobis-formula	pending		
thm-determinant-is-product-of-eigenvalues	pending		
thm-determinant-is-the-unique-normalized-alternating-multilinear-function	no_candidate_found	root-determinants-01-receipts.json	
thm-determinant-multiplicative	no_candidate_found	root-determinants-01-receipts.json	
thm-determinant-of-a-triangular-matrix	no_candidate_found	root-determinants-01-receipts.json	
thm-determinant-of-transpose	no_candidate_found	root-determinants-01-receipts.json	
thm-determinant-sign-detects-orientation-change	pending		
thm-determinant-under-elementary-row-operations	no_candidate_found	root-determinants-01-receipts.json	
thm-deterministic-space-hierarchy	pending		A-R
thm-deterministic-time-hierarchy	pending		A-P
thm-dfa-for-language-difference	pending		
thm-diagonal-intersection-of-clubs	pending		
thm-diagonal-ramsey-counting-lower-bound	pending		
thm-diagonalisability-eigenspace-direct-sum-criterion	pending		
thm-diagonalisable-iff-characteristic-polynomial-splits-and-multiplicities-agree	pending		
thm-diagonalisable-iff-minimal-polynomial-splits-with-distinct-roots	pending		
thm-diagram-area-agrees-with-algebraic-relator-area	pending		A-P
thm-dieudonne-club-set-function-is-a-borel-measure	pending		
thm-different-exponent-in-tame-and-wild-ramification	pending		
thm-different-of-a-monogenic-number-field	pending		
thm-differentiable-convex-functions-and-gradient-inequality	pending		
thm-differentiable-convex-functions-and-monotone-derivatives	pending		
thm-differential-rank-is-lower-semicontinuous	pending		
thm-differentiation-along-families-shrinking-nicely	pending		
thm-differentiation-of-a-pulled-back-form-along-a-time-dependent-flow	pending		
thm-differentiation-of-borel-measures-finite-on-compact-sets-on-r-n	pending		A-R
thm-differentiation-under-dominated-improper-multiple-integrals	pending		
thm-differentiation-under-the-integral-sign	pending		A-P
thm-differentiation-under-the-integral-sign-on-a-compact-rectangle	pending		
thm-dilworth-finite-posets	pending		
thm-dimension-and-parameters-for-modules	pending		
thm-dimension-as-minimal-number-of-radical-generators	pending		
thm-dimension-at-most-embedding-dimension	pending		
thm-dimension-equals-transcendence-degree	pending		U-P
thm-dimension-formula	pending		
thm-dimension-formula-for-affine-domains	pending		
thm-dimension-of-a-linear-subspace	pending		
thm-dimension-of-a-polynomial-ring-over-a-noetherian-ring	pending		
thm-dimension-product-varieties	pending		U-P
thm-dimension-theorem-intersection-projective	pending		U-P
thm-dinatural-transformations-do-not-compose-in-general	pending		
thm-dini	pending		
thm-dini-derivatives-exist-are-ordered-and-detect-differentiability	pending		
thm-dini-on-a-closed-interval	pending		
thm-dini-pointwise-convergence-criterion-for-fourier-series	pending		
thm-dirac-comb-is-fourier-invariant	pending		
thm-direct-and-inverse-image-of-subobjects-form-a-galois-connection	pending		
thm-direct-comparison-test	pending		
thm-direct-image-and-preimage-form-an-adjoint-triple-on-power-sets	pending		
thm-direct-sums-and-direct-summands-preserve-flatness	pending		
thm-direct-sums-of-projectives-and-enough-projectives	pending		
thm-directed-euler-circuit-characterisation	pending		
thm-directed-reduces-to-undirected-hamiltonian-cycle	pending		U-P
thm-directed-st-connectivity-is-nl-complete	pending		U-P
thm-directional-derivative-of-a-simple-positive-singular-value	pending		
thm-dirichlet-and-thomae-continuity-sets	pending		U-P
thm-dirichlet-character-orthogonality	pending		U-P
thm-dirichlet-character-primitive-induction	pending		
thm-dirichlet-convolution-commutative-ring	pending		
thm-dirichlet-convolution-invertibility-criterion	pending		
thm-dirichlet-convolution-preserves-multiplicativity	pending		
thm-dirichlet-divergence-transfer	pending		
thm-dirichlet-eta-representation	pending		
thm-dirichlet-hyperbola-method	pending		
thm-dirichlet-jordan-pointwise-convergence	pending		
thm-dirichlet-l-euler-product	pending		
thm-dirichlet-l-nonvanishing-line-one	pending		U-P
thm-dirichlet-l-nonzero-at-one	pending		U-P
thm-dirichlet-primes-arithmetic-progressions	pending		U-P
thm-dirichlet-rearrangement	pending		
thm-dirichlet-series-abscissa-gap	pending		
thm-dirichlet-series-absolute-half-plane-holomorphy	pending		
thm-dirichlet-series-half-plane-convergence	pending		
thm-dirichlet-series-multiplication-convolution	pending		
thm-dirichlet-series-summatory-integral	pending		
thm-dirichlet-test	pending		
thm-dirichlet-test-for-improper-integrals	pending		
thm-disc-area-is-pi-r-squared	pending		
thm-disc-automorphisms-are-rotated-blaschke-factors	pending		
thm-discontinuity-set-is-f-sigma	pending		U-P
thm-discriminant-as-an-embedding-determinant	pending		
thm-discriminant-is-the-norm-of-the-different	pending		
thm-discriminant-root-formula-and-repeated-root-criterion	pending		
thm-discriminant-square-criterion-for-an-alternating-galois-group	pending		
thm-disjoint-cycle-decomposition	pending		
thm-distributive-laws-for-union-and-intersection	pending		
thm-divergence-theorem-relative-to-a-volume-form	pending		
thm-division-algorithm-in-z	pending		
thm-divisor-counting-summatory-estimate	pending		
thm-divisor-sum-summatory-estimate	pending		
thm-domains-of-holomorphy-are-hartogs-pseudoconvex	pending		
thm-dominant-equal-dimension-generically-finite	pending		U-P
thm-dominated-convergence	pending		A-P
thm-dominated-convergence-in-lp	pending		U-P
thm-doob-dynkin-lemma	pending		A-P
thm-double-angle-and-power-reduction-identities	pending		
thm-double-annihilator-and-annihilator-dimension	pending		
thm-double-counting	pending		
thm-double-series-fubini	pending		
thm-dual-and-hom-transition-functions-define-smooth-bundles	pending		A-P
thm-dual-family-does-not-span-in-infinite-dimension	pending		
thm-dual-family-is-a-basis-in-finite-dimension	pending		
thm-dual-norms-every-vector	pending		U-P
thm-dual-of-a-closed-subspace-is-a-dual-quotient	pending		U-P
thm-dual-of-a-quotient-is-the-annihilator	pending		
thm-dual-of-c0-is-ell-one	pending		
thm-dual-schanuel-lemma-for-injective-copresentations	pending		
thm-duality-induces-an-anti-involution-on-the-grothendieck-ring	pending		
thm-duality-yields-adjunctions-of-tensoring-functors	pending		
thm-dualization-in-a-multitensor-category-is-exact	pending		
thm-duals-are-unique-up-to-a-unique-compatible-isomorphism	pending		
thm-durfee-square-identity	pending		
thm-dvr-element-normal-form	pending		
thm-dvr-ideal-and-module-length	pending		
thm-dynkin-pi-lambda	pending		
thm-e-is-irrational	pending		
thm-each-smooth-atlas-is-contained-in-a-unique-maximal-smooth-atlas	pending		
thm-eckart-young-best-rank-k-approximation	pending		
thm-eckmann-hilton-argument	pending		
thm-edge-set-orbits-on-two-subsets-by-polya	pending		
thm-effaceable-cohomological-delta-functors-are-universal	pending		
thm-effaceable-homological-delta-functors-are-universal	pending		
thm-effective-dimension-is-liminf-prefix-complexity-rate	pending		U-P
thm-egorovs-theorem	pending		
thm-eigenpair-residual-realises-the-minimum-norm-backward-error	pending		
thm-eigenvectors-for-distinct-eigenvalues-are-linearly-independent	pending		
thm-eilenberg-moore-creates-base-colimits-preserved-by-the-monad-and-its-square	pending		
thm-eilenberg-steenrod-uniqueness-on-all-cw-pairs	pending		U-P
thm-eilenberg-steenrod-uniqueness-on-finite-dimensional-cw-pairs	pending		U-P
thm-eisenstein-irreducibility-criterion	pending		
thm-elementary-initial-segments-form-a-club	pending		
thm-elementary-row-operations-are-left-multiplication	pending		
thm-elementary-symmetric-polynomials-are-algebraically-independent	pending		
thm-elementary-volume-is-well-defined	pending		
thm-elimination-of-epsilon-productions	pending		
thm-elimination-of-unit-productions	pending		
thm-elimination-of-useless-symbols	pending		
thm-ell-p-includes-into-ell-r-for-p-less-r	pending		
thm-elliptic-hyperbolic-dichotomy-for-tree-automorphisms	pending		
thm-embedded-submanifolds-admit-local-defining-submersions	pending		
thm-embeddings-of-a-simple-algebraic-extension-correspond-to-distinct-roots	pending		
thm-end-germ-of-path-continuation-is-independent-of-the-chain	pending		
thm-endomorphism-ring-of-a-finite-direct-sum-as-hom-matrices	pending		
thm-endomorphism-ring-of-the-left-regular-module-is-opposite	pending		
thm-ends-and-coends-are-unique-up-to-unique-isomorphism	pending		
thm-enough-injectives-gives-injective-resolutions	pending		
thm-enough-projectives-gives-projective-resolutions	pending		
thm-enriched-adjoint-functor-theorem-for-cotensored-categories	pending		
thm-enriched-categories-functors-and-natural-transformations-form-a-two-category	pending		
thm-enriched-completeness-is-cotensors-plus-small-conical-limits	pending		
thm-entire-polynomial-growth-is-polynomial	pending		
thm-entourage-uniformities-are-generated-by-gauges	pending		U-P
thm-enveloping-algebra-is-free-over-its-center	existing_finding	terra-lie-02-receipts.json	A-P
thm-epimorphism-monomorphism-factorisation-exists-and-is-unique-up-to-unique-isomorphism	pending		
thm-epimorphisms-in-an-abelian-category-are-universal	pending		
thm-epsilon-delta-characterisation-of-absolute-continuity-for-finite-signed-or-complex-measures	pending		
thm-equality-case-in-holder-inequality	pending		A-P
thm-equality-case-in-minkowski-inequality	pending		
thm-equational-criterion-for-flatness	pending		
thm-equivalence-of-constructions	pending		
thm-equivalent-characterisations-of-a-dvr	pending		
thm-equivalent-characterisations-of-an-idempotent-monad	pending		
thm-equivalent-characterizations-of-artinian-modules	pending		
thm-equivalent-characterizations-of-noetherian-modules	pending		A-R
thm-equivalent-characterizations-of-semisimple-modules	pending		
thm-equivalent-characterizations-of-semisimple-rings	pending		A-R
thm-equivalent-elementary-forms-of-hensels-property	pending		
thm-equivalent-encodings-of-an-adjunction	pending		
thm-equivalent-field-absolute-values-characterisation	pending		
thm-equivalent-psh-exhaustion-and-boundary-distance-pseudoconvexity	pending		
thm-erdos-high-girth-and-high-chromatic-number	pending		
thm-erdos-ko-rado	pending		
thm-erdos-rado-sunflower-lemma	pending		
thm-erdos-stone-for-balanced-blowups	pending		
thm-erdos-stone-simonovits	pending		
thm-erdos-sum-free-subset-bound	pending		
thm-erdos-szekeres	pending		
thm-euclid-infinitude-of-primes	pending		
thm-euclidean-algorithm	pending		
thm-euclidean-algorithm-for-jacobi-symbol	pending		
thm-euclidean-constant-rank-normal-form	pending		
thm-euclidean-domain-is-a-pid	pending		
thm-euclidean-heine-borel-pseudocompactness-and-extreme-values	pending		
thm-euclidean-implicit-function-theorem	pending		
thm-euclidean-inverse-function-theorem	pending		U-P
thm-euclidean-lebesgue-measure-is-the-completion-of-the-product-of-lebesgue-measures	pending		
thm-euclidean-semicontinuity-epigraph-characterisations	pending		
thm-euclidean-semicontinuity-level-set-characterisations	pending		
thm-euclidean-semicontinuous-extreme-value-theorem	pending		
thm-euclidean-space-complete	pending		
thm-euclidean-tubular-neighbourhood-theorem	pending		A-R
thm-euclids-lemma	pending		
thm-euler-distinct-parts-equal-odd-parts-by-generating-functions	pending		
thm-euler-formula-for-connected-plane-graphs	pending		U-P
thm-euler-gamma-function-is-holomorphic	pending		
thm-euler-limit-formula-for-gamma	pending		
thm-euler-mascheroni-constant-and-harmonic-asymptotic	pending		U-P
thm-euler-pentagonal-number-theorem-by-franklin	pending		
thm-euler-poincare-formula-for-a-finite-simplicial-complex	pending		
thm-euler-poincare-formula-for-finite-cw-complexes	pending		U-P
thm-euler-poincare-formula-for-finite-free-complexes	pending		
thm-euler-product-for-riemann-zeta	pending		
thm-euler-reflection-formula	pending		
thm-euler-totient-product-formula	pending		
thm-euler-totient-summatory-estimate	pending		
thm-eulerian-recurrence	pending		
thm-eulers-criterion-for-binomial-congruences	pending		
thm-eulers-criterion-for-legendre-symbol	pending		
thm-eulers-euler-circuit-characterisation	pending		
thm-eulers-formula	pending		
thm-eulers-theorem	pending		
thm-evaluation-is-continuous-for-a-locally-compact-hausdorff-domain	pending		
thm-evaluation-is-continuous-on-a-locally-compact-metric-domain	pending		
thm-evaluation-is-the-colimit-over-the-slice-category	pending		
thm-evaluation-is-the-limit-over-the-coslice-category	pending		
thm-evaluation-kernel-and-minimal-polynomial	pending		
thm-event-independence-and-indicator-independence	pending		U-P
thm-event-independence-via-conditioning	pending		
thm-eventown	pending		
thm-every-adjunction-induces-a-monad-on-the-domain-of-its-left-adjoint	pending		
thm-every-algebra-is-the-coequalizer-of-a-canonical-pair-of-free-algebras	pending		
thm-every-braided-monoidal-category-is-monoidally-equivalent-to-a-strict-braided-one	pending		
thm-every-category-o-object-has-finite-length	pending		U-P
thm-every-complex-number-has-a-square-root	pending		
thm-every-derivative-is-henstock-kurzweil-integrable	pending		
thm-every-enriched-functor-into-the-base-is-a-weighted-colimit-of-representables	pending		
thm-every-equivalence-can-be-made-an-adjoint-equivalence	pending		
thm-every-finite-abelian-group-is-a-galois-group-over-the-rationals	pending		
thm-every-finite-group-has-a-composition-series	pending		
thm-every-graph-on-at-most-five-vertices-has-the-erdos-hajnal-property	pending		U-P
thm-every-graph-on-at-most-four-vertices-has-the-erdos-hajnal-property	pending		
thm-every-group-has-a-presentation	pending		
thm-every-independent-set-extends-to-a-basis	pending		
thm-every-infinite-cardinal-is-an-aleph	pending		
thm-every-irreducible-representation-is-a-quotient-of-the-regular-representation	pending		
thm-every-manifold-with-boundary-has-a-global-inward-pointing-vector-field-along-the-boundary	pending		
thm-every-maximal-eventown-family-is-maximum	pending		
thm-every-monomorphism-is-the-kernel-of-its-cokernel	pending		
thm-every-nonabelian-group-of-order-p-cubed-is-extraspecial	pending		
thm-every-nonempty-perfect-subset-of-r-has-cardinality-continuum	pending		
thm-every-nonempty-polish-space-is-a-continuous-image-of-baire-space	pending		A-R
thm-every-nontrivial-cograph-is-disconnected-or-has-disconnected-complement	pending		
thm-every-nontrivial-graph-is-connected-or-anticonnected	pending		
thm-every-oracle-is-strictly-below-its-jump	pending		U-P
thm-every-prime-graph-on-at-least-four-vertices-contains-an-induced-p-four	pending		
thm-every-prime-is-a-sum-of-four-squares	pending		
thm-every-rectifiable-path-has-an-arc-length-parametrization	pending		
thm-every-smooth-manifold-admits-a-smooth-proper-exhaustion-function	pending		A-R
thm-every-smooth-manifold-embeds-in-some-finite-dimensional-euclidean-space	pending		A-R
thm-every-smooth-vector-bundle-admits-a-smooth-bundle-metric	pending		A-P
thm-every-valuation-ring-arises-from-its-value-group	pending		
thm-exact-c1-vector-fields-are-closed	pending		
thm-exact-column-pivoted-qr-of-a-rank-r-matrix-has-an-invertible-leading-block-and-zero-trailing-block	pending		
thm-exact-rank-is-locally-constant-at-full-rank-and-discontinuous-at-nonmaximal-rank-matrices	pending		
thm-exactness-is-self-dual	pending		
thm-exactness-of-inverse-limits-under-mittag-leffler	pending		
thm-exactness-of-kernel-and-cokernel-sequences-under-endpoint-hypotheses	pending		
thm-exactness-of-sheaves-stalkwise	pending		
thm-excellent-morse-functions-are-open-dense-on-a-compact-manifold	no_candidate_found	morse-topic-pilot.json	
thm-excision-for-singular-homology	pending		U-P
thm-existence-and-uniqueness-of-a-maximal-ode-solution	pending		
thm-existence-and-uniqueness-of-extended-dfa-transition	pending		
thm-existence-and-uniqueness-of-maximal-connected-integral-manifolds	pending		
thm-existence-and-uniqueness-of-multilinear-extension	pending		
thm-existence-and-uniqueness-of-the-exterior-derivative	pending		
thm-existence-and-uniqueness-of-the-shapovalov-form	pending		
thm-existence-of-a-universal-turing-machine	pending		U-P
thm-existence-of-algebraic-closures	pending		
thm-existence-of-associated-primes	pending		A-P
thm-existence-of-complex-line-integrals-on-rectifiable-paths	pending		
thm-existence-of-finite-fields	pending		
thm-existence-of-hilbert-samuel-polynomial	pending		U-P
thm-existence-of-pointwise-kan-extensions	pending		
thm-existence-of-schur-covering-groups-for-finite-groups	pending		U-P
thm-existence-of-systems-of-parameters	pending		
thm-existence-of-the-bounded-above-left-total-derived-functor	pending		
thm-existence-of-the-bounded-below-right-total-derived-functor	pending		
thm-existence-of-the-lebesgue-stieltjes-measure	pending		A-P
thm-expander-mixing-lemma	pending		U-P
thm-expander-walk-hits-dense-bad-sets	pending		U-P
thm-expectation-monotonicity-and-bounds	pending		
thm-expectation-of-products-of-independent-random-variables	pending		
thm-exponential-addition-formula	pending		
thm-exponential-beats-every-polynomial	pending		
thm-exponential-correspondence-is-continuous	pending		
thm-exponential-definition-equivalence	pending		
thm-exponential-formula-for-set-partitions-and-bell-numbers	pending		
thm-exponential-is-strictly-increasing	pending		
thm-exponential-ivp-uniqueness	pending		
thm-exponential-limits-and-range	pending		
thm-exponential-product-limit	pending		
thm-exponential-two-point-convexity	pending		
thm-ext-dimension-shifting-in-the-first-variable	pending		
thm-ext-dimension-shifting-in-the-second-variable	pending		
thm-ext-is-hom-in-the-derived-category	no_candidate_found	anonymous-pilot.json	
thm-extension-by-zero-adjunction-exactness	pending		
thm-extension-generated-by-separable-elements-is-separable	pending		
thm-extension-of-a-bounded-map-from-a-dense-subspace	pending		
thm-extension-of-scalars-is-left-adjoint-to-restriction	pending		
thm-extensions-and-direct-products-of-solvable-groups-are-solvable	pending		
thm-extensions-of-amenable-groups-are-amenable	pending		
thm-extensions-of-finite-fields-are-galois-with-cyclic-frobenius-group	pending		
thm-exterior-algebra-laws	pending		
thm-exterior-disc-and-exterior-cone-points-are-regular	pending		
thm-exterior-power-transition-laws-define-a-smooth-vector-bundle	pending		
thm-exterior-powers-are-functorial	pending		
thm-external-direct-product-is-a-group	pending		
thm-external-semidirect-product-is-a-group	pending		
thm-extremal-graph-supersaturation	pending		
thm-extreme-value-metric	pending		
thm-extreme-value-r	pending		
thm-factor-set-model-agrees-with-derived-second-group-cohomology	pending		
thm-factorial-coordinate-bound-for-a-splitting-field	pending		
thm-factorial-gap-series-has-the-unit-circle-as-natural-boundary	pending		
thm-factorisation-of-the-cyclotomic-polynomial-over-a-finite-field	pending		
thm-factorization-of-expectations-for-independent-variables	pending		A-P
thm-factorization-of-x-qn-minus-x	pending		
thm-faithful-flatness-detected-by-nonzero-modules-and-fibres	pending		
thm-faithful-flatness-of-jacobson-adic-completion	pending		
thm-faithfully-flat-descent-of-flatness	pending		
thm-faithfully-flat-ring-map-characterisations	pending		
thm-fat-cantor-set-has-positive-measure	pending		
thm-fatou-lemma	pending		A-P
thm-fejer-convergence-in-lp	pending		
thm-fejer-means-converge-at-lebesgue-points	pending		
thm-fejer-theorem-for-pointwise-midpoint-values	pending		
thm-fejer-uniform-convergence-for-continuous-periodic-functions	pending		
thm-fermat-for-euclidean-local-extrema	pending		
thm-fermat-interior-extremum	pending		U-P
thm-fermat-two-square-theorem-for-primes	pending		
thm-fermats-little-theorem	pending		
thm-fibre-dimension-lower-bound	pending		U-P
thm-fibre-products-of-schemes-exist	pending		
thm-field-norm-and-trace-agree-with-operator-determinant-and-trace	pending		
thm-field-norm-and-trace-by-embeddings	pending		
thm-field-of-fractions-is-a-field-and-the-domain-embeds	pending		
thm-filtered-colimits-commute-with-finite-limits-in-set	pending		
thm-final-functors-do-not-change-colimits-and-initial-functors-do-not-change-limits	pending		
thm-finite-abelian-groups-decompose-into-indecomposable-subgroups	pending		
thm-finite-additivity-of-probability	pending		
thm-finite-and-countable-subadditivity-of-measures	pending		
thm-finite-bayes-theorem	pending		
thm-finite-borel-measure-on-r-is-atomic-plus-atomless	pending		
thm-finite-borel-measures-on-r-have-a-unique-absolutely-continuous-discrete-and-singular-continuous-decomposition	pending		A-R
thm-finite-c-prime-one-sixth-presentations-define-hyperbolic-groups	pending		U-P
thm-finite-caratheodory-sets-characterized-by-source-algebra-approximation	pending		
thm-finite-characteristically-simple-groups-are-direct-products-of-isomorphic-simple-groups	pending		
thm-finite-dimensional-isometry-characterisations	pending		
thm-finite-dimensional-norm-equivalence-over-a-complete-valued-field	pending		
thm-finite-dimensional-orthogonal-decomposition	pending		
thm-finite-dimensional-simple-modules-are-classified-by-dominant-highest-weights	existing_finding	terra-lie-02-receipts.json	A-P
thm-finite-dimensional-vector-spaces-are-rigid	pending		
thm-finite-extension-is-separable-iff-separable-degree-is-full	pending		
thm-finite-family-erdos-hajnal-polynomial-rodl-and-viral-equivalence	pending		
thm-finite-field-extensions-are-algebraic	pending		
thm-finite-fields-have-prime-power-order	pending		
thm-finite-flat-modules-over-local-rings-are-free	pending		
thm-finite-free-bases-have-the-same-cardinality	pending		
thm-finite-galois-extension-characterizations	pending		
thm-finite-generation-and-finite-presentation-over-a-noetherian-ring	pending		
thm-finite-graph-ramsey-binomial-bound	pending		
thm-finite-inclusion-exclusion-for-measures	pending		
thm-finite-index-core-bound-and-finite-overgroups	pending		
thm-finite-integral-closure-in-a-finite-separable-extension	pending		
thm-finite-jensen-inequality	pending		
thm-finite-jensen-inequality-in-euclidean-space	pending		
thm-finite-law-of-total-probability	pending		
thm-finite-length-semisimple-module-characterizations	pending		
thm-finite-limit-and-colimit-criteria	pending		
thm-finite-measure-l-r-includes-into-l-p-for-p-less-r	pending		A-P
thm-finite-modules-over-complete-noetherian-rings-are-complete	pending		
thm-finite-normal-closures-exist-and-are-finite	pending		
thm-finite-p-groups-are-nilpotent	pending		
thm-finite-probability-spaces-are-exactly-finite-full-power-set-probability-spaces	pending		U-P
thm-finite-products-of-banach-spaces-are-banach	pending		
thm-finite-products-of-compact-spaces	pending		
thm-finite-ramsey-for-uniform-subsets	pending		
thm-finite-second-moment-lower-bound	pending		
thm-finite-simplicial-tree-agrees-with-the-published-finite-tree-notion	pending		
thm-finite-solvable-iff-composition-factors-have-prime-order	pending		
thm-finite-supersolvable-groups-are-monomial	pending		U-P
thm-finite-torsionfree-modules-over-dedekind-domains	pending		
thm-finite-total-variation-signed-measures-are-complete	pending		
thm-finite-total-variation-signed-measures-form-a-real-normed-space	pending		
thm-finite-union-bound	pending		
thm-finitely-generated-algebraic-extensions-are-finite	pending		
thm-finitely-generated-free-groups-are-subgroup-separable	pending		U-P
thm-finitely-generated-modules-over-noetherian-rings-are-noetherian	pending		
thm-finitely-generated-nonzero-modules-have-maximal-proper-submodules	pending		
thm-finitely-generated-semisimple-modules-are-finite-direct-sums-of-simple-modules	pending		
thm-finitely-many-discontinuities-integrable	pending		
thm-finitely-many-irreducibles-occur-in-the-regular-representation-with-multiplicity-equal-to-their-degree	pending		U-P
thm-finiteness-of-associated-primes	pending		
thm-first-borel-cantelli	pending		
thm-first-cohomology-classifies-complements-up-to-kernel-conjugacy	pending		
thm-first-countable-frechet-urysohn-sequential-hierarchy	pending		
thm-first-countable-sequences-suffice	pending		
thm-first-fundamental-theorem-of-calculus-for-l-one	pending		
thm-first-isomorphism-theorem-for-vector-spaces	pending		
thm-first-isomorphism-theorem-groups	pending		
thm-first-isomorphism-theorem-in-an-abelian-category	pending		
thm-first-isomorphism-theorem-modules	pending		
thm-first-isomorphism-theorem-rings	pending		
thm-first-mean-value-theorem-for-integrals	pending		
thm-first-mertens-theorem-for-primes	pending		
thm-first-moment-method	pending		
thm-first-nonzero-derivative-test	pending		
thm-first-order-linear-ode-integrating-factor	pending		
thm-first-orthogonality-relation-for-irreducible-complex-characters	pending		U-P
thm-first-supplement-to-quadratic-reciprocity	pending		
thm-first-uniqueness-theorem-primary-decomposition	pending		
thm-fishers-inequality-for-two-designs	pending		
thm-fitting-subgroup-contains-its-centralizer-in-a-finite-solvable-group	pending		
thm-fitting-subgroup-is-largest-normal-nilpotent-subgroup	pending		
thm-fitting-subgroup-of-the-frattini-quotient	pending		
thm-five-colour-theorem	pending		U-P
thm-five-lemma-for-a-morphism-of-long-exact-sequences	pending		
thm-five-lemma-for-modules	pending		
thm-five-lemma-in-an-abelian-category	pending		
thm-five-term-exact-sequence-as-extension-and-transgression-data	pending		U-P
thm-fixed-points-of-a-conjugation-form-a-real-space-and-its-complexification-recovers-the-ambient-space	pending		
thm-flat-dimension-at-most-n-iff-higher-tor-vanishes	no_candidate_found	tor-pilot.json	
thm-flat-going-down	pending		
thm-flat-quotients-preserve-short-exact-tensor-sequences	pending		
thm-flatness-criteria-by-injections-and-ideals	pending		
thm-flatness-is-local	pending		
thm-flatness-of-noetherian-completion	pending		
thm-floating-point-dot-product-componentwise-and-normwise-error-bounds	pending		
thm-flow-box-theorem	pending		
thm-flowout-theorem	pending		
thm-flux-under-surface-reparametrization	pending		
thm-foata-transformation-sends-major-index-to-inversion-number	pending		
thm-fodor-pressing-down	pending		
thm-folner-criterion-for-amenability	pending		U-P
thm-ford-fulkerson-integral-max-flow-min-cut	pending		
thm-forest-edge-component-count	pending		
thm-forest-free-graphs-have-a-linear-anticomplete-pair-or-a-high-degree-vertex	pending		U-P
thm-formal-composition-laws	pending		
thm-formal-compositional-inverse	pending		
thm-formal-exponential-logarithm-identities	pending		
thm-formal-power-laurent-dictionary	pending		
thm-formal-power-series-ring-and-polynomial-embedding	pending		
thm-formal-power-series-unit-criterion	pending		
thm-forward-and-back-substitution-are-correct-unique-and-quadratic-cost	pending		
thm-foundation-equivalent-to-hierarchy-exhaustion	pending		
thm-foundation-excludes-membership-cycles	pending		
thm-four-lemma-in-an-abelian-category	pending		
thm-frankl-wilson-nonuniform-bound	pending		
thm-frattini-argument	pending		
thm-frattini-formula-for-finitely-generated-pro-p-groups	pending		
thm-frattini-formula-without-an-extra-closure-for-finitely-generated-pro-p-groups	pending		
thm-frattini-quotient-is-the-largest-elementary-abelian-quotient	pending		
thm-frattini-subgroup-commutes-with-surjective-inverse-limits	pending		
thm-frattini-subgroup-formula-for-a-finite-p-group	pending		
thm-frattini-subgroup-is-nilpotent	pending		
thm-free-group-of-rank-two-is-nonamenable	pending		
thm-free-groups-are-residually-finite	pending		
thm-free-groups-are-torsion-free	pending		
thm-free-groups-of-rank-at-least-two-have-exponential-growth	pending		
thm-free-groups-unique-up-to-unique-isomorphism	pending		
thm-free-modules-are-projective-with-choice-boundary	pending		
thm-free-presentation-construction-has-the-universal-property	pending		
thm-free-product-of-free-groups-on-disjoint-bases	pending		
thm-freyd-representability-theorem	pending		
thm-frobenius-cesaro-implies-abel-summability	pending		
thm-frobenius-cycle-type-and-prime-splitting	pending		
thm-frobenius-elements-above-a-prime-are-conjugate	pending		
thm-frobenius-endomorphism-and-finite-field-automorphism	pending		
thm-frobenius-formula-for-induced-characters	pending		U-P
thm-frobenius-local-coordinate-theorem	pending		
thm-frobenius-order-is-residue-degree	pending		
thm-froda	pending		
thm-frolik-internal-characterisation-of-cech-completeness	pending		
thm-frullani-integral-proper-factor	pending		
thm-ftc-first-part	pending		
thm-ftc-second-part	pending		
thm-fubini-for-ends	pending		
thm-fubini-over-a-region-between-continuous-graphs	pending		
thm-fubini-term-by-term-differentiation-for-series-of-increasing-functions	pending		
thm-fubini-theorem-for-l-one-on-sigma-finite-product-spaces	pending		A-P
thm-fullness-and-faithfulness-of-a-right-adjoint-read-off-the-counit	pending		
thm-fully-faithful-split-essentially-surjective-characterises-equivalence	pending		
thm-function-space-is-complete-for-a-complete-target	pending		
thm-functoriality-base-change-and-generator-change-for-koszul-complexes	pending		
thm-fundamental-group-acts-on-its-bass-serre-tree	pending		
thm-fundamental-group-laws	pending		
thm-fundamental-group-of-a-product	pending		
thm-fundamental-group-of-a-topological-group-is-abelian	pending		
thm-fundamental-group-of-finite-wedge-of-circles	pending		
thm-fundamental-group-of-the-circle	pending		
thm-fundamental-groups-from-different-maximal-trees-are-isomorphic	pending		U-P
thm-fundamental-identity-for-primes-in-number-fields	pending		
thm-fundamental-inequality-for-complex-line-integrals	pending		
thm-fundamental-theorem-for-autonomous-smooth-odes	pending		
thm-fundamental-theorem-for-complex-line-integrals	pending		
thm-fundamental-theorem-for-nonautonomous-smooth-odes	pending		
thm-fundamental-theorem-of-algebra-liouville-proof	pending		
thm-fundamental-theorem-of-algebra-minimum-modulus-proof	pending		
thm-fundamental-theorem-of-algebra-via-the-fundamental-group	pending		
thm-fundamental-theorem-of-arithmetic	pending		
thm-fundamental-theorem-of-calculus-for-absolutely-continuous-functions	pending		U-P
thm-fundamental-theorem-of-finite-abelian-groups-elementary-divisor-form	pending		
thm-fundamental-theorem-of-finite-abelian-groups-invariant-factor-form	pending		
thm-fundamental-theorem-of-finite-galois-theory	pending		
thm-fundamental-theorem-of-symmetric-polynomials	pending		
thm-fundamental-theorem-of-symmetric-polynomials-existence	pending		
thm-fundamental-theorem-on-flows	pending		A-P
thm-g-delta-subspaces-of-complete-metric-spaces-are-completely-metrizable	pending		
thm-gallagher-correspondence-for-an-extendible-character	pending		U-P
thm-gallai-matching-edge-cover-identity	pending		
thm-gallai-modular-decomposition	pending		
thm-galois-action-on-primes-above-a-prime-is-transitive	pending		
thm-galois-closures-exist-and-are-minimal	pending		
thm-galois-group-embeds-in-the-symmetric-group-on-the-roots	pending		
thm-galois-group-of-a-compositum-as-a-fibre-product	pending		
thm-galois-group-of-an-irreducible-cubic-by-discriminant	pending		
thm-galois-group-of-an-irreducible-quartic-by-its-resolvent	pending		
thm-galois-translation-theorem	pending		
thm-gamma-functional-equation	pending		
thm-gamma-meromorphic-continuation	pending		
thm-gamma-weierstrass-product	pending		
thm-gap-and-union-theorems-for-complexity-bounds	pending		U-P
thm-gauge-fixed-simple-eigenvector-derivative-formula	pending		
thm-gauss-jordan-elimination-produces-reduced-row-echelon-form	pending		
thm-gauss-lemma-for-integer-polynomials	pending		
thm-gauss-multiplication-formula	pending		
thm-gauss-quadratic-residue-lemma	pending		
thm-gauss-test	pending		
thm-gaussian-elimination-multipliers-produce-the-normalised-lu-factors	pending		
thm-gaussian-elimination-produces-row-echelon-form	pending		
thm-gaussian-elimination-with-partial-pivoting-computes-a-nearby-factorisation-with-pivot-growth-bound	pending		
thm-gaussian-integral	pending		
thm-gcd-and-lcm-from-valuations	pending		
thm-gcd-generates-the-subgroup	pending		
thm-gcd-lcm-product	pending		
thm-general-adjoint-functor-theorem-functor-form	pending		
thm-general-adjoint-functor-theorem-objectwise-form	pending		
thm-general-leibniz-rule	pending		
thm-general-polynomial-of-degree-n-has-galois-group-s-n	pending		
thm-general-stokes-theorem	pending		
thm-generalised-associativity	pending		
thm-generalized-fitting-subgroup-contains-its-centralizer	pending		U-P
thm-generalized-holder-inequality-for-products	pending		
thm-generalized-pell-solutions-have-finitely-many-orbits	pending		
thm-generated-ideal-description-in-a-commutative-ring	pending		
thm-generated-sigma-algebra-calculus	pending		
thm-generated-sigma-algebra-comparison-criterion	pending		
thm-generated-sigma-algebra-exists-and-is-minimal	pending		
thm-generated-trace-commutes	pending		
thm-generating-family-criterion-for-measurable-functions	pending		
thm-generic-fibre-dimension	pending		U-P
thm-generic-height-functions-on-an-embedded-compact-manifold-are-morse	pending		
thm-generic-squared-distance-functions-are-morse	no_candidate_found	morse-topic-pilot.json	
thm-geometric-hahn-banach-for-subspaces	pending		U-P
thm-geometric-multiplicity-does-not-exceed-algebraic-multiplicity	pending		
thm-geometric-series	pending		
thm-germ-projection-is-a-local-biholomorphism	pending		
thm-gershgorin-disk-theorem	pending		
thm-gibbs-overshoot-at-a-piecewise-c-one-jump	pending		
thm-glaisher-bijection-between-odd-and-distinct-partitions	pending		
thm-global-cauchy-integral-formula-homology	pending		
thm-global-dimension-is-the-supremum-of-nondegenerate-ext-degrees	pending		
thm-global-form-integration-is-independent-of-the-atlas-partition-and-refinement	pending		
thm-global-regular-functions-projective-variety	pending		A-R
thm-global-sections-affine-scheme	pending		
thm-global-sphere-degree-is-the-sum-of-local-degrees	pending		U-P
thm-global-stable-and-unstable-manifolds-are-immersed-euclidean-spaces	pending		
thm-gluing-affine-schemes	pending		
thm-gluing-ringed-and-locally-ringed-spaces	pending		
thm-gluing-sheaves	pending		
thm-going-down-over-normal-domains	pending		
thm-going-up	pending		
thm-goursat-theorem-one-exceptional-point	pending		
thm-goursat-triangle-theorem	pending		
thm-gradient-and-hessian-of-the-frobenius-least-squares-functional	pending		
thm-gradient-represents-directional-derivatives-and-steepest-ascent	pending		
thm-gradient-theorem-for-line-integrals	pending		
thm-graham-pollak	pending		
thm-gram-determinant-detects-linear-independence	pending		
thm-gram-inner-product-on-exterior-powers-is-positive-definite	pending		A-P
thm-gram-schmidt-orthonormalisation	pending		
thm-grand-equivalence-for-simply-connected-plane-domains	pending		
thm-graph-closed-for-classical-variety-morphism	pending		U-P
thm-graph-nonisomorphism-is-in-ip	pending		U-P
thm-graph-of-continuous-function-on-a-compact-set-has-content-zero	pending		
thm-graph-removal-lemma	pending		
thm-graphs-of-continuous-functions-have-content-zero	pending		
thm-great-picard-theorem	pending		
thm-green-vertex-source-existence-and-conjugacy	pending		
thm-greendlinger-lemma-for-c-prime-one-sixth-presentations	pending		A-P
thm-greens-theorem-for-finite-unions-of-elementary-regions	pending		
thm-gregory-leibniz-series-for-pi-from-a-finite-remainder	pending		
thm-greibach-normal-form	pending		
thm-gronwall-integral-inequality	pending		
thm-group-actions-and-group-ring-modules-correspond	pending		
thm-group-actions-correspond-to-homomorphisms	pending		
thm-group-algebra-decomposes-as-a-product-of-matrix-algebras-over-an-algebraically-closed-field	pending		U-P
thm-group-cohomological-dimension-is-detected-by-cohomology-vanishing	pending		
thm-group-homomorphism-injective-iff-trivial-kernel	pending		
thm-group-pushout-as-an-amalgamated-quotient	pending		
thm-group-ring-is-a-unital-algebra-with-basis-g	pending		
thm-group-ring-is-commutative-iff-the-group-is-abelian	pending		
thm-grouping-independent-sigma-algebras	pending		
thm-grouping-of-series	pending		
thm-groups-are-monadic-over-sets	pending		
thm-groups-of-finite-integral-cohomological-dimension-are-torsion-free	pending		
thm-groups-of-order-forty-five-are-abelian	pending		
thm-groups-of-order-one-hundred-five-have-a-normal-sylow-subgroup	pending		
thm-groups-of-order-p-squared-q-have-a-normal-sylow-subgroup	pending		
thm-groups-of-order-thirty-have-a-normal-sylow-subgroup	pending		
thm-growth-type-is-a-quasi-isometry-invariant-of-finitely-generated-groups	pending		
thm-growth-type-is-independent-of-the-finite-generating-set	pending		
thm-grp-is-complete-and-cocomplete	pending		
thm-grushko-decomposition-and-rank-additivity	pending		
thm-h-kappa-is-a-transitive-set	pending		
thm-h-two-classifies-extensions-with-fixed-abelian-kernel-action	pending		
thm-hadamard-factorization-for-finite-order-entire-functions	pending		
thm-hadamard-lacunary-sets-are-sidon	pending		
thm-hadamard-product-for-riemann-xi	pending		
thm-hadamard-product-of-rational-series-is-rational	pending		
thm-hadamard-three-lines	pending		U-P
thm-hahn-banach-dominated-extension	pending		
thm-hahn-banach-norm-preserving-extension	pending		U-P
thm-hahn-decomposition-for-signed-measures	pending		A-R
thm-hake-extension-theorem-for-henstock-kurzweil-integrals	pending		
thm-halbeisen-shelah-no-powerset-sequence-injection	pending		
thm-half-angle-identities-with-sign-conditions	pending		
thm-hall-burnside-automorphism-theorem	pending		
thm-hall-marriage-finite-bipartite	pending		
thm-halting-is-recognizable-and-undecidable	pending		U-P
thm-halting-is-sigma-one-complete	pending		A-P
thm-hamilton-cycle-vertex-deletion-bound	pending		
thm-handshake-lemma-for-finite-simple-graphs	pending		
thm-hankel-representation-for-reciprocal-gamma	pending		
thm-hardy-littlewood-maximal-inequality-for-balls	pending		A-R
thm-harish-chandra-isomorphism-for-the-center	existing_finding	terra-lie-02-receipts.json	U-P
thm-harmonic-and-holomorphic-schwarz-reflection-principles	pending		
thm-harmonic-conjugate-on-homologically-simply-connected-domains	pending		
thm-harmonic-majorant-characterization-of-plane-subharmonicity	pending		
thm-harmonic-oscillator-initial-value-characterization	pending		
thm-harnack-convergence-principle	pending		U-P
thm-harnack-convergence-principle-for-plane-harmonic-functions	pending		
thm-harnack-inequality-on-a-ball	pending		U-P
thm-harnack-inequality-on-a-disc	pending		
thm-hartogs	pending		
thm-hartogs-extension-across-compact-holes	pending		
thm-hartogs-figure-extension	pending		
thm-hartogs-separate-holomorphy	pending		
thm-hasse-minkowski-for-ternary-forms-over-q	pending		
thm-hasse-minkowski-over-the-rationals	pending		U-P
thm-hausdorff-completion-of-a-uniform-space	pending		
thm-hausdorff-dimension-critical-exponent	pending		
thm-hausdorff-dimension-is-countably-stable	pending		
thm-hausdorff-iff-net-limits-are-unique	pending		
thm-hausdorff-iff-the-diagonal-is-closed	pending		
thm-hausdorff-mass-distribution-principle	pending		
thm-hausdorff-measure-has-borel-hulls	pending		
thm-hausdorff-measure-is-an-outer-measure	pending		
thm-hausdorff-measure-is-metric-and-borel-measurable	pending		
thm-hausdorff-measure-under-lipschitz-maps	pending		
thm-hausdorff-n-measure-is-proportional-to-lebesgue-measure	pending		
thm-hausdorff-one-measure-is-lebesgue-outer-measure-on-the-line	pending		
thm-height-one-localisation-of-normal-noetherian-domain-is-dvr	pending		
thm-heine-borel-characterisation-r	pending		
thm-heine-borel-r	pending		
thm-heine-borel-rn	pending		
thm-heine-cantor-metric	pending		
thm-heine-cantor-r	pending		
thm-henstock-kurzweil-cauchy-criterion	pending		
thm-henstock-kurzweil-integrability-on-subintervals-and-additivity	pending		
thm-hereditary-classes-have-a-unique-minimal-forbidden-basis	pending		
thm-hermitian-arnoldi-collapses-to-the-lanczos-three-term-recurrence	pending		U-P
thm-hermitian-positive-definite-linear-system-has-a-unique-energy-minimizer	pending		
thm-hermitian-rayleigh-quotient-iteration-has-local-cubic-convergence	pending		
thm-hessenberg	pending		
thm-hessian-characterises-convexity	pending		
thm-higher-dimensional-spheres-are-simply-connected	pending		
thm-higher-regularity-of-local-inverses	pending		
thm-higher-tor-over-the-integers-vanishes	pending		A-R
thm-higher-yoneda-ext-agrees-with-derived-ext	pending		
thm-higman-criterion-for-relative-projectivity	pending		
thm-hilbert-basis-theorem	pending		
thm-hilbert-cube-universal-for-separable-metrizable-spaces	pending		A-P
thm-hilbert-reciprocity-over-the-rationals	pending		
thm-hilbert-samuel-dimension-theorem	pending		
thm-hilbert-serre-theorem	pending		U-P
thm-hilbert-symbol-is-symmetric-bilinear-and-nondegenerate	pending		
thm-hilberts-theorem-90	pending		
thm-hnn-normal-form-theorem	pending		
thm-hodge-star-exists-uniquely-and-has-the-orthonormal-basis-formula	pending		A-P
thm-holder-exponent-above-one-forces-constancy	pending		
thm-holder-finite	pending		
thm-holder-finite-real-exponents	pending		
thm-holder-inequality-for-integrals	pending		A-P
thm-holomorphic-constant-rank-theorem	pending		
thm-holomorphic-germ-ring-is-a-ufd	pending		
thm-holomorphic-germ-ring-is-noetherian	pending		
thm-holomorphic-germs-at-a-point-form-a-local-ring	pending		
thm-holomorphic-if-and-only-if-analytic	pending		
thm-holomorphic-implicit-function-theorem	pending		
thm-holomorphic-inverse-contour-formula	pending		
thm-holomorphic-inverse-function-theorem	pending		
thm-holomorphic-inverse-function-theorem-several-variables	pending		
thm-holomorphic-logarithms-homologically-simply-connected-domains	pending		
thm-holomorphic-parameter-riemann-integral	pending		
thm-holomorphic-primitive-on-star-shaped-domain	pending		
thm-holomorphic-pullback-of-plurisubharmonic-functions	pending		
thm-hom-assignment-is-a-bifunctor	pending		
thm-hom-assignments-are-functors	pending		
thm-hom-from-a-finite-dimensional-space-as-a-tensor-product	pending		
thm-hom-functors-are-left-exact	pending		
thm-hom-in-the-homotopy-category-is-zero-degree-homology-of-the-hom-complex	pending		
thm-hom-is-left-exact-in-each-variable	pending		
thm-hom-tensor-adjunction-for-modules	pending		
thm-homogeneous-and-inhomogeneous-group-cochains-are-isomorphic-complexes	pending		
thm-homogeneous-linear-transport-by-the-flow	pending		
thm-homological-simple-connectivity-equivalences	pending		
thm-homology-factors-uniquely-through-the-homotopy-category	pending		
thm-homology-is-a-homological-functor-on-the-homotopy-category	pending		
thm-homology-is-an-additive-functor	pending		
thm-homotopy-equivalence-is-an-equivalence-relation	pending		
thm-homotopy-equivalences-induce-isomorphisms-on-singular-homology	pending		
thm-homotopy-invariance-of-holomorphic-line-integrals	pending		
thm-homotopy-lifting-for-covering-maps	pending		
thm-hopf-boundary-point-lemma-for-the-laplacian	pending		
thm-hopf-formula-for-the-schur-multiplier	pending		U-P
thm-horseshoe-lemma-for-injective-resolutions	pending		
thm-horseshoe-lemma-for-projective-resolutions	pending		U-P
thm-householder-qr-is-backward-stable-in-the-standard-floating-point-model	pending		
thm-householder-reflectors-and-givens-transformations-are-unitary-and-annihilate-targeted-entries	pending		
thm-householder-similarity-reduces-to-hessenberg-and-tridiagonal-form	pending		
thm-hurwitz-injective-limit	pending		
thm-hurwitz-zero-free-limit	pending		
thm-hyperbolic-group-definition-is-independent-of-finite-generating-set	pending		U-P
thm-hyperbolic-groups-admit-finite-dehn-presentations	pending		U-P
thm-hyperbolic-groups-have-bounded-orders-of-finite-subgroups	pending		U-P
thm-hyperbolic-identities-and-derivatives	pending		
thm-hyperbolicity-is-invariant-under-quasi-isometry-for-geodesic-spaces	pending		U-P
thm-hypergraph-kovari-sos-turan-bound	pending		
thm-hypergraph-two-colouring-by-first-moment	pending		
thm-hypergraph-two-colouring-by-local-lemma	pending		
thm-ideal-class-group-is-the-picard-group	pending		
thm-ideal-correspondence-for-localisation	pending		
thm-ideal-norm-is-multiplicative	pending		
thm-ideal-projective-closure-saturation	pending		A-R
thm-ideals-in-a-dvr	pending		
thm-identity-principle-for-plane-harmonic-functions	pending		
thm-identity-theorem-for-real-analytic-functions-on-an-interval	pending		
thm-identity-theorem-holomorphic-functions	pending		
thm-identity-theorem-in-several-complex-variables	pending		
thm-image-subgroup-and-kernel-normal	pending		
thm-images-commute-with-tensor-products-in-a-multitensor-category	pending		
thm-immerman-szelepcsenyi-nl-equals-conl	pending		U-P
thm-improper-convergence-implies-principal-value	pending		
thm-improper-p-test-rational	pending		
thm-in-a-preadditive-category-a-finite-product-is-automatically-a-biproduct	pending		
thm-in-a-preadditive-category-an-object-is-initial-exactly-when-it-is-terminal	pending		
thm-in-a-preadditive-category-the-equalizer-of-a-parallel-pair-is-the-kernel-of-their-difference	pending		
thm-in-a-preadditive-category-with-a-zero-object-a-morphism-is-monic-exactly-when-its-kernel-is-zero	pending		
thm-in-a-pullback-square-the-induced-morphism-on-the-kernels-of-the-parallel-legs-is-an-isomorphism	pending		
thm-in-a-rigid-category-every-morphism-of-monoidal-functors-is-an-isomorphism	pending		
thm-in-a-spherical-category-the-left-and-right-traces-agree	pending		
thm-in-a-strict-braided-monoidal-category-the-braiding-satisfies-the-yang-baxter-equation	pending		
thm-in-a-symmetric-monoidal-category-the-two-closures-agree	pending		
thm-in-the-presence-of-the-symmetry-axiom-one-hexagon-implies-the-other	pending		
thm-incidence-algebra-invertibility-criterion	pending		
thm-incidence-functions-form-a-ring	pending		
thm-incidence-matrix-identity-for-a-two-design	pending		
thm-inclusion-exclusion	pending		
thm-inclusion-of-integers-in-rationals-is-monic-epic-not-iso-in-ring	pending		
thm-incomparability-for-integral-extensions	pending		
thm-increasing-basis-wedges-form-a-basis	pending		
thm-increasing-functions-split-uniquely-as-jump-plus-continuous	pending		
thm-increasing-simple-approximation-of-a-nonnegative-measurable-function	pending		A-P
thm-indecomposable-projective-kg-modules-correspond-to-simple-kg-modules	pending		
thm-indefinite-integral-of-a-nonnegative-function-is-a-measure	pending		A-P
thm-independent-random-elements-have-product-joint-law	pending		A-P
thm-independent-series-probability-and-almost-sure-convergence-agree	pending		U-P
thm-index-p-subgroup-existence-in-finite-p-groups	pending		
thm-index-two-subgroup-is-normal	pending		
thm-induced-counting-lemma-for-regular-pairs	pending		
thm-induced-dirichlet-l-finite-euler-factors	pending		
thm-induced-fundamental-group-map-functoriality	pending		
thm-induced-graph-removal-lemma	pending		
thm-induced-matrix-norms-are-compatible-submultiplicative-and-normalized	pending		
thm-induced-one-and-infinity-matrix-norms-are-max-column-and-row-sums	pending		
thm-induction-is-left-adjoint-and-coinduction-right-adjoint-to-restriction	pending		
thm-induction-is-left-adjoint-to-restriction-for-finite-group-modules	pending		
thm-induction-of-the-trivial-representation-is-the-permutation-representation-on-left-cosets	pending		
thm-induction-on-well-founded-relations	pending		
thm-induction-principle	pending		
thm-infimum-property	pending		
thm-infinite-order-elements-of-hyperbolic-groups-are-undistorted	pending		U-P
thm-infinite-product-criterion	pending		
thm-infinite-ramsey-on-the-naturals	pending		
thm-infinite-sigma-algebra-has-continuum-many-members	pending		
thm-infinitely-many-primes-congruent-to-one-modulo-n	pending		
thm-inflation-restriction-exact-sequence-in-degree-one	pending		
thm-inhomogeneous-linear-transport-formula	pending		
thm-initial-and-final-characteristic-properties	pending		
thm-initial-and-terminal-objects-are-unique-up-to-unique-isomorphism	pending		
thm-injective-c-one-images-of-compact-jordan-sets-are-jordan	pending		
thm-injective-comparison-map-exists	pending		
thm-injective-comparison-maps-are-unique-up-to-cochain-homotopy	pending		
thm-injective-complexes-model-the-bounded-below-derived-category	pending		
thm-injective-dimension-at-most-n-iff-higher-ext-vanishes	pending		
thm-injective-module-characterizations	pending		
thm-injective-modules-over-a-pid-are-exactly-divisible	pending		
thm-injective-object-characterisations	pending		
thm-injective-regular-c-one-map-is-a-diffeomorphism-onto-its-image	pending		
thm-injective-resolutions-of-the-same-object-are-homotopy-equivalent-under-that-object	pending		
thm-inner-automorphisms-normal-in-automorphism-group	pending		
thm-int-comm-ring	pending		
thm-int-ordered-ring	pending		
thm-integers-modulo-n-basic-algebra	pending		
thm-integrable-simple-functions-are-dense-in-l-one	pending		
thm-integral-closure-is-integrally-closed	pending		
thm-integral-exponential-agrees-with-exponential	pending		
thm-integral-exponential-solves-the-normalised-ivp	pending		
thm-integral-logarithm-derivative-and-normalisation	pending		
thm-integral-logarithm-is-a-bijection	pending		
thm-integral-logarithm-is-unbounded	pending		
thm-integral-logarithm-product-law	pending		
thm-integral-test-for-series	pending		
thm-integral-triangle-inequality	pending		A-P
thm-integrality-and-finite-module-equivalences	pending		
thm-integrality-commutes-with-localisation	pending		
thm-integrals-against-signed-or-complex-measures-are-bounded-by-total-variation	pending		
thm-integration-against-a-density	pending		A-P
thm-integration-against-a-radon-nikodym-derivative	pending		U-P
thm-integration-by-parts	pending		
thm-integration-by-parts-for-absolutely-continuous-functions	pending		U-P
thm-integration-by-parts-with-interior-derivatives	pending		
thm-interchange-law-for-natural-transformations	pending		
thm-interior-product-is-adjoint-to-exterior-multiplication	pending		A-P
thm-intermediate-fields-of-an-extension-of-finite-fields	pending		
thm-intermediate-value	pending		
thm-internal-direct-product-recognition	pending		
thm-internal-external-semidirect-product-equivalence	pending		
thm-intersections-of-rational-cyclotomic-fields	pending		
thm-interval-formulas-and-atoms-for-lebesgue-stieltjes-measures	pending		
thm-invariance-for-prefix-complexity	pending		A-P
thm-invariance-of-complex-line-integrals-under-increasing-reparametrization	pending		
thm-invariance-of-dimension-for-euclidean-spaces	pending		U-P
thm-invariance-theorem-for-plain-complexity	pending		U-P
thm-invariant-factor-decomposition-over-a-pid	pending		
thm-invariant-restrictions-of-diagonalisable-endomorphisms-are-diagonalisable	pending		
thm-invariants-are-hom-from-the-trivial-group-ring-module	pending		
thm-inverse-direct-image-adjunction	pending		
thm-inverse-hyperbolic-logarithm-formulas	pending		
thm-inverse-limit-of-finite-discrete-groups-is-hausdorff-compact-and-totally-disconnected	pending		
thm-inverse-limit-topology-equals-the-p-adic-metric-topology	pending		
thm-inverse-limits-are-left-exact	pending		
thm-invertible-ideal-characterisations	pending		
thm-invertible-ideals-and-rank-one-projective-modules	pending		
thm-invertible-linear-images-scale-lebesgue-measure-by-a-constant	pending		
thm-invertible-matrices-correspond-to-linear-isomorphisms	pending		
thm-invertible-matrices-factor-into-elementary-matrices	pending		
thm-invertible-matrix-theorem	pending		
thm-inviscid-burgers-characteristic-formula-and-first-crossing-time	pending		
thm-inward-pointing-vector-fields-have-local-forward-semiflows-at-the-boundary	pending		
thm-ip-is-contained-in-pspace	pending		U-P
thm-irreducible-brauer-characters-form-a-basis-of-p-regular-class-functions	pending		U-P
thm-irreducible-closed-subsets-and-prime-ideals	pending		
thm-irreducible-complex-characters-form-an-orthonormal-basis-of-the-class-functions	pending		U-P
thm-irreducible-components-and-minimal-primes	pending		
thm-irreducible-polynomial-in-positive-characteristic-has-a-unique-separable-core	pending		
thm-irreducible-polynomials-over-a-field-are-prime	pending		
thm-irreducible-quotient-adjoins-a-root	pending		
thm-irreducible-representations-of-a-finite-abelian-group-over-a-splitting-field-are-one-dimensional	pending		
thm-irreducible-separable-polynomial-iff-galois-group-transitive	pending		
thm-isolated-primary-components-are-unique	pending		A-R
thm-isolated-singularity-trichotomy	pending		
thm-isolated-zeros-holomorphic-function	pending		
thm-isomorphisms-extend-to-splitting-fields	pending		
thm-isotypic-decomposition-of-a-completely-reducible-representation-is-unique	pending		
thm-iterated-section-measures-agree-on-product-measurable-sets	pending		A-P
thm-iwasawa-simplicity-criterion-for-primitive-actions	pending		
thm-jacobi-map-kernel-and-square-subgroup	pending		
thm-jacobi-symbol-multiplicativity	pending		
thm-jacobi-symbol-reciprocity	pending		
thm-jacobi-symbol-supplements	pending		
thm-jacobi-theta-transformation	pending		
thm-jacobian-sign-is-constant-on-a-connected-regular-domain	pending		
thm-jacobson-radical-is-nilpotent-and-the-quotient-is-semisimple	pending		U-P
thm-jacobson-radical-unit-characterisation	pending		
thm-jantzen-sum-formula-for-a-verma-module	pending		U-P
thm-jensen-formula-on-a-disc	pending		
thm-jensen-inequality-for-expectation	pending		
thm-jensens-integral-inequality	pending		
thm-jordan-boundary-criterion	pending		
thm-jordan-canonical-form-from-pid-module-structure	pending		
thm-jordan-content-and-indicator-integrability	pending		
thm-jordan-content-is-translation-invariant	pending		
thm-jordan-decomposition-for-bv-functions	pending		
thm-jordan-decomposition-for-signed-measures	pending		A-R
thm-jordan-form-exists-iff-the-characteristic-polynomial-splits	pending		
thm-jordan-form-uniqueness-from-ranks-of-powers	pending		
thm-jordan-fubini-by-sections	pending		
thm-jordan-holder-theorem-for-groups	pending		
thm-jordan-holder-theorem-for-modules	pending		
thm-jordan-holder-theorem-in-an-abelian-category	pending		
thm-jordan-measurable-sets-are-lebesgue-measurable-with-equal-content	pending		
thm-jordans-derangement-theorem	pending		
thm-joukowski-biholomorphism-outside-unit-disc	pending		
thm-jump-functions-have-derivative-zero-almost-everywhere	pending		
thm-jump-is-monotone	pending		U-P
thm-kan-extensions-are-unique-up-to-unique-isomorphism	pending		
thm-kan-extensions-as-coends	pending		
thm-karp-lipton-collapse	pending		
thm-kernel-and-cokernel-are-mutually-inverse-order-anti-isomorphisms-between-subobjects-and-quotient-objects	pending		
thm-kernel-and-density-of-the-canonical-map-to-the-profinite-completion	pending		
thm-kernel-and-fibres-of-complex-exponential	pending		
thm-kernel-and-universal-property-of-adic-completion	pending		
thm-kernel-of-a-complex-character-agrees-with-the-representation-kernel	pending		U-P
thm-kernel-range-annihilator-identities	pending		U-P
thm-keyhole-residue-formula-mellin-rational-integrals	pending		
thm-kg-is-local-iff-g-is-a-p-group	pending		
thm-khinchin-weak-law-for-iid-integrable-variables	pending		
thm-kleisli-composition-is-associative-and-unital	pending		
thm-koebe-distortion-theorem	pending		
thm-koebe-growth-theorem	pending		
thm-koebe-one-quarter-theorem	pending		
thm-kolmogorov-complexity-is-not-computable	pending		U-P
thm-kolmogorov-convergence-criterion	pending		A-R
thm-kolmogorov-extension-for-standard-borel-coordinate-spaces	pending		
thm-kolmogorov-maximal-inequality	pending		
thm-kolmogorov-strong-law-under-summable-normalized-variances	pending		A-R
thm-kolmogorov-three-series-theorem	pending		U-P
thm-kolmogorov-zero-one-law	pending		U-P
thm-konig	pending		U-P
thm-konig-bipartite-matching-cover	pending		
thm-konig-infinity-lemma-for-ordered-trees	pending		
thm-koszul-acyclicity-characterises-local-regular-sequences	pending		
thm-koszul-characterisation-of-depth	pending		U-P
thm-koszul-concatenation-and-mapping-cone	pending		
thm-kovari-sos-turan-bound	pending		
thm-kraft-inequality	pending		U-P
thm-krull-height-theorem	pending		
thm-krull-height-theorem-converse	pending		
thm-krull-intersection-theorem	pending		
thm-krull-principal-ideal-theorem	pending		
thm-krull-schmidt-for-finite-dimensional-kg-modules	pending		A-P
thm-kruskals-minimum-spanning-tree-algorithm	pending		
thm-krylov-dimensions-grow-by-one-until-the-grade-and-then-stabilise	pending		
thm-kummer-correspondence	pending		
thm-kummer-pairing-is-perfect	pending		
thm-kummer-test	pending		
thm-kunneth-theorem-for-free-complexes-over-a-pid	pending		A-R
thm-kuratowski-closure-axioms	pending		
thm-kuratowski-distance-map-is-an-isometry	pending		
thm-kuratowski-wagner-planarity-characterisation	pending		U-P
thm-kuratowski-wojdyslawski-embedding	pending		
thm-kurosh-subgroup-theorem	pending		
thm-l-infinity-closure-of-c-c-rn-is-c-zero-rn	pending		
thm-l-infinity-of-unit-interval-is-not-separable	pending		
thm-l-one-approximate-identities-converge-in-l-p	pending		
thm-l-one-convergence-implies-convergence-in-measure	pending		
thm-l-one-convolution-exists-almost-everywhere-and-obeys-the-l-one-bound	pending		A-P
thm-l-one-functions-admit-dominated-complex-simple-approximations	pending		
thm-l-p-norms-converge-to-the-essential-supremum-for-essentially-bounded-l-r-functions	pending		
thm-l-p-of-a-sigma-finite-countably-generated-measure-space-is-separable	pending		
thm-l1-convergence-implies-uniform-integrability	pending		
thm-labelled-symbolic-method-rules-for-exponential-generating-functions	pending		
thm-lacunary-lp-norm-equivalence	pending		
thm-lagrange	pending		
thm-lagrange-burmann-inversion	pending		
thm-lagrange-existence-for-pell-equation	pending		
thm-lagrange-four-square-theorem	pending		
thm-lagrange-multipliers-for-regular-level-set-constraints	pending		
thm-lagrange-periodic-continued-fraction-theorem	pending		
thm-lah-numbers-count-ordered-set-partitions-and-expand-rising-factorials	pending		
thm-lan-is-left-adjoint-to-restriction-which-is-left-adjoint-to-ran	pending		
thm-landau-dirichlet-series	pending		
thm-landau-logarithm-limit	pending		
thm-landau-theorem	pending		
thm-laplace-cofactor-expansion	pending		
thm-laplacian-is-positive-semidefinite-and-annihilates-ones	no_candidate_found	root-spectral-01-receipts.json	
thm-laplacian-is-the-oriented-incidence-product	no_candidate_found	root-spectral-01-receipts.json	
thm-laplacian-kernel-dimension-counts-components	no_candidate_found	root-spectral-01-receipts.json	
thm-large-schroder-numbers-by-first-return-decomposition	pending		
thm-large-self-regular-subset	pending		
thm-large-sparse-pair-hypotheses-yield-x-sparse-blockades	pending		
thm-lasker-noether-primary-decomposition	pending		
thm-lattice-stone-weierstrass	pending		
thm-laurent-cauchy-complete	pending		
thm-laurent-coefficient-formula-and-uniqueness	pending		
thm-laurent-expansion-annulus	pending		
thm-laurent-ordered-field	pending		
thm-laurent-regular-principal-decomposition	pending		
thm-laurent-series-field	pending		
thm-layer-cake-formula-for-l-p-powers	pending		U-P
thm-leaf-deletion-preserves-virality-of-a-finite-family	pending		U-P
thm-leaf-reducible-wonderful-generalized-nice-finite-families-have-the-erdos-hajnal-property	pending		
thm-least-squares-solutions-and-normal-equation	pending		
thm-least-squares-solutions-form-an-affine-kernel-translate-of-a-plus-b	pending		
thm-lebesgue-constants-grow-logarithmically	pending		
thm-lebesgue-criterion	pending		U-P
thm-lebesgue-criterion-in-rn	pending		
thm-lebesgue-decomposition-exists-for-sigma-finite-signed-measures	pending		A-P
thm-lebesgue-decomposition-is-unique-for-sigma-finite-signed-measures	pending		A-R
thm-lebesgue-density-theorem	pending		
thm-lebesgue-differentiation-theorem-for-locally-integrable-functions-on-r-n	pending		
thm-lebesgue-inner-regularity-by-closed-and-compact-sets	pending		
thm-lebesgue-measure-is-a-complete-measure	pending		U-P
thm-lebesgue-measure-is-a-radon-measure-on-rn	pending		
thm-lebesgue-measure-is-the-unique-normalised-translation-invariant-borel-measure	pending		
thm-lebesgue-measure-of-a-box-of-every-kind	pending		U-P
thm-lebesgue-measure-under-dilations-and-reflections	pending		
thm-lebesgue-null-agrees-with-elementary-measure-zero-on-the-line	pending		
thm-lebesgue-null-agrees-with-elementary-nullity-in-rn	pending		U-P
thm-lebesgue-number-lemma	pending		
thm-lebesgue-outer-measure-and-measurability-are-translation-invariant	pending		U-P
thm-lebesgue-outer-measure-is-an-outer-measure-agreeing-with-volume	pending		
thm-lebesgue-outer-regularity-for-arbitrary-subsets	pending		
thm-lebesgue-product-measure-agrees-with-euclidean-lebesgue-on-borel-sets	pending		U-P
thm-lebesgue-stieltjes-correspondence-with-distribution-functions	pending		A-P
thm-lebesgue-stieltjes-measures-are-regular-on-r	pending		
thm-left-adjoints-preserve-left-kan-extensions	pending		
thm-left-and-right-dual-objects-are-isomorphic-in-a-semisimple-multitensor-category	pending		
thm-left-and-right-projective-constructions-of-tor-are-naturally-isomorphic	pending		A-R
thm-left-coset-action-and-its-kernel	pending		
thm-left-derived-functors-form-a-homological-delta-functor	pending		
thm-left-derived-functors-from-two-supplied-resolution-data-are-naturally-isomorphic	pending		
thm-left-derived-functors-relative-to-supplied-data-are-additive-functors	pending		
thm-left-duality-is-a-contravariant-antimonoidal-functor	pending		
thm-left-translation-is-a-free-action-by-labelled-graph-automorphisms-of-a-cayley-graph	pending		
thm-legendre-continued-fraction-criterion	pending		
thm-legendre-duplication-formula	pending		
thm-legendre-symbol-multiplicativity	pending		
thm-lehmer-code-is-a-bijection	pending		
thm-leibniz-determinant-is-alternating-multilinear-and-normalized	no_candidate_found	root-determinants-01-receipts.json	
thm-length-is-additive-along-a-subobject	pending		
thm-levi-and-hartogs-pseudoconvexity-for-c-two-domains	pending		
thm-levin-schnorr-characterization	pending		U-P
thm-lhopital-infinity-over-infinity	pending		
thm-lhopital-zero-over-zero	pending		
thm-lie-derivative-is-a-derivation-of-the-tensor-algebra	pending		
thm-lie-derivative-of-a-vector-field-equals-the-lie-bracket	pending		
thm-limit-comparison-test	pending		
thm-limits-and-colimits-are-adjoint-to-the-diagonal-functor	pending		
thm-limits-and-colimits-are-kan-extensions-along-the-functor-to-the-terminal-category	pending		
thm-limits-and-colimits-are-unique-up-to-unique-compatible-isomorphism	pending		
thm-limits-and-colimits-in-functor-categories-are-computed-pointwise	pending		
thm-limits-in-probability-are-unique-almost-surely	pending		U-P
thm-limsup-is-greatest-subsequential-limit	pending		
thm-limsup-subadditive	pending		
thm-limsup-submultiplicative	pending		
thm-lindstrom-gessel-viennot	pending		
thm-line-integrals-under-oriented-reparametrization	pending		
thm-line-integrals-under-reversal-and-concatenation	pending		
thm-linear-change-of-variables-for-lebesgue-measure	pending		
thm-linear-congruence-solvability-and-solution-count	pending		
thm-linear-images-scale-jordan-content-by-absolute-determinant	pending		
thm-linear-isoperimetric-characterisation-of-hyperbolic-groups	pending		U-P
thm-linear-kernel-image-and-injectivity	pending		
thm-linear-latin-squares-over-a-finite-field-are-mutually-orthogonal	pending		
thm-linear-recurrence-iff-rational-generating-function	pending		
thm-linear-self-correction	pending		
thm-linearity-of-expectation	pending		
thm-linearity-of-improper-integrals	pending		
thm-linearity-of-the-henstock-kurzweil-integral	pending		
thm-linearity-of-the-integral	pending		
thm-linearity-of-the-lebesgue-integral-on-l-one	pending		A-P
thm-liouville-bounded-entire-function	pending		
thm-liouville-theorem-for-bounded-harmonic-functions	pending		U-P
thm-lipschitz-characterisation-within-absolutely-continuous-functions	pending		U-P
thm-lipschitz-images-of-null-sets-in-rn-are-null	pending		
thm-little-picard-theorem	pending		
thm-littlewood-characterisations-of-lebesgue-measurability	pending		
thm-local-cartesian-closure-is-equivalent-to-every-pullback-functor-having-a-right-adjoint	pending		
thm-local-characterisation-of-dedekind-domains	pending		
thm-local-conditioning-times-backward-error-controls-forward-error-to-first-order	pending		
thm-local-coordinate-formula-for-the-exterior-derivative	pending		
thm-local-criterion-for-exactness-of-modules	pending		
thm-local-criterion-for-flatness-closed-fibre-form	pending		
thm-local-criterion-for-flatness-ideal-form	pending		
thm-local-criterion-for-zero-modules-and-maps	pending		
thm-local-existence-uniqueness-and-smooth-dependence-for-manifold-integral-curves	pending		
thm-local-fully-nonlinear-cauchy-problem-by-charpit	pending		
thm-local-holomorphic-potential-for-harmonic-functions	pending		
thm-local-isotropy-at-almost-all-primes	pending		
thm-local-linear-transport-cauchy-problem	pending		
thm-local-lym-inequality	pending		
thm-local-maximum-modulus-principle	pending		
thm-local-normal-form-holomorphic-map	pending		
thm-local-pure-or-x-sparse-blockades-yield-a-nice-blockade	pending		
thm-local-quasilinear-cauchy-problem-by-characteristics	pending		
thm-local-ring-unit-characterisations	pending		
thm-local-stable-unstable-manifold-theorem-for-a-morse-critical-point	no_candidate_found	morse-topic-pilot.json	
thm-localisation-and-flat-base-change-of-regular-sequences	pending		
thm-localisation-and-polynomial-extension-of-regular-rings	pending		U-P
thm-localisation-at-a-prime-is-local	pending		
thm-localisation-commutes-with-quotients	pending		
thm-localisation-equivalence-and-ring-laws	pending		
thm-localisation-of-a-dedekind-domain	pending		
thm-localisation-of-cohen-macaulay-modules	pending		U-P
thm-localisation-of-hom-for-finitely-presented-modules	pending		
thm-localisation-of-modules-commutes-with-quotients-and-sums	pending		
thm-localisation-of-modules-is-exact	pending		
thm-localisation-of-modules-is-tensor-product	pending		
thm-localisations-are-flat	pending		
thm-locally-bounded-separate-holomorphy	pending		
thm-locally-compact-hausdorff-basics	pending		
thm-locally-compact-normed-space-iff-finite-dimensional	pending		
thm-locally-connected-iff-components-of-open-sets-are-open	pending		
thm-locally-finite-borel-measures-are-regular-when-open-sets-are-sigma-compact	pending		A-P
thm-locally-uniform-limit-of-holomorphic-functions-in-several-variables	pending		
thm-log-modulus-of-a-holomorphic-function-is-subharmonic	pending		
thm-log-one-plus-x-power-series	pending		
thm-logarithm-change-of-base	pending		
thm-logarithm-continuous-functional-equation-characterisation	pending		
thm-logarithm-definition-equivalence	pending		
thm-logarithm-derivative-and-integral	pending		
thm-logarithm-differentiable-functional-equation-characterisation	pending		
thm-logarithm-slower-than-every-positive-power	pending		
thm-loglog-erdos-hajnal-bound	pending		U-P
thm-long-exact-ext-sequence-in-the-first-variable	pending		
thm-long-exact-ext-sequence-in-the-second-variable	pending		
thm-long-exact-hom-sequences-of-a-distinguished-triangle	pending		
thm-long-exact-sequence-in-cohomology	pending		
thm-long-exact-sequence-in-group-cohomology	pending		
thm-long-exact-sequence-in-group-homology	pending		
thm-long-exact-sequence-in-homology	pending		
thm-long-exact-sequence-of-a-pair-in-singular-homology	pending		U-P
thm-long-exact-sequence-of-relative-homology-for-a-composable-pair	pending		
thm-long-exact-tor-sequence-in-the-left-module-variable	pending		A-R
thm-long-exact-tor-sequence-in-the-right-module-variable	pending		A-R
thm-lp-convergence-implies-convergence-in-probability	pending		
thm-lq-convergence-implies-lp-convergence-on-a-probability-space	pending		
thm-lusin-theorem-for-radon-measures	pending		
thm-lusins-theorem	pending		
thm-lyapunov-interpolation-inequality-for-l-p-norms	pending		
thm-lying-over	pending		
thm-lym-inequality	pending		
thm-mac-lane-coherence-in-the-canonical-map-form	pending		
thm-mac-lane-strictification	pending		
thm-machine-acceptance-is-recognizable	pending		U-P
thm-machine-acceptance-is-undecidable	pending		U-P
thm-machine-equivalence-is-undecidable	pending		U-P
thm-mackey-double-coset-formula-for-restricting-an-induced-character	pending		
thm-mackeys-irreducibility-criterion-for-finite-groups	pending		U-P
thm-mantel-exact-and-unique	pending		
thm-marcinkiewicz-interpolation-for-weak-one-one-and-strong-infinity	pending		A-P
thm-margulis-family-has-uniform-spectral-gap	pending		U-P
thm-markov-inequality	pending		
thm-marshall-hall-free-factor-theorem	pending		
thm-martin-lof-randomness-implies-computable-randomness	pending		U-P
thm-maschkes-theorem-for-finite-groups-over-fields-whose-characteristic-does-not-divide-the-group-order	pending		U-P
thm-mates-under-a-pair-of-adjunctions	pending		
thm-matrices-are-similar-iff-their-invariant-factors-agree	pending		
thm-matrix-multiplication-laws	pending		
thm-matrix-of-a-composite-is-the-product	pending		
thm-matrix-of-the-adjoint-is-the-conjugate-transpose	pending		
thm-matrix-of-transpose-is-the-transposed-matrix	pending		
thm-matrix-perturbation-bound-for-ax-equals-b	pending		
thm-matrix-representation-is-a-vector-space-isomorphism	pending		
thm-matrix-rings-over-division-rings-are-semisimple	pending		
thm-matrix-tree-theorem	U-P_candidate	root-spectral-01-receipts.json	U-P
thm-max-cut-at-least-half-the-edges	pending		
thm-maximal-order-cyclic-subgroup-splits-in-a-finite-abelian-p-group	pending		
thm-maximal-subgroups-of-finite-nilpotent-groups	pending		
thm-maximum-and-minimum-principles-for-plane-harmonic-functions	pending		
thm-maximum-modulus-principle-in-several-complex-variables	pending		
thm-maximum-modulus-principle-with-boundary-and-infinity-control	pending		
thm-maximum-principle-for-plane-subharmonic-functions	pending		
thm-maximum-principle-for-plurisubharmonic-functions	pending		
thm-maximum-principle-with-limsup-control-at-infinity	pending		
thm-mayer-vietoris-sequence-in-singular-homology	pending		
thm-mazur-weak-and-norm-closure-of-convex-sets	pending		A-P
thm-mean-value-inequality	pending		U-P
thm-mean-value-inequality-for-total-derivatives	pending		U-P
thm-mean-value-property-for-plane-harmonic-functions	pending		
thm-measure-of-set-liminf	pending		
thm-measure-of-set-limsup	pending		
thm-measure-uniqueness-on-a-sigma-finite-pi-system	pending		
thm-measures-on-countable-discrete-spaces-are-weighted-dirac-sums	pending		
thm-measures-on-finite-sigma-algebras-are-atomic	pending		
thm-member-equivalence-is-transitive	pending		
thm-members-modulo-equivalence-correspond-to-subobjects	pending		
thm-membership-rank-and-hierarchy-levels	pending		
thm-menger-finite-directed-and-undirected-path-forms	pending		
thm-meromorphic-functions-riemann-sphere-are-rational	pending		
thm-mertens	pending		
thm-mertens-primes-arithmetic-progressions	pending		U-P
thm-metric-closure-characterisation	pending		
thm-metric-compactness-equivalences	pending		
thm-metric-completion-carries-a-unique-banach-space-structure	pending		
thm-metric-completion-exists	pending		
thm-metric-completion-unique	pending		
thm-metric-continuity-characterisations	pending		A-R
thm-metric-countability-equivalences	pending		
thm-metric-equivalence-hierarchy	pending		
thm-metric-hausdorff-separation	pending		
thm-metric-open-set-algebra	pending		
thm-metric-regularity-hierarchy	pending		
thm-metric-sequential-closure	pending		
thm-metric-spaces-are-completely-normal	pending		
thm-metric-spaces-are-tychonoff-and-perfectly-normal	pending		
thm-metric-weight-equals-density	pending		
thm-metrizable-cech-complete-spaces-are-completely-metrizable	pending		
thm-mini-vitali-fine-cover-characterisation-of-null-sets	pending		U-P
thm-minimal-and-characteristic-polynomials-have-the-same-irreducible-factors	pending		
thm-minimal-normal-subgroups-of-faithful-primitive-groups-are-transitive	pending		
thm-minimal-polynomial-is-matrix-representation-and-similarity-invariant	pending		
thm-minimal-polynomial-is-well-defined-and-controls-annihilators	pending		A-P
thm-minimal-support-primes-are-associated	pending		
thm-minimum-degree-forces-a-long-path	pending		
thm-minimum-modulus-principle	pending		
thm-minkowski-finite	pending		
thm-minkowski-finite-real-exponents	pending		
thm-minkowski-inequality-for-integrals	pending		A-P
thm-minkowski-integral-inequality	pending		U-P
thm-minres-minimizes-the-euclidean-residual-over-the-hermitian-krylov-space	pending		
thm-mirsky-finite-posets	pending		
thm-mittag-leffler-expansion-of-pi-cotangent	pending		
thm-mittag-leffler-theorem-on-plane-domains	pending		
thm-mittag-leffler-theorem-on-the-plane	pending		
thm-mobius-function-of-a-boolean-lattice	pending		
thm-mobius-function-of-a-finite-chain	pending		
thm-mobius-function-of-a-product-poset	pending		
thm-mobius-group-and-projective-linear-identification	pending		
thm-mobius-inversion-for-lower-finite-posets	pending		
thm-mobius-preserves-circlines-and-reflections	pending		
thm-mobius-transformations-biholomorphic-sphere	pending		
thm-module-categories-are-grothendieck-categories	pending		
thm-module-categories-have-enough-injectives	pending		
thm-module-categories-have-enough-projectives	pending		
thm-module-finite-algebra-over-a-noetherian-ring-is-noetherian	pending		
thm-module-kernel-image-and-injectivity	pending		
thm-module-radical-is-jacobson-radical-times-the-module	pending		
thm-modules-are-monadic-over-sets	pending		
thm-modules-over-a-commutative-ring-form-a-monoidal-category	pending		
thm-modules-over-a-ring-form-an-abelian-category	pending		
thm-monad-morphisms-on-a-fixed-category-form-a-category	pending		
thm-monads-on-a-preorder-are-exactly-closure-operators	pending		
thm-monic-polynomial-division	pending		
thm-monic-resultant-as-a-double-root-product	pending		
thm-monic-resultant-root-product-and-common-root-criterion	pending		
thm-monodromy-theorem	pending		
thm-monoid-objects-in-a-braided-monoidal-category-form-a-monoidal-category	pending		
thm-monoid-objects-in-a-cartesian-monoidal-category-are-monoids-in-the-ordinary-sense	pending		
thm-monoid-objects-in-abelian-groups-are-rings	pending		
thm-monoidal-functors-compose-and-laxness-is-preserved	pending		
thm-monoids-and-rings-are-monadic-over-sets	pending		
thm-monomial-symmetric-polynomials-form-a-basis	pending		
thm-monomorphisms-and-epimorphisms-in-set	pending		
thm-monotone-change-of-variable-for-riemann-integrals	pending		
thm-monotone-class	pending		U-P
thm-monotone-convergence	pending		
thm-monotone-convergence-for-the-integral	pending		A-P
thm-monotone-discontinuities-are-jumps	pending		
thm-monotone-functions-are-differentiable-almost-everywhere-via-lebesgue-stieltjes-measures	pending		
thm-monotone-functions-are-differentiable-almost-everywhere-via-rising-sun	pending		
thm-monotone-implies-integrable	pending		U-P
thm-monotone-lattice-paths-in-a-rectangle-are-counted-by-a-binomial-coefficient	pending		
thm-monotone-one-sided-limits-exist	pending		
thm-monotone-real-functions-are-borel-measurable	pending		
thm-monotone-with-prescribed-discontinuity-set	pending		U-P
thm-monotonicity-from-the-derivative	pending		
thm-monotonicity-of-the-henstock-kurzweil-integral	pending		
thm-monotonicity-of-the-integral	pending		U-P
thm-montel-caratheodory-theorem	pending		
thm-montel-theorem-for-holomorphic-functions	pending		
thm-moore-penrose-pseudoinverse-exists-and-is-unique	pending		
thm-morera-triangle-theorem	pending		
thm-morphisms-between-finite-biproducts-correspond-to-matrices	pending		
thm-morphisms-into-affine-scheme-global-sections	pending		
thm-morse-functions-are-dense-by-relative-jet-transversality	pending		U-P
thm-morse-functions-are-open-dense-on-a-compact-manifold	no_candidate_found	morse-topic-pilot.json	
thm-morse-functions-form-a-residual-subset	pending		U-P
thm-morse-lemma	pending		
thm-morse-sard-for-euclidean-maps	U-P_candidate	morse-topic-pilot.json	U-P
thm-morse-sard-for-maps-from-manifolds-with-boundary	pending		
thm-morse-sard-for-smooth-manifolds	no_candidate_found	morse-topic-pilot.json	
thm-morse-smale-metrics-are-residual-for-a-fixed-morse-function	pending		U-P
thm-morse-stability-of-quasi-geodesics	pending		U-P
thm-mostowski-collapse	pending		
thm-mostowski-collapse-for-extensional-relations	pending		
thm-motzkin-numbers-by-first-return-decomposition	pending		
thm-multidimensional-darboux-equals-riemann	pending		
thm-multidimensional-integral-properties	pending		
thm-multidimensional-riemann-criterion	pending		
thm-multihomogeneous-map-to-projective-space	pending		U-P
thm-multinomial-theorem	pending		
thm-multiple-choice-equivalent-to-choice-in-zf	pending		
thm-multiplicative-dirichlet-series-euler-product	pending		
thm-multiplicative-functions-determined-by-prime-powers	pending		
thm-multiplicative-group-of-a-finite-field-is-cyclic	pending		
thm-multiplicativity-of-separable-degree	pending		
thm-multiplicity-under-reduction-by-a-parameter	pending		A-P
thm-multiset-exponential-formula	pending		
thm-multiset-product-formula	pending		
thm-multitape-machines-have-one-tape-simulations	pending		A-R
thm-multivariable-second-derivative-test	pending		
thm-multivariable-taylor-formula-with-lagrange-remainder	pending		
thm-mutual-factorisation-defines-subobject-and-quotient-object-equivalence	pending		
thm-n-cross-n-countable	pending		
thm-nagata-smirnov-metrization	pending		U-P
thm-nakayama-lemma	pending		A-P
thm-nakayama-lemma-for-finite-dimensional-algebras	pending		
thm-nat-linear-order	pending		
thm-natural-density-implies-dirichlet-density	pending		
thm-natural-logarithm-laws	pending		
thm-naturality-of-singular-mayer-vietoris	pending		
thm-naturality-of-the-adjunction-bijection-is-transposition-of-squares	pending		
thm-naturality-of-the-cohomology-connecting-morphism	pending		
thm-naturality-of-the-connecting-morphism	pending		
thm-naturality-of-the-homology-connecting-morphism	pending		
thm-naturality-of-the-long-exact-sequence-of-a-pair	pending		U-P
thm-nearest-point-in-a-nonempty-closed-convex-set	pending		
thm-neat-submanifolds-have-boundary-adapted-slice-charts	pending		
thm-negative-pell-period-parity-criterion	pending		
thm-neighbourhood-or-antineighbourhood-of-a-vertex-in-a-basic-bull-free-graph-is-perfect	pending		U-P
thm-nested-interval-property	pending		
thm-net-cluster-point-iff-convergent-subnet	pending		
thm-net-filter-convergence-dictionary	pending		
thm-newman-zagier-tauberian-theorem	pending		
thm-newton-leibniz-with-a-countable-exceptional-set	pending		
thm-newton-leibniz-with-interior-derivative	pending		
thm-newtons-identities	pending		
thm-nielsen-schreier-with-an-explicit-basis	pending		
thm-nikiforov-few-induced-copies-force-a-linear-restricted-set	pending		
thm-nilpotence-is-detected-modulo-the-frattini-subgroup	pending		
thm-nilpotent-endomorphism-characterisations	pending		
thm-nilpotent-jordan-string-basis	pending		
thm-nilradical-of-a-noetherian-ring-is-nilpotent	pending		
thm-nilradical-of-artinian-ring-is-nilpotent	pending		
thm-nine-lemma-in-an-abelian-category	pending		
thm-nine-lemma-variants-by-which-rows-are-assumed-exact	no_candidate_found	anonymous-pilot.json	
thm-nl-is-contained-in-dspace-log-squared-n	pending		U-P
thm-no-continuous-logarithm-on-the-punctured-complex-plane	pending		
thm-no-nowhere-zero-tangent-vector-field-on-an-even-sphere	pending		U-P
thm-no-retraction-from-a-disk-onto-its-boundary	pending		U-P
thm-no-retraction-of-the-closed-disk-onto-the-circle	pending		
thm-no-translation-invariant-measure-on-all-subsets-of-r-is-finite-and-nonzero-on-unit-interval	pending		
thm-noether-finiteness-theorem-for-invariants	pending		
thm-noether-isomorphism-theorems-recovered-from-the-nine-lemma	no_candidate_found	root-algebra-signals-01-receipts.json	
thm-noetherian-induction	pending		
thm-noetherian-ring-has-finitely-many-minimal-primes	pending		
thm-noetherian-ring-has-noetherian-spectrum	pending		
thm-noetherian-ring-ideal-characterisations	pending		A-R
thm-noetherian-ring-quotients-and-localisations	pending		
thm-noetherian-valuation-ring-characterisation	pending		
thm-noetherianity-of-adic-completion	pending		
thm-non-elementary-hyperbolic-groups-contain-a-rank-two-free-subgroup	pending		U-P
thm-non-negative-operator-characterisations	pending		
thm-non-negative-square-root-exists-and-is-unique	pending		U-P
thm-nonabelian-first-cohomology-classifies-complements-as-a-pointed-set	pending		
thm-nondeterministic-time-hierarchy	pending		A-P
thm-nonnegative-continuous-with-zero-integral-vanishes	pending		U-P
thm-nonnegative-improper-integral-bounded-primitive-criterion	pending		
thm-nonnegative-improper-multiple-integral-by-exhaustion	pending		
thm-nonnegative-improper-riemann-integral-agrees-with-the-lebesgue-integral-on-a-half-line	pending		
thm-nonnegative-integral-zero-iff-zero-almost-everywhere	pending		A-P
thm-nonnegative-measurable-functions-admit-increasing-simple-approximations	pending		
thm-nonnegative-series-bounded-partial-sums	pending		
thm-nonnegative-weighted-sums-of-measures	pending		
thm-nonprincipal-dirichlet-l-holomorphic-right-half-plane	pending		
thm-nonreal-generalised-eigenspaces-occur-in-conjugate-pairs	pending		
thm-nonsingleton-boundary-component-is-regular	pending		
thm-nontrivial-center-of-a-finite-p-group	pending		
thm-nontrivial-p-four-free-graphs-are-disconnected-or-their-complements-are-disconnected	pending		
thm-nonuniform-fisher-inequality	pending		
thm-nonzero-commutative-rings-have-invariant-basis-number	pending		
thm-nonzero-complex-derivative-iff-oriented-conformal	pending		
thm-nonzero-ideals-in-dedekind-domains-are-invertible	pending		
thm-nonzero-real-polynomial-has-at-most-degree-many-distinct-roots	pending		
thm-norm-inequality-for-the-vector-valued-integral	pending		U-P
thm-norm-preserving-extension-from-any-subspace	pending		U-P
thm-normal-basis-theorem	pending		
thm-normal-basis-theorem-for-a-cyclic-extension	pending		
thm-normal-basis-theorem-over-an-infinite-base-field	pending		
thm-normal-convergence-of-holomorphic-products	pending		
thm-normal-equations-for-best-affine-l2-prediction	pending		U-P
thm-normal-equations-square-the-spectral-condition-number	pending		
thm-normal-form-for-free-products	pending		
thm-normal-form-for-free-products-with-amalgamation	pending		
thm-normal-form-for-fundamental-groups-of-graphs-of-groups	pending		
thm-normal-form-for-the-word-quotient-model	pending		
thm-normal-function-fixed-points-form-a-club	pending		
thm-normal-holomorphic-families-are-locally-bounded	pending		
thm-normal-subgroup-characterisations	pending		
thm-normal-subgroups-and-quotients-in-the-galois-correspondence	pending		
thm-normal-subgroups-are-exactly-intersections-of-kernels-of-irreducible-complex-characters	pending		U-P
thm-normal-subgroups-of-a-primitive-action-are-transitive-or-kernel-contained	pending		
thm-normal-subgroups-of-finite-p-groups-meet-the-center	pending		
thm-normalised-lu-and-ldu-factorisations-are-unique	pending		
thm-normality-and-positive-pressing-down	pending		
thm-normality-generation-criterion	pending		
thm-normality-is-local-for-domains	pending		
thm-normality-is-not-hereditary	pending		
thm-normality-is-not-productive	pending		
thm-normalized-and-unnormalized-bar-complexes-are-chain-homotopy-equivalent	pending		
thm-normalized-exponential-functional-equation	pending		
thm-normalized-finite-continued-fraction-uniqueness	pending		
thm-normalizer-condition-for-finite-nilpotent-groups	pending		
thm-normalizer-of-a-sylow-normalizer	pending		
thm-nowhere-differentiable-functions-are-dense-in-c01	pending		
thm-nth-roots-exist	pending		
thm-null-homology-is-equivalent-to-global-harmonic-conjugates	pending		
thm-number-field-discriminant-is-well-defined-and-nonzero	pending		
thm-number-field-integral-ideal-factorisation-in-zf	pending		U-P
thm-number-field-places-classification	pending		
thm-number-of-bijections-of-a-finite-set	pending		
thm-number-of-injections	pending		
thm-number-of-irreducible-representations-equals-the-number-of-conjugacy-classes-when-k-is-algebraically-closed-and-char-k-does-not-divide-group-order	pending		U-P
thm-number-sat-is-sharpp-complete	pending		U-P
thm-number-theoretic-and-poset-mobius-agree	pending		
thm-objects-of-finite-length-form-an-abelian-subcategory	pending		
thm-objectwise-universal-arrows-assemble-into-a-left-adjoint	pending		
thm-odd-degree-real-polynomial-has-a-real-root	pending		
thm-odd-p-hilbert-symbol-formula	pending		
thm-oddtown	pending		
thm-of-archimedean	pending		
thm-of-square-roots	pending		
thm-omega-is-peano-system	pending		
thm-omega-one-is-the-least-uncountable-ordinal	pending		U-P
thm-on-a-biproduct-the-injections-and-projections-satisfy-the-identity-sum-relation	pending		
thm-onan-scott-classification-of-finite-primitive-groups	pending		A-P
thm-one-critical-point-handle-attachment	pending		U-P
thm-one-dimensional-fixed-point	pending		
thm-one-dimensional-regular-local-rings-are-dvrs	pending		U-P
thm-one-loop-graph-of-groups-is-an-hnn-extension	pending		
thm-one-point-compactification-properties	pending		
thm-one-segment-graph-of-groups-is-an-amalgamated-free-product	pending		
thm-one-sided-and-two-sided-exactness-by-short-exact-sequences	pending		
thm-one-sided-derivatives-of-convex-functions	pending		
thm-one-sided-ftc-at-points-with-one-sided-limits	pending		
thm-one-sided-hardy-littlewood-inequality-for-continuous-monotone-functions	pending		
thm-one-step-algebraic-root-extension-is-algebraically-closed	pending		
thm-one-step-simultaneous-root-extension	pending		
thm-open-connected-subsets-of-rn-are-polygonally-connected	pending		
thm-open-mapping-theorem	pending		U-P
thm-open-mapping-theorem-for-scalar-holomorphic-functions-in-several-variables	pending		
thm-open-mapping-theorem-holomorphic-functions	pending		
thm-open-set-algebra-r	pending		
thm-open-subsets-of-r-structure	pending		
thm-open-subsets-of-rn-admit-jordan-exhaustions	pending		
thm-open-subsets-of-rn-are-countable-disjoint-unions-of-dyadic-cubes	pending		
thm-operator-adjugate-identity	pending		
thm-operator-determinant-is-basis-independent	pending		A-P
thm-operator-determinant-is-multiplicative	pending		
thm-operator-determinant-scales-every-alternating-top-form	pending		
thm-operator-invertible-iff-determinant-nonzero	pending		
thm-operator-norm-is-the-largest-singular-value	pending		
thm-orbit-map-of-a-covering-space-action-is-a-covering	pending		
thm-orbit-stabilizer	pending		
thm-orbits-on-ordered-pairs-correspond-to-suborbits	pending		
thm-orbits-partition-the-set	pending		
thm-order-of-automorphism-group-of-elementary-abelian-rank-two	pending		
thm-order-of-element-in-direct-product	pending		
thm-order-raising-recursive-specifications-have-unique-solutions	pending		
thm-orders-have-integral-bases-and-finite-index	pending		
thm-ordinal-addition-associative	pending		
thm-ordinal-arithmetic-agrees-on-omega	pending		
thm-ordinal-arithmetic-monotonicity	pending		
thm-ordinal-division-with-remainder	pending		
thm-ordinal-exponent-laws	pending		
thm-ordinal-multiplication-associative-and-left-distributive	pending		
thm-ordinal-spaces-and-compactness	pending		
thm-ordinal-subtraction	pending		
thm-ores-hamiltonicity-theorem	pending		
thm-orientability-is-equivalent-to-a-nowhere-vanishing-top-form	pending		
thm-oriented-atlases-and-continuous-tangent-space-orientations-are-equivalent-in-positive-dimension	pending		
thm-oriented-chart-integrals-are-coordinate-independent	pending		
thm-orthogonal-nonzero-vectors-are-linearly-independent	pending		
thm-orthogonal-projection-is-the-unique-nearest-point	pending		
thm-osgood-lemma-in-several-complex-variables	pending		
thm-osgood-uniqueness-criterion-for-first-order-odes	pending		
thm-ostrowskis-theorem-for-the-rationals	pending		
thm-over-a-pid-flat-is-equivalent-to-torsion-free	pending		A-R
thm-p-adic-absolute-value-is-nonarchimedean	pending		
thm-p-adic-completion-agrees-with-the-fraction-field-of-zp	pending		
thm-p-adic-completion-is-a-field	pending		A-R
thm-p-adic-digit-expansion	pending		
thm-p-adic-newton-criterion	pending		
thm-p-bases-and-degree-in-exponent-one-purely-inseparable-extensions	pending		
thm-p-group-fixed-point-congruence	pending		
thm-p-is-contained-in-p-poly	pending		U-P
thm-p-poly-equals-p-with-polynomial-advice	pending		U-P
thm-p-primary-component-of-a-finite-abelian-group	pending		
thm-p-series-rational	pending		
thm-p-series-real-exponents	pending		
thm-p3-free-graphs-have-square-root-homogeneous-sets	pending		
thm-pairwise-independent-borel-cantelli-frequency-law	pending		U-P
thm-paracompact-hausdorff-implies-normal	no_candidate_found	terra-partitions-01-receipts.json	
thm-parallelogram-content-and-base-height-formula	pending		
thm-parallelogram-law-in-l-two	pending		
thm-parameters-and-regular-sequences-in-cohen-macaulay-modules	pending		U-P
thm-parametric-transversality	pending		
thm-parametrized-constraint-necessary-condition	pending		
thm-parametrized-implicit-function-theorem-with-higher-regularity	pending		
thm-parenthesised-words-of-a-given-length-are-counted-by-the-catalan-numbers	pending		
thm-parity-of-transposition-factorisations-is-well-defined	pending		
thm-partitions-into-k-parts-recurrence	pending		
thm-partitions-of-unity-characterize-paracompact-hausdorff-spaces	no_candidate_found	terra-partitions-01-receipts.json	
thm-partitions-with-k-parts-equal-largest-part-k	pending		
thm-pascals-rule	pending		
thm-path-and-antipath-free-graphs-have-the-strong-erdos-hajnal-property	pending		
thm-path-connected-implies-connected	pending		
thm-path-independence-and-complex-primitive-criterion	pending		
thm-path-independence-iff-zero-closed-loop-integrals	pending		
thm-path-independent-field-has-a-potential-by-line-integrals	pending		
thm-path-lifting-for-covering-maps	pending		
thm-pbw-model-of-a-verma-module	pending		
thm-pbw-ordered-monomial-basis-for-the-enveloping-algebra	existing_finding	terra-lie-02-receipts.json	A-P
thm-peano-categoricity	pending		
thm-peano-local-existence-for-continuous-odes	pending		
thm-peano-mixed-partial-theorem	pending		
thm-perfect-field-characterizations	pending		
thm-perfect-graphs-satisfy-kappa-at-least-their-order	pending		
thm-perfect-set-uncountable-r	pending		
thm-perfectly-normal-implies-completely-normal	pending		
thm-perron-envelope-is-harmonic	pending		
thm-perron-formula	pending		
thm-perron-solves-dirichlet-on-regular-plane-domains	pending		
thm-pfaffian-frobenius-criterion	pending		
thm-pg-two-q-is-a-finite-projective-plane	pending		
thm-pi-equivalent-characterizations-ledger	pending		
thm-pi-system-criterion-for-independent-sigma-algebras	pending		
thm-pi-zero-and-period-characterizations	pending		
thm-picard-iterates-for-exponential	pending		
thm-picard-lindelof-local-existence-and-uniqueness	pending		
thm-ping-pong-for-hyperbolic-tree-automorphisms	pending		
thm-pivot-columns-form-a-basis-of-the-column-space	pending		
thm-plane-dual-exists-and-double-dual-recovers-primal	pending		U-P
thm-plane-harmonic-functions-are-smooth-and-real-analytic	pending		
thm-plane-not-homeomorphic-to-other-euclidean-spaces	pending		
thm-plane-subharmonic-functions-are-locally-integrable	pending		
thm-plu-factorisation-exists-for-every-square-matrix-and-detects-singularity	pending		
thm-plucker-image-closed	pending		U-P
thm-poincare-distance-formula-and-disc-automorphism-invariance	pending		
thm-poincare-lemma-for-star-shaped-domains	pending		
thm-pointing-rule-for-ordinary-generating-functions	pending		
thm-pointwise-compactness-criterion-for-function-families	pending		
thm-poisson-integral-solves-the-disc-dirichlet-problem	pending		
thm-poisson-modification-preserves-subharmonicity-and-majorizes	pending		
thm-poisson-representation-for-disc-harmonic-functions	pending		
thm-polar-coordinates-formula-for-lebesgue-measure	pending		U-P
thm-polar-decomposition	pending		
thm-polar-decomposition-for-signed-and-complex-measures	pending		A-R
thm-polar-form-with-unique-principal-argument	pending		
thm-polarization-bijection-in-characteristic-not-two	pending		
thm-pole-characterizations	pending		
thm-poles-meromorphic-function-are-discrete-and-countable	pending		
thm-polish-spaces-as-g-delta-subspaces-of-the-hilbert-cube	pending		
thm-polish-subspaces-are-exactly-g-delta-subspaces	pending		
thm-polya-enumeration-theorem	pending		
thm-polygonal-jordan-curve	pending		
thm-polynomial-degree-of-a-product-over-a-domain	pending		
thm-polynomial-division-algorithm-over-a-field	pending		
thm-polynomial-extension-of-cohen-macaulay-rings	pending		U-P
thm-polynomial-identity-lemma	pending		
thm-polynomial-is-separable-iff-coprime-to-its-derivative	pending		
thm-polynomial-quotient-is-a-field-iff-irreducible	pending		
thm-polynomial-reductions-transfer-p-np-and-conp-membership	pending		U-P
thm-polynomial-ring-is-a-commutative-ring	pending		
thm-polynomial-ring-on-a-family-is-a-commutative-ring	pending		
thm-polynomial-ring-over-a-field-is-a-ufd	pending		
thm-positive-heredity-of-separation-axioms	pending		
thm-positive-leading-principal-minors-are-equivalent-to-positive-cholesky-pivots	pending		
thm-positive-probability-existence-principle	pending		
thm-positive-productivity-of-separation-axioms	pending		
thm-posts-theorem	pending		U-P
thm-power-basis-discriminant-is-polynomial-discriminant	pending		
thm-power-iteration-converges-projectively-under-a-simple-strictly-dominant-eigenvalue	pending		
thm-power-ranks-determine-nilpotent-jordan-blocks	pending		
thm-power-series-define-holomorphic-functions-in-several-variables	pending		
thm-power-series-expansion-in-several-complex-variables	pending		
thm-power-series-reexpansion-at-an-interior-point	pending		
thm-power-series-sums-are-real-analytic	pending		
thm-power-series-uniform-on-compact-subintervals	pending		
thm-powers-expand-in-the-falling-factorial-basis	pending		
thm-powerset-exponential-formula	pending		
thm-powerset-product-formula	pending		
thm-pp-is-closed-under-complement	pending		U-P
thm-pp-is-sign-testing-gap-p	pending		A-P
thm-preimage-theorem-for-submanifolds-under-submersions	pending		
thm-preimages-commute-with-unions-intersections-and-differences	pending		
thm-premeasure-induced-outer-measure-is-regular	pending		
thm-presentation-of-a-free-product	pending		
thm-presentation-of-a-free-product-with-amalgamation	pending		
thm-primary-decomposition-and-elementary-divisor-form-over-a-pid	pending		
thm-primary-decomposition-for-an-endomorphism	pending		
thm-primary-decomposition-of-a-finite-abelian-group	pending		
thm-primary-submodule-characterisations	pending		
thm-prime-factorisation-exists	pending		
thm-prime-filtration-of-a-finite-module	pending		A-R
thm-prime-graphs-are-the-graphs-that-are-not-substitutions	pending		
thm-prime-number-theorem-arithmetic-progressions	pending		U-P
thm-prime-number-theorem-logarithmic-integral	pending		
thm-prime-spectrum-is-compact	pending		
thm-prime-spectrum-map-by-contraction	pending		
thm-prime-spectrum-of-a-localisation-bijection	pending		
thm-prime-spectrum-of-a-quotient-bijection	pending		
thm-prime-subfield-classification	pending		
thm-prime-support-of-the-different-is-ramification	pending		
thm-primes-residue-class-dirichlet-density	pending		U-P
thm-primitive-dirichlet-l-analytic-continuation	pending		
thm-primitive-dirichlet-l-functional-equation	pending		
thm-primitive-element-theorem-for-finite-separable-extensions	pending		
thm-primitive-gauss-sum-norm	pending		
thm-primitive-sum-of-two-squares-characterisation	pending		
thm-primitives-homologically-simply-connected-domains	pending		
thm-prims-minimum-spanning-tree-algorithm	pending		
thm-principal-branch-power-agrees-with-positive-real-power	pending		
thm-principal-dirichlet-l-factorization	pending		
thm-principal-divisor-exact-sequence	pending		
thm-principal-exponential-biholomorphism-from-principal-strip	pending		
thm-principal-ideal-domains-are-unique-factorisation-domains	pending		A-R
thm-principal-ideal-norm-is-absolute-field-norm	pending		
thm-principal-inverse-sine-and-cosine-derivatives	pending		
thm-principal-inverse-tangent-calculus	pending		
thm-principal-logarithm-biholomorphism-to-the-principal-strip	pending		
thm-principal-subvariety-codimension-one	pending		A-R
thm-pringsheim-theorem	pending		
thm-private-coin-ip-equals-public-coin-ip	pending		U-P
thm-probability-convergence-is-metrized-by-d-zero	pending		U-P
thm-probability-law-and-distribution-function-correspondence	pending		A-P
thm-product-dfa-for-union-and-intersection	pending		
thm-product-dirichlet-l-nonvanishing-line-one	pending		U-P
thm-product-formula-for-the-rationals	pending		
thm-product-of-connected-spaces	pending		
thm-product-of-countable	pending		
thm-product-of-subspaces-and-closures	pending		
thm-product-probability-has-independent-coordinate-events	pending		
thm-product-rule	pending		
thm-product-to-sum-and-sum-to-product-identities	pending		
thm-product-universal-property	pending		
thm-products-ab-and-ba-have-the-same-characteristic-polynomial	pending		
thm-products-of-injective-modules	pending		
thm-profinite-completion-is-functorial	pending		
thm-projective-and-injective-constructions-of-ext-are-naturally-isomorphic	pending		
thm-projective-comparison-map-exists	pending		U-P
thm-projective-comparison-maps-are-unique-up-to-chain-homotopy	pending		U-P
thm-projective-complexes-model-the-bounded-above-derived-category	pending		
thm-projective-covers-exist-and-are-unique-for-finite-dimensional-algebras	pending		
thm-projective-dimension-at-most-n-iff-higher-ext-vanishes	pending		
thm-projective-dimension-at-most-n-iff-the-nth-syzygy-is-projective	pending		
thm-projective-module-characterizations	pending		
thm-projective-modules-are-flat	pending		
thm-projective-object-characterisations	pending		
thm-projective-resolutions-of-the-same-object-are-homotopy-equivalent-over-that-object	pending		
thm-projective-zariski-topology	pending		
thm-proper-equivalence-preserves-representations	pending		
thm-proper-ideal-contained-in-maximal-ideal	pending		
thm-proper-local-diffeomorphisms-have-finite-diffeomorphic-sheets	pending		
thm-property-star-and-leaf-reducibility-imply-generalized-niceness	pending		
thm-prufer-code-bijection	pending		
thm-pseudoinversion-is-continuous-on-each-fixed-rank-stratum-and-discontinuous-at-rank-loss	pending		
thm-pullback-and-pushout-pasting	pending		
thm-pullback-pasting-in-an-abelian-category	pending		
thm-pullback-pushforward-module-adjunction	pending		
thm-punctured-rn-deformation-retracts-onto-the-sphere	pending		
thm-pure-blockades-with-cograph-patterns-have-additive-kappa	pending		
thm-pure-blockades-with-perfect-patterns-contain-large-homogeneous-subblockades	pending		
thm-pure-inseparability-is-transitive-and-stable-under-composita	pending		
thm-purely-inseparable-extension-characterizations	pending		
thm-pythagorean-and-parity-identities-for-all-six-trigonometric-functions	pending		
thm-q-factorial-counts-permutations-by-inversions	pending		
thm-qr-factorisation-over-r-or-c	pending		
thm-quadratic-and-cubic-irreducibility-test	pending		
thm-quadratic-reciprocity	pending		
thm-quadratic-residues-subgroup-modulo-prime	pending		
thm-quadratic-tower-characterization-of-algebraic-constructibility	pending		
thm-quantifier-and-oracle-characterizations-of-ph	pending		U-P
thm-quarter-turn-values-and-shift-formulas	pending		
thm-quasi-coherent-ideal-closed-subscheme-correspondence	pending		U-P
thm-quasi-isometry-is-an-equivalence-relation-on-metric-spaces	pending		
thm-quasicomponents-contain-components	pending		
thm-quasicomponents-equal-components-in-a-compact-hausdorff-space	pending		
thm-quaternions-form-a-division-ring	pending		
thm-quotient-abelian-iff-contains-commutator-subgroup	pending		
thm-quotient-and-lifting-regularity-across-a-regular-element	pending		U-P
thm-quotient-canonical-factorisation	pending		
thm-quotient-group-laws	pending		
thm-quotient-group-universal-property	pending		
thm-quotient-is-domain-iff-ideal-prime	pending		
thm-quotient-is-field-iff-ideal-maximal	pending		
thm-quotient-map-is-open	pending		
thm-quotient-module-laws	pending		
thm-quotient-module-universal-property	pending		
thm-quotient-of-banach-by-closed-subspace-is-banach	no_candidate_found	root-pilot.json	
thm-quotient-ring-laws	pending		
thm-quotient-ring-multiplication-well-defined-iff-ideal	pending		
thm-quotient-ring-universal-property	pending		
thm-quotient-seminorm-is-a-norm-iff-subspace-is-closed	pending		
thm-quotient-universal-property	pending		
thm-quotient-vector-space-universal-property	pending		
thm-r-is-not-homeomorphic-to-higher-dimensional-euclidean-space	pending		
thm-r-three-three-equals-six	pending		
thm-r-uncountable	pending		
thm-radial-straight-line-map-on-punctured-rn	pending		
thm-radical-as-intersection-of-primes	pending		
thm-radical-localisation-and-regular-quotient-properties-of-depth	pending		U-P
thm-radical-of-a-primary-ideal-is-prime	pending		
thm-radon-nikodym-density-exists-and-is-unique-up-to-almost-everywhere-equality	pending		A-P
thm-ramification-and-residue-degrees-in-towers	pending		
thm-ramified-primes-and-the-number-field-discriminant	pending		
thm-ramsey-logarithmic-homogeneous-set-bound	pending		
thm-random-graph-logarithmic-homogeneous-set-upper-bound	pending		
thm-rank-nullity	pending		
thm-rank-of-the-point-inclusion-matrix	pending		
thm-rat-field	pending		
thm-rat-ordered-field	pending		
thm-ratio-root-inequality	pending		
thm-ratio-test	pending		
thm-rational-box-generators-of-the-borel-sigma-algebra-on-rn	pending		
thm-rational-box-step-functions-form-a-countable-dense-subset-of-l-p-of-rn	pending		
thm-rational-canonical-form-existence-and-uniqueness	pending		
thm-rational-continued-fraction-termination	pending		
thm-rational-map-fibre-count-degree	pending		U-P
thm-rational-points-and-boxes-in-rn	pending		
thm-rational-root-theorem	pending		
thm-rational-supremum-power-agrees-with-exp	pending		
thm-rationals-countable	pending		
thm-read-only-input-savitch-simulation	pending		U-P
thm-read-only-workspace-space-hierarchy	pending		A-P
thm-real-analytic-functions-closed-under-algebra-quotients-and-composition	pending		
thm-real-automorphisms-of-the-complex-numbers	pending		
thm-real-beta-gamma-identity	pending		
thm-real-beta-integral-convergence	pending		U-P
thm-real-cross-ratio-circline-characterization	pending		
thm-real-de-moivre-binomial-multiple-angle-formulas	pending		
thm-real-gamma-endpoint-behaviour-and-unique-minimum	pending		
thm-real-gamma-euler-integral-convergence	pending		U-P
thm-real-gamma-functional-equation	pending		
thm-real-gamma-is-log-convex	pending		
thm-real-gamma-is-smooth	pending		
thm-real-gamma-one-half-wallis-proof	pending		
thm-real-hilbert-symbol-formula	pending		
thm-real-line-covers-real-line-mod-integers	pending		
thm-real-line-mod-integers-is-homeomorphic-to-the-unit-circle	pending		A-P
thm-real-normal-endomorphism-classification	pending		
thm-real-power-agrees-with-rational-exponent	pending		
thm-real-power-continuity-and-derivatives	pending		
thm-real-power-laws	pending		
thm-real-square-matrix-invertible-iff-determinant-nonzero	no_candidate_found	root-determinants-01-receipts.json	
thm-real-stirling-formula	pending		
thm-real-stone-weierstrass-dichotomy-for-separating-algebras	pending		
thm-real-stone-weierstrass-for-compact-metric-spaces	pending		
thm-real-stone-weierstrass-general	pending		
thm-reals-cauchy-complete	pending		A-R
thm-reals-dedekind-field	pending		
thm-reals-dedekind-ordered-field	pending		
thm-reals-field	pending		
thm-reals-ordered-field	pending		
thm-rearrangement-sums-lie-in-an-affine-subspace	pending		
thm-reciprocal-spectral-condition-number-is-the-relative-distance-to-singularity	pending		
thm-recognition-of-an-internal-central-product	pending		
thm-rectangle-criterion-for-independent-random-elements	pending		
thm-rectifiable-iff-coordinate-functions-have-bounded-variation	pending		
thm-recursion	pending		A-P
thm-recursion-on-well-founded-setlike-relations	pending		
thm-redei-tournament-hamilton-path	pending		
thm-reduced-qr-solves-full-column-rank-least-squares-without-squaring-the-condition-number	pending		
thm-reduced-row-echelon-form-is-unique	pending		
thm-reduced-syllable-words-form-the-free-product	pending		
thm-reduced-words-form-the-free-group	pending		
thm-reduction-mod-prime-irreducibility-test	pending		
thm-reduction-of-positive-definite-binary-quadratic-forms	pending		
thm-reduction-universal-property	pending		
thm-reflection-principle-for-diagonal-lattice-paths	pending		
thm-reflexive-and-irreflexive-orders-correspond	pending		
thm-region-under-a-nonnegative-measurable-function-has-product-measure-equal-to-its-integral	pending		
thm-regular-cofinality-strata-are-stationary	pending		
thm-regular-covering-characterizations	pending		
thm-regular-foliations-and-integrable-distributions-correspond	pending		
thm-regular-interval-diffeomorphism	pending		U-P
thm-regular-level-surfaces-have-local-regular-parametrizations	pending		
thm-regular-local-rings-are-domains-and-cohen-macaulay	pending		U-P
thm-regular-local-rings-are-normal	pending		U-P
thm-regular-locus-is-open	pending		
thm-regular-outer-measures-are-continuous-from-below	pending		
thm-regular-quotients-and-cohen-macaulayness	pending		U-P
thm-regular-representation-is-faithful	pending		
thm-regular-sequences-give-acyclic-koszul-complexes	pending		
thm-regularity-notions-and-permutation-invariance-local	pending		
thm-regularity-of-the-alephs	pending		
thm-reidemeister-schreier-presentation	pending		
thm-relative-automorphism-group-and-separable-degree-bound	pending		
thm-relative-cellular-homology-computes-relative-singular-homology	pending		U-P
thm-relative-halting-is-oracle-ce-complete	pending		U-P
thm-relative-homology-of-consecutive-cw-skeleta	pending		U-P
thm-relative-morse-smale-perturbation-of-a-gradient-like-field	no_candidate_found	morse-topic-pilot.json	
thm-relative-whitney-approximation-for-euclidean-valued-maps	pending		A-R
thm-relative-whitney-approximation-for-manifold-valued-maps	pending		A-R
thm-relativization-and-set-satisfaction	pending		
thm-removability-of-a-puncture-in-several-complex-variables	pending		
thm-removable-isolated-singularity-for-bounded-plane-harmonic-functions	pending		
thm-removable-singularity-characterizations	pending		
thm-repeated-root-derivative-criterion	pending		
thm-representable-functors-carry-weighted-limits-to-weighted-limits	pending		
thm-representable-functors-preserve-small-limits	pending		
thm-representable-hom-functors-on-a-triangulated-category-are-homological-or-cohomological	pending		
thm-representable-second-proof-of-rapl-under-local-smallness	pending		
thm-representing-objects-are-unique-up-to-unique-compatible-isomorphism	pending		
thm-residual-to-forward-error-bounds-for-linear-systems	pending		
thm-residue-evaluation-principal-value-real-poles	pending		
thm-residue-evaluation-rational-fourier-integrals	pending		
thm-residue-evaluation-rational-real-integrals	pending		
thm-residue-pole-derivative-formula	pending		
thm-residue-theorem-null-homologous-cycle	pending		
thm-restriction-corestriction-composite-is-multiplication-by-the-index	pending		
thm-reverse-p-triangle-inequality-for-nonnegative-functions-when-zero-less-p-less-one	pending		
thm-reversing-the-tensor-product-exchanges-left-and-right-duals	pending		
thm-riemann-criterion	pending		
thm-riemann-extension-across-a-coordinate-hyperplane	pending		
thm-riemann-extension-across-hypersurface-zero-sets	pending		
thm-riemann-fubini-on-product-rectangles	pending		
thm-riemann-integrable-functions-are-henstock-kurzweil-integrable	pending		
thm-riemann-lebesgue-lemma-for-continuous-functions	pending		
thm-riemann-lebesgue-lemma-for-fourier-coefficients	pending		
thm-riemann-localisation-principle-for-fourier-series	pending		
thm-riemann-mapping-theorem	pending		
thm-riemann-series-theorem	pending		
thm-riemann-stieltjes-and-parametric-contour-integrals-agree	pending		
thm-riemann-stieltjes-c1-integrator-reduction	pending		
thm-riemann-stieltjes-change-of-variable	pending		
thm-riemann-stieltjes-continuous-composition	pending		
thm-riemann-stieltjes-countable-step-integrator	pending		
thm-riemann-stieltjes-darboux-criterion	pending		
thm-riemann-stieltjes-existence-bv-no-common-discontinuities	pending		
thm-riemann-stieltjes-existence-continuous-bv	pending		
thm-riemann-stieltjes-existence-finitely-discontinuous	pending		
thm-riemann-stieltjes-fundamental-theorems-for-c1-integrators	pending		
thm-riemann-stieltjes-integral-agrees-with-lebesgue-stieltjes-integral	pending		
thm-riemann-stieltjes-integration-by-parts	pending		
thm-riemann-stieltjes-linearity-and-additivity	pending		
thm-riemann-surface-of-an-nth-root	pending		
thm-riemann-surface-of-the-logarithm	pending		
thm-riemann-von-mangoldt-zero-counting	pending		
thm-riemann-xi-is-entire-of-order-one	pending		
thm-riemann-zeta-classical-zero-free-region	pending		
thm-riemann-zeta-continuation-to-the-right-half-plane	pending		
thm-riemann-zeta-functional-equation	pending		
thm-riemann-zeta-is-zero-free-on-the-closed-right-half-plane	pending		
thm-riemann-zeta-meromorphic-continuation	pending		
thm-riesz-fischer-completeness-of-l-p	pending		A-R
thm-riesz-representation-in-finite-dimensions	pending		
thm-riesz-rising-sun-lemma	pending		
thm-riesz-subsequence-theorem-for-convergence-in-measure	pending		
thm-riesz-thorin-interpolation	pending		A-P
thm-right-adjoints-preserve-limits	pending		
thm-right-continuous-increasing-functions-split-as-absolutely-continuous-plus-jump-plus-singular-continuous	pending		
thm-right-derived-functors-form-a-cohomological-delta-functor	pending		
thm-right-derived-functors-from-two-supplied-injective-resolution-data-are-naturally-isomorphic	pending		
thm-right-derived-functors-relative-to-supplied-data-are-additive-functors	pending		
thm-right-exactness-of-tensor-products	pending		
thm-right-hand-side-perturbation-bound-for-ax-equals-b	pending		
thm-ring-homomorphism-kernel-is-an-ideal	pending		
thm-ring-matrix-arithmetic-laws	no_candidate_found	root-determinants-01-receipts.json	
thm-ring-of-integers-free-of-rank-degree	pending		
thm-ring-of-integers-of-a-quadratic-field	pending		
thm-rmk-functional-outer-content-is-an-outer-measure	pending		A-R
thm-rmk-open-sets-are-caratheodory-measurable	pending		
thm-rmk-positive-functional-is-integration-against-its-representing-measure	pending		A-P
thm-rmk-representing-measure-is-inner-regular-on-open-sets	pending		
thm-rmk-uniqueness-among-radon-measures	pending		A-P
thm-rmod-is-complete-and-cocomplete	pending		
thm-rolle	pending		
thm-root-bound-for-polynomials-over-a-domain	pending		
thm-root-space-decomposition-relative-to-a-cartan-subalgebra	existing_finding	terra-lie-02-receipts.json	A-P
thm-root-test	pending		
thm-roots-of-the-minimal-polynomial-are-eigenvalues-over-extension-fields	pending		
thm-rouche-theorem	pending		
thm-row-equivalence-characterisations	pending		
thm-row-operations-preserve-solution-sets	pending		
thm-row-rank-equals-column-rank	pending		
thm-rref-consistency-and-free-variable-parametrisation	pending		
thm-runge-approximation-on-plane-domains	pending		
thm-runge-approximation-with-prescribed-poles	pending		
thm-russells-paradox	pending		
thm-saft-yields-the-stone-cech-adjunction	pending		
thm-saks-henstock-lemma	pending		
thm-samuel-compactification-universal-property	pending		
thm-samuel-completion-is-a-compactification	pending		
thm-sard-smale-residual-regular-values-for-fredholm-maps	pending		A-P
thm-sat-search-reduces-to-sat-decision	pending		U-P
thm-sauer-shelah	pending		
thm-sauer-shelah-by-multilinear-polynomials	pending		
thm-scalar-and-vector-line-integral-estimates	pending		
thm-scalar-extension-of-an-irreducible-finite-group-representation	pending		U-P
thm-scalar-surface-integrals-on-a-surface-of-revolution	pending		
thm-schanuel-lemma-in-an-abelian-category	pending		
thm-scheme-theoretic-image-quasi-compact-morphism	pending		U-P
thm-schottky-theorem	pending		
thm-schreier-generating-lemma	pending		
thm-schreier-index-rank-formula	pending		
thm-schreier-refinement-theorem	pending		
thm-schreier-refinement-theorem-in-an-abelian-category	pending		
thm-schroder-bernstein	pending		
thm-schur-index-as-minimal-realization-multiplicity	pending		U-P
thm-schur-index-equals-division-algebra-index	pending		U-P
thm-schur-monochromatic-sum	pending		
thm-schur-multiplier-of-an-abelian-group-is-its-exterior-square	pending		
thm-schur-triangularisation	pending		
thm-schur-zassenhaus-conjugacy-when-kernel-or-quotient-is-solvable	pending		
thm-schur-zassenhaus-existence	pending		
thm-schurs-lemma-for-modules	pending		
thm-schwarz-pick-lemma-on-the-unit-disc	pending		
thm-second-column-orthogonality-relation-for-irreducible-complex-characters	pending		U-P
thm-second-countable-implies-first-countable	pending		
thm-second-countable-implies-lindelof	pending		
thm-second-countable-implies-separable	pending		
thm-second-derivative-test	pending		
thm-second-isomorphism-theorem-groups	pending		
thm-second-isomorphism-theorem-in-an-abelian-category	pending		
thm-second-isomorphism-theorem-modules	pending		
thm-second-isomorphism-theorem-rings	pending		
thm-second-mean-value-theorem-for-integrals	pending		
thm-second-mertens-theorem-for-primes	pending		A-P
thm-second-supplement-to-quadratic-reciprocity	pending		
thm-second-uniqueness-theorem-primary-decomposition	pending		
thm-sections-basic-open-affine-scheme	pending		
thm-sections-of-product-measurable-functions-are-measurable	pending		
thm-sections-of-product-measurable-sets-are-measurable	pending		
thm-sector-power-map-is-biholomorphic-on-narrow-sectors	pending		
thm-segre-image-rank-one-minors	pending		U-P
thm-seifert-van-kampen	pending		
thm-self-adjoint-idempotents-are-exactly-orthogonal-projections	pending		
thm-self-conjugate-partitions-correspond-to-distinct-odd-partitions	pending		
thm-self-regular-representative-subsets	pending		
thm-semicontinuity-level-set-characterisation	pending		
thm-semicontinuous-evt	pending		
thm-semifinite-and-zero-infinity-decomposition	pending		
thm-semifinite-part-is-a-measure	pending		
thm-separability-is-transitive	pending		
thm-separability-of-x-n-minus-one-and-the-order-of-the-group-of-roots-of-unity	pending		
thm-separable-closures-exist-and-are-isomorphic-over-the-base	pending		
thm-separable-degree-divides-extension-degree	pending		
thm-separable-degree-is-independent-of-the-algebraic-closure	pending		
thm-separable-degree-is-the-degree-of-the-separable-closure	pending		
thm-separable-elements-form-an-intermediate-field	pending		
thm-separated-uniformity-iff-induced-topology-is-hausdorff	pending		
thm-separating-hyperplane-theorem-for-disjoint-convex-sets	pending		
thm-separation-of-an-open-convex-set-and-a-point	pending		A-P
thm-separation-of-disjoint-convex-sets-one-open	pending		A-P
thm-sequence-construction-generating-function	pending		
thm-sequential-criterion-for-continuity	pending		
thm-sequential-criterion-for-function-limits	pending		
thm-sequential-suprema-infima-limsup-liminf-and-pointwise-limits-are-measurable	pending		
thm-sequentially-compact-implies-totally-bounded	pending		
thm-series-cauchy-criterion	pending		
thm-serre-normality-criterion	pending		U-P
thm-set-has-all-small-colimits	pending		
thm-set-has-all-small-limits	pending		
thm-set-is-cartesian-closed	pending		
thm-set-is-locally-cartesian-closed	pending		
thm-set-structure-satisfaction-recursion	pending		
thm-seven-generators-of-the-borel-sigma-algebra-on-r	pending		
thm-shannon-almost-all-functions-require-exponential-circuits	pending		
thm-shapiro-lemma-for-group-cohomology	pending		
thm-shapiro-lemma-for-group-homology	pending		
thm-shapovalov-determinant-formula	pending		U-P
thm-sharp-five-lemma-in-an-abelian-category	pending		
thm-sharp-nine-lemma	pending		
thm-sheaf-equalizer-condition	pending		
thm-sheaf-morphism-isomorphism-stalkwise	pending		
thm-sheafification-preserves-stalks	pending		
thm-sheafification-universal-property	pending		
thm-sheaves-as-local-homeomorphisms	pending		
thm-sheets-equal-fundamental-group-index	pending		
thm-shift-is-an-additive-autoequivalence-of-the-complex-and-homotopy-categories	pending		
thm-shifted-inverse-iteration-converges-to-the-simple-eigenvalue-nearest-the-shift	pending		
thm-shoelace-formula-for-simple-polygons	pending		
thm-shoenfield-limit-lemma	pending		U-P
thm-short-exact-two-open-singular-chain-mayer-vietoris-sequence	pending		
thm-short-five-lemma-by-pullback-without-members	pending		
thm-short-five-lemma-in-an-abelian-category	pending		
thm-sierpinski-arbitrary-set-gch-implies-choice	pending		
thm-sigma-algebra-closure-laws	pending		
thm-sigma-algebra-generated-by-a-countable-partition	pending		
thm-sigma-finite-duality-for-bounded-functionals-on-l-p	pending		
thm-sigma-finite-premeasure-extension-is-unique	pending		
thm-sigma-finite-product-measure-exists-is-rectangular-and-is-unique	pending		A-P
thm-sigma-k-equals-pi-k-implies-ph-collapse	pending		U-P
thm-sigma-one-sets-are-exactly-ce-sets	pending		A-P
thm-sign-is-a-homomorphism	pending		
thm-signed-infinite-product-square-summability-criterion	pending		
thm-signed-stirling-inversion	pending		
thm-signless-first-kind-recurrence-and-rising-factorial-expansion	pending		
thm-silverman-toeplitz	pending		
thm-similarity-classification-by-jordan-canonical-form	pending		
thm-similarity-is-an-equivalence-relation-and-models-basis-change	pending		
thm-simple-algebraic-extension-quotient-power-basis-and-degree	pending		
thm-simple-continued-fractions-parametrise-the-irrationals	pending		
thm-simple-eigenpair-branches-exist-locally-after-gauge-fixing	pending		
thm-simple-functions-are-dense-in-l-infinity-in-essential-supremum	pending		
thm-simple-functions-with-finite-measure-support-are-dense-in-l-p-for-finite-p	pending		
thm-simple-indefinite-integral-is-a-measure	pending		A-P
thm-simple-modules-over-semisimple-rings	pending		
thm-simple-objects-of-category-o-are-highest-weight-modules	pending		U-P
thm-simple-polygon-admits-a-triangulation	pending		
thm-simple-polygon-content-is-the-sum-of-triangle-contents	pending		
thm-simple-transcendental-extension-is-rational-expressions-in-the-generator	pending		
thm-simple-transcendental-extensions-are-uniquely-f-isomorphic	pending		
thm-simplicial-and-singular-homology-agree-for-simplicial-complexes	pending		U-P
thm-simultaneous-basis-theorem-for-pid-submodules	pending		
thm-simultaneous-diagonalisation-of-commuting-diagonalisable-endomorphisms	pending		
thm-simultaneous-triangularisation-of-commuting-operators	pending		
thm-sine-and-cosine-addition-formulas	pending		
thm-sine-and-cosine-derivatives	pending		
thm-sine-and-cosine-parametrize-the-unit-circle	pending		A-P
thm-sine-and-cosine-subtraction-formulas	pending		
thm-sine-biholomorphism-from-upper-half-strip	pending		
thm-sine-cosine-signs-monotonicity-and-ranges	pending		
thm-sine-cosine-zero-sets-and-fundamental-period	pending		
thm-sine-has-its-weierstrass-product	pending		
thm-single-pattern-and-finite-family-erdos-hajnal-formulations	pending		
thm-singular-chain-homotopy-formula	pending		
thm-singular-homology-satisfies-dimension-and-arbitrary-additivity	pending		
thm-singular-homology-satisfies-homotopy-exactness-and-excision	pending		U-P
thm-singular-value-decomposition	pending		
thm-six-colour-theorem-for-planar-graphs	pending		U-P
thm-slices-of-a-locally-cartesian-closed-category-are-locally-cartesian-closed	pending		
thm-slim-triangle-gromov-product-and-four-point-hyperbolicity-are-equivalent-up-to-constants	pending		U-P
thm-slit-plane-root-branch-biholomorphism-to-a-sector	pending		
thm-slutsky-for-real-random-variables	pending		
thm-small-categories-form-a-strict-two-category	pending		
thm-small-colimits-from-coproducts-and-coequalizers	pending		
thm-small-dominating-set-from-minimum-degree	pending		
thm-small-intersections-of-clubs	pending		
thm-small-limits-commute-with-small-limits	pending		
thm-small-limits-from-products-and-equalizers	pending		
thm-smirnov-local-metrization	pending		U-P
thm-smith-normal-form-existence-over-a-pid	pending		
thm-smith-normal-form-uniqueness-via-determinantal-divisors	pending		
thm-smooth-dependence-of-ode-solutions-on-parameters	pending		
thm-smooth-dependence-of-solutions-on-initial-data	pending		
thm-smooth-functions-defined-locally-can-be-glued-by-a-partition-of-unity	pending		
thm-smooth-invariance-of-manifold-boundary	pending		
thm-smooth-inverse-function-theorem-on-manifolds	pending		
thm-smooth-partitions-of-unity-exist-on-manifolds	pending		A-P
thm-smooth-partitions-of-unity-exist-on-manifolds-with-boundary	pending		A-P
thm-smooth-urysohn-lemma-for-a-closed-set-in-an-open-set	pending		A-R
thm-snake-lemma-for-modules	pending		
thm-snake-lemma-in-an-abelian-category	pending		
thm-snake-lemma-under-the-weaker-stacks-hypotheses	pending		
thm-socle-is-the-largest-semisimple-submodule	pending		
thm-sokal-gliding-hump-uniform-boundedness	pending		U-P
thm-solid-between-continuous-graphs-fubini-formula	pending		
thm-solovay-stationary-partition	pending		
thm-solution-set-is-an-affine-nullspace	pending		
thm-solvable-by-radicals-implies-a-solvable-galois-group	pending		
thm-solvable-galois-group-implies-solvable-by-radicals	pending		
thm-solvable-iff-it-has-an-abelian-factor-series	pending		
thm-some-turing-reductions-are-not-truth-table-reductions	pending		U-P
thm-special-adjoint-functor-theorem-functor-form	pending		
thm-special-adjoint-functor-theorem-objectwise-form	pending		
thm-special-values-of-riemann-zeta-at-integers	pending		
thm-special-vertex-local-structural-partition-criterion-implies-property-star	pending		
thm-specker-two-local-gch	pending		
thm-spectral-and-frobenius-norms-are-unitarily-invariant-with-singular-value-formulas-and-rank-comparison	pending		
thm-spectral-gap-implies-connectivity-and-edge-expansion	no_candidate_found	root-spectral-01-receipts.json	
thm-spectral-mapping-for-polynomials	pending		
thm-spectral-radius-is-bounded-by-average-and-maximum-degree	no_candidate_found	root-spectral-01-receipts.json	
thm-spectral-resolution-and-polynomial-spectral-projections	pending		
thm-spectrum-is-the-root-set-of-the-characteristic-polynomial	pending		
thm-spectrum-of-the-complete-bipartite-graph	no_candidate_found	root-spectral-01-receipts.json	
thm-spectrum-of-the-complete-graph	no_candidate_found	root-spectral-01-receipts.json	
thm-spectrum-of-the-cycle-graph	no_candidate_found	root-spectral-01-receipts.json	
thm-spectrum-of-the-petersen-graph	no_candidate_found	root-spectral-01-receipts.json	
thm-spectrum-sober	pending		
thm-spherical-mean-value-property-for-harmonic-functions	pending		U-P
thm-split-set-with-complete-and-anticomplete-outsiders-yields-a-module	pending		
thm-splitting-criteria-via-sections-complements-retractions-and-semidirect-products	pending		
thm-splitting-fields-exist-for-nonzero-polynomials	pending		
thm-splitting-lemma-for-group-extensions	pending		
thm-splitting-lemma-for-modules	pending		
thm-splitting-lemma-in-an-abelian-category	pending		
thm-square-criterion-in-q2	pending		
thm-square-criterion-in-qp-for-odd-p	pending		
thm-square-root-continued-fraction-period-structure	pending		
thm-squeeze	pending		
thm-squeeze-for-function-limits	pending		
thm-stabilised-kernel-image-decomposition	pending		
thm-stability-operations-for-plurisubharmonic-functions	pending		
thm-stalk-structure-sheaf-prime-localization	pending		
thm-standard-maclaurin-expansions	pending		U-P
thm-standard-representatives-modulo-n	pending		
thm-stars-and-bars	pending		
thm-stationarity-via-elementary-initial-segments	pending		
thm-stationary-splitting-converges-iff-the-iteration-matrix-has-spectral-radius-below-one	pending		
thm-steiner-triple-systems-exist-exactly-when-v-congruent-one-or-three-mod-six	pending		U-P
thm-steinhaus-difference-set-contains-a-ball	pending		
thm-steinitz-exchange	pending		
thm-steinitz-polygonal-confinement	pending		
thm-steinitz-primitive-element-criterion	pending		
thm-stereographic-projection-riemann-sphere-homeomorphism	pending		
thm-stieltjes-interval-set-function-is-a-premeasure	pending		
thm-stirling-formula-gamma	pending		
thm-stirling-second-kind-inclusion-exclusion-formula	pending		
thm-stirling-second-kind-recurrence	pending		
thm-stolz-cesaro	pending		
thm-stone-cech-evaluation-closure-universal-property	pending		
thm-stone-cech-is-left-adjoint-to-the-inclusion-of-compact-hausdorff-spaces	pending		
thm-stone-metric-spaces-are-paracompact	no_candidate_found	terra-partitions-01-receipts.json	
thm-strict-separation-of-a-point-from-a-closed-convex-set	pending		
thm-strong-enriched-yoneda-lemma-as-a-particular-end	pending		
thm-strong-erdos-hajnal-property-implies-erdos-hajnal-property	pending		
thm-strong-induction	pending		
thm-strong-linkage-principle-for-verma-modules	pending		U-P
thm-strong-maximum-principle-for-classical-subharmonic-functions	pending		U-P
thm-strong-maximum-principle-for-harmonic-functions	pending		U-P
thm-strong-regularity-lemma-by-energy-stabilisation	pending		
thm-strong-separation-of-closed-and-compact-convex-sets	pending		U-P
thm-strong-whitney-approximation-by-transverse-maps	pending		
thm-structural-recursion-on-set-coded-syntax	pending		
thm-structure-of-the-unit-group-modulo-n	pending		
thm-structure-sheaf-affine-scheme	pending		
thm-structure-theorem-for-artinian-rings	pending		
thm-subexponential-growth-implies-amenability	pending		
thm-subfield-lattice-of-a-finite-field	pending		
thm-subgroup-block-correspondence	pending		
thm-subgroups-and-quotients-of-amenable-groups-are-amenable	pending		
thm-subgroups-and-quotients-of-solvable-groups-are-solvable	pending		
thm-subgroups-of-cyclic-groups-are-cyclic	pending		
thm-subgroups-quotients-and-finite-products-of-nilpotent-groups	pending		
thm-submodules-and-quotients-of-semisimple-modules	pending		
thm-submodules-of-free-modules-over-a-pid-are-free	pending		A-R
thm-submodules-of-projectives-over-dedekind-domains	pending		
thm-subobjects-and-quotient-objects-form-oppositely-ordered-collections	pending		
thm-subordinate-partitions-of-unity-exist	existing_finding	terra-partitions-01-receipts.json	U-P
thm-subsequence-characterization-of-convergence-in-probability	pending		U-P
thm-subsequential-limit-set-closed	pending		
thm-subset-construction-preserves-language	pending		A-R
thm-subset-of-a-finite-set	pending		
thm-subset-sum-reduces-to-partition	pending		U-P
thm-subspace-closure-and-interior	pending		
thm-subspace-iteration-converges-to-the-dominant-invariant-subspace-under-a-spectral-gap	pending		
thm-substitution	pending		
thm-substitution-for-improper-integrals	pending		
thm-substitution-preserves-the-erdos-hajnal-property	pending		
thm-substitution-rule-for-ordinary-generating-functions	pending		
thm-substitution-with-riemann-integrable-inner-derivative	pending		
thm-successive-householder-or-givens-transformations-produce-full-and-reduced-qr-with-operation-counts	pending		
thm-sum-and-product-of-ideals-are-ideals	pending		
thm-sum-check-soundness	pending		U-P
thm-sum-of-totients-over-divisors	pending		
thm-sum-of-two-squares-characterisation	pending		
thm-sum-rule	pending		
thm-summable-families-and-rearrangement	pending		
thm-support-and-annihilator-of-a-finite-module	pending		
thm-support-in-a-short-exact-sequence	pending		
thm-support-of-a-convolution-lies-in-the-closure-of-the-support-sumset	pending		
thm-support-of-a-tensor-product-of-finite-modules	pending		
thm-support-of-arbitrary-direct-sums	pending		
thm-support-under-localisation	pending		
thm-supporting-hyperplane-at-a-boundary-point-of-a-convex-set	pending		
thm-supporting-lines-for-convex-functions	pending		
thm-surface-area-and-scalar-integrals-are-reparametrization-invariant	pending		
thm-surface-area-density-is-cross-product-norm	pending		
thm-surface-integrals-over-c-one-graphs	pending		
thm-surjective-iff-transpose-is-bounded-below	pending		U-P
thm-svarc-milnor-lemma	pending		
thm-sylow-characterizations-of-finite-nilpotence	pending		
thm-sylow-first-theorem	pending		
thm-sylow-number-as-normalizer-index	pending		
thm-sylow-second-theorem	pending		
thm-sylow-third-theorem	pending		
thm-sylvesters-criterion-for-positive-definiteness	pending		
thm-sylvesters-law-of-inertia	pending		A-P
thm-symbolic-sum-and-product-rules	pending		
thm-symmetric-alternating-relations-by-characteristic	pending		
thm-symmetric-and-alternating-images-are-smooth-subbundles	pending		
thm-symmetric-bilinear-forms-have-an-orthogonal-basis	pending		
thm-symmetric-chain-decomposition-of-the-boolean-lattice	pending		
thm-symmetric-coherence	pending		
thm-symmetric-invariants-restrict-to-weyl-invariants	existing_finding	terra-lie-02-receipts.json	U-P
thm-symmetric-nine-lemma	pending		
thm-symmetric-permutations-are-conjugate-iff-same-cycle-type	pending		
thm-symmetric-positive-definite-preconditioning-preserves-the-hermitian-positive-definite-cg-problem	pending		
thm-symmetric-principal-part-has-a-signature-normal-form	pending		
thm-symmetry-and-associativity-over-a-commutative-ring	pending		
thm-symmetry-of-higher-mixed-partials	pending		
thm-symmetry-of-information-up-to-logarithmic-terms	pending		U-P
thm-szele-many-hamilton-paths-in-a-tournament	pending		
thm-szemeredi-regularity-lemma-with-tower-bound	pending		
thm-t-algebra-homomorphisms-are-closed-under-identities-and-composition	pending		
thm-t1-iff-singletons-are-closed	pending		
thm-t4-implies-t3	pending		
thm-takagi-function-is-continuous-and-nowhere-differentiable	pending		
thm-tangent-and-cotangent-bundles-extend-over-a-manifold-boundary	pending		
thm-tangent-cotangent-secant-cosecant-derivatives-and-periods	pending		
thm-tangent-half-angle-rational-parametrization	pending		
thm-tarski-alternative	pending		
thm-tarski-square	pending		U-P
thm-tau-critical-graphs-have-no-wide-cograph-pattern-blockades	pending		
thm-tauber-converse-for-abel-summability	pending		
thm-taylor-expansion-holomorphic-function	pending		
thm-taylor-peano-remainder	pending		
thm-taylor-schlomilch-roche-remainder	pending		
thm-taylor-series-representation-by-remainder	pending		U-P
thm-tensor-and-direct-sum-models-of-complexification-agree	pending		
thm-tensor-product-basis-from-bases	pending		
thm-tensor-product-of-algebras-over-a-commutative-ring	pending		
thm-tensor-products-commute-with-arbitrary-direct-sums	pending		
thm-tensor-transition-laws-define-a-smooth-vector-bundle	pending		
thm-tensoring-with-a-dualizable-object-preserves-projectives	pending		
thm-termwise-differentiation-of-a-real-power-series	pending		
thm-termwise-differentiation-of-complex-power-series	pending		
thm-the-adjunction-hom-set-bijection-under-local-smallness	pending		
thm-the-arrow-theoretic-criterion-for-exactness	pending		
thm-the-bar-cochain-complex-computes-derived-group-cohomology	pending		
thm-the-bar-complex-is-a-free-resolution-of-the-trivial-module	pending		
thm-the-bonferroni-inequalities	pending		
thm-the-boundary-is-a-closed-embedded-smooth-n-minus-one-manifold	pending		
thm-the-braid-category-is-the-free-strict-braided-monoidal-category-on-one-generator	pending		
thm-the-braid-group-surjects-onto-the-symmetric-group	pending		
thm-the-braiding-is-compatible-with-the-unit-constraints	pending		
thm-the-calculus-of-fractions-constructs-the-localization	pending		
thm-the-cancellation-and-epimorphism-descriptions-of-a-generator-agree	pending		
thm-the-canonical-mapping-cone-sequence-is-degreewise-split-short-exact	pending		U-P
thm-the-canonical-morphism-from-the-coimage-to-the-image-exists-and-is-unique	pending		
thm-the-canonical-pair-is-a-t-structure	pending		
thm-the-canonical-presentation-is-split-in-the-base-but-not-in-the-algebras	pending		
thm-the-cartesian-swap-braiding-is-a-symmetry	pending		
thm-the-catalan-generating-function-is-not-rational	pending		
thm-the-category-of-abelian-groups-is-monoidal-under-the-tensor-product	pending		
thm-the-category-of-binary-words-is-monoidal	pending		
thm-the-category-of-complexes-in-an-abelian-category-is-abelian	pending		
thm-the-category-of-complexes-in-an-additive-category-is-additive	pending		
thm-the-category-of-small-categories-is-cartesian-closed	pending		
thm-the-cayley-graph-of-a-free-group-with-respect-to-a-free-basis-is-a-tree	pending		A-P
thm-the-characterising-property-of-ordered-pairs	pending		
thm-the-classical-stokes-theorem-for-a-c2-surface-patch	pending		
thm-the-closed-graph-criterion-over-a-compact-hausdorff-codomain	pending		
thm-the-codensity-construction-satisfies-the-monad-laws	pending		
thm-the-codensity-monad-of-the-small-skeleton-of-finite-sets-is-the-ultrafilter-monad	pending		
thm-the-coeilenberg-moore-adjunction-induces-the-given-comonad	pending		
thm-the-cohomology-universal-coefficient-sequence-splits-nonnaturally	pending		A-P
thm-the-cokleisli-adjunction-induces-the-given-comonad	pending		
thm-the-comma-category-limit-and-colimit-formulae-compute-kan-extensions	pending		
thm-the-commutative-monoid-enrichment-of-a-category-with-finite-biproducts-is-unique	pending		
thm-the-compact-hausdorff-and-ultrafilter-algebra-constructions-are-inverse	pending		
thm-the-compact-square-form-of-enriched-naturality	pending		
thm-the-comparison-functor-exists-and-is-unique	pending		
thm-the-comparison-functor-from-kleisli-is-fully-faithful-with-image-the-free-algebras	pending		
thm-the-complex-numbers-are-algebraically-closed	pending		
thm-the-cone-long-exact-sequence	pending		
thm-the-cone-of-an-identity-map-is-contractible	pending		
thm-the-connecting-morphism-exists-and-is-unique	pending		U-P
thm-the-constant-singleton-weight-recovers-an-ordinary-limit	pending		
thm-the-contravariant-power-set-functor-is-monadic	pending		
thm-the-cotangent-bundle-has-a-canonical-smooth-2n-manifold-structure	pending		
thm-the-counit-of-a-reflection-is-an-isomorphism	pending		
thm-the-covariant-power-set-monad	pending		
thm-the-covering-criterion-for-exactness	pending		
thm-the-curl-of-a-gradient-vanishes	pending		
thm-the-cyclotomic-galois-group-embeds-in-the-unit-group-modulo-n	pending		
thm-the-cyclotomic-galois-group-over-a-finite-field	pending		
thm-the-degree-of-an-irreducible-complex-character-divides-the-group-order	pending		U-P
thm-the-degree-of-an-irreducible-complex-character-divides-the-index-of-the-center	pending		U-P
thm-the-derangement-formula	pending		
thm-the-derivative-of-an-increasing-function-is-measurable-integrable-and-bounded-by-its-total-increase	pending		
thm-the-derived-category-inherits-a-triangulated-structure	pending		
thm-the-derived-category-is-the-verdier-quotient-by-acyclic-complexes	pending		
thm-the-diagram-lemmas-hold-in-the-opposite-category	pending		
thm-the-differential-sends-curve-velocities-to-composite-curve-velocities	pending		
thm-the-discrete-and-indiscrete-topologies-form-an-adjoint-triple-over-set	pending		
thm-the-divergence-of-a-curl-vanishes	pending		
thm-the-divergence-theorem-for-an-elementary-solid-region	pending		
thm-the-divergence-theorem-for-finite-gluings-of-elementary-solid-regions	pending		
thm-the-double-braiding-center-is-symmetric	pending		
thm-the-double-dual-is-a-monoidal-functor	pending		
thm-the-double-has-a-well-defined-smooth-structure	pending		U-P
thm-the-eilenberg-moore-adjunction-induces-the-given-monad	pending		
thm-the-empty-set-exists-and-is-unique	pending		
thm-the-end-form-of-the-yoneda-lemma	pending		
thm-the-endofunctor-category-of-a-small-category-is-strict-monoidal-under-composition	pending		
thm-the-endomorphisms-of-the-unit-form-a-commutative-monoid	pending		
thm-the-erdos-hajnal-property-is-equivalent-to-the-cograph-perfect-and-kappa-formulations	pending		
thm-the-erdos-szekeres-bound-is-sharp	pending		
thm-the-exponential-law	pending		
thm-the-exterior-derivative-commutes-with-pullback	pending		
thm-the-exterior-derivative-is-a-graded-derivation	pending		
thm-the-exterior-derivative-squares-to-zero	pending		
thm-the-first-isomorphism-theorem-for-complexes	pending		
thm-the-five-vertex-path-has-the-polynomial-rodl-property	pending		
thm-the-five-vertex-path-is-nice	pending		
thm-the-forgetful-functor-from-eilenberg-moore-strictly-creates-all-base-limits	pending		
thm-the-forgetful-functor-from-eilenberg-moore-strictly-creates-coequalizers-of-u-t-split-pairs	pending		
thm-the-free-enriched-category-two-adjunction	pending		
thm-the-free-group-functor-is-left-adjoint-to-the-underlying-set-functor	pending		
thm-the-free-group-monad-and-its-algebras-are-groups	pending		
thm-the-free-module-functor-is-left-adjoint-to-the-underlying-set-functor	pending		
thm-the-free-module-monad-and-its-algebras-are-modules	pending		
thm-the-free-monoid-functor-is-left-adjoint-to-the-underlying-set-functor	pending		
thm-the-free-monoid-monad-and-its-algebras-are-monoids	pending		
thm-the-free-unital-ring-functor-is-left-adjoint-to-the-underlying-set-functor	pending		
thm-the-freyd-axioms-imply-the-additive-axioms	pending		
thm-the-freyd-mitchell-characterisation-of-an-abelian-category	pending		
thm-the-global-differential-of-a-smooth-map-is-smooth	pending		
thm-the-grothendieck-ring-multiplication-is-well-defined	pending		
thm-the-hatted-five-cycle-and-its-complement-have-the-erdos-hajnal-property	pending		
thm-the-heart-of-the-canonical-t-structure-is-equivalent-to-the-original-abelian-category	pending		
thm-the-hom-bifunctor-of-a-preadditive-category-takes-values-in-abelian-groups	pending		
thm-the-homology-universal-coefficient-sequence-splits-nonnaturally	pending		
thm-the-homotopy-category-is-additive	pending		
thm-the-homotopy-category-of-an-abelian-category-is-triangulated	pending		
thm-the-idempotent-completion-is-idempotent-complete-and-its-inclusion-is-fully-faithful-and-universal	pending		
thm-the-image-is-the-least-subobject-through-which-a-morphism-factors	pending		
thm-the-inclusion-of-a-reflective-subcategory-is-monadic	pending		
thm-the-inhomogeneous-one-cocycle-model-agrees-with-crossed-homomorphisms-in-degree-one	pending		
thm-the-integers-have-global-dimension-one	pending		A-R
thm-the-integers-map-injectively-and-densely-into-zp	pending		
thm-the-integral-function-is-lipschitz	pending		
thm-the-interior-is-an-open-smooth-n-manifold	pending		
thm-the-internal-hom-composition-morphism	pending		
thm-the-internal-hom-is-continuous-in-each-variable	pending		
thm-the-internal-hom-is-unique-up-to-unique-natural-isomorphism	pending		
thm-the-inverse-braiding-is-a-braiding	pending		
thm-the-join-of-subobjects-is-their-least-upper-bound	pending		
thm-the-kernel-cokernel-sequence-of-a-composite	pending		
thm-the-kernel-row-and-cokernel-row-of-a-morphism-of-short-exact-sequences-are-exact-at-two-nodes-each	pending		
thm-the-kleisli-adjunction-induces-the-given-monad	pending		
thm-the-kleisli-factorisation-functor-exists-and-is-unique	pending		
thm-the-kunneth-sequence-splits-nonnaturally	pending		A-R
thm-the-l-p-distance-for-zero-less-p-less-one-is-a-complete-translation-invariant-metric	pending		U-P
thm-the-l-p-norm-descends-to-the-quotient-and-makes-l-p-a-normed-space	pending		A-P
thm-the-lebesgue-integral-respects-almost-everywhere-equality	pending		A-P
thm-the-left-translation-action-on-a-cayley-graph-restricts-the-embedding-of-cayleys-theorem	pending		
thm-the-left-unitor-of-a-tensor-product-is-determined	pending		
thm-the-long-line-is-a-connected-linear-continuum	pending		
thm-the-long-line-is-countably-compact-and-not-compact	pending		
thm-the-mapping-cylinder-factors-a-chain-map	pending		
thm-the-matrix-category-is-equivalent-to-the-finitely-generated-free-modules	pending		
thm-the-matrix-category-over-a-ring-is-additive	pending		
thm-the-matrix-of-an-exterior-power-is-the-signed-minor-matrix	pending		
thm-the-meet-of-subobjects-is-their-pullback	pending		
thm-the-module-endofunctor-category-is-strict-monoidal	pending		
thm-the-monoid-object-axioms-may-be-written-without-associators	pending		
thm-the-nine-lemma-follows-from-the-snake-lemma	pending		
thm-the-ninja-yoneda-lemma-in-coend-form	pending		
thm-the-number-of-surjections	pending		
thm-the-opposite-of-a-preadditive-category-is-preadditive	pending		A-R
thm-the-opposite-of-an-abelian-category-is-abelian	pending		
thm-the-path-metric-of-a-connected-simple-graph-is-a-metric	pending		
thm-the-pentagon-and-the-triangle-are-independent	pending		
thm-the-presheaf-category-on-a-small-category-is-the-free-cocompletion	pending		
thm-the-pullback-and-pushout-theorems	pending		
thm-the-pullback-fibre-product-is-a-smooth-vector-bundle	pending		A-P
thm-the-pullback-of-a-cospan-is-the-kernel-of-the-difference-of-its-legs	pending		
thm-the-pullback-of-an-epimorphism-is-an-epimorphism	pending		
thm-the-quotient-is-independent-of-the-representing-monomorphism	pending		A-R
thm-the-right-unitor-of-a-tensor-product-is-determined	pending		
thm-the-root-set-is-a-reduced-crystallographic-root-system	existing_finding	terra-lie-02-receipts.json	A-P
thm-the-roots-of-the-cyclotomic-polynomial-are-the-primitive-roots-of-unity	pending		
thm-the-separation-implication-chain	pending		
thm-the-set-of-natural-transformations-is-an-end	pending		
thm-the-simplicial-boundary-squares-to-zero	pending		
thm-the-singular-boundary-squares-to-zero	pending		
thm-the-solution-set-condition-says-the-comma-category-has-a-jointly-weakly-initial-set	pending		
thm-the-solution-set-for-the-underlying-set-functor-on-groups	pending		
thm-the-sphere-the-plane-and-the-disc-are-pairwise-nonbiholomorphic	pending		
thm-the-splitting-lemma-follows-from-the-nine-lemma	pending		
thm-the-standard-flat-function-is-smooth-and-flat-at-zero	pending		
thm-the-star-expansion-four-family-of-a-forest-has-the-erdos-hajnal-property	pending		
thm-the-strong-pigeonhole-principle	pending		
thm-the-structural-comb-partition-criterion-implies-property-star	pending		
thm-the-subobject-inequalities-underlying-exactness	pending		
thm-the-subobject-lattice-of-an-abelian-category-is-modular	pending		
thm-the-subobjects-of-an-object-in-an-abelian-category-form-a-lattice	pending		
thm-the-symmetric-group-has-the-coxeter-presentation	pending		
thm-the-tangent-bundle-has-a-canonical-smooth-2n-manifold-structure	pending		
thm-the-tensor-product-in-a-multitensor-category-is-biexact	pending		
thm-the-twisted-arrow-category-is-the-category-of-elements-of-the-hom-bifunctor	pending		
thm-the-two-element-set-is-a-subobject-classifier-for-sets	pending		
thm-the-two-notions-of-pointwise-agree	pending		
thm-the-two-strand-braid-group-is-infinite-cyclic	pending		
thm-the-ultrafilter-monad-is-a-monad	pending		
thm-the-underlying-category-construction-is-a-two-functor	pending		
thm-the-unit-interval-is-a-coseparating-object-in-compact-hausdorff-spaces	pending		
thm-the-unit-is-an-internal-hom-unit	pending		
thm-the-unit-is-self-dual	pending		
thm-the-unit-object-of-a-multitensor-category-is-semisimple	pending		
thm-the-unit-object-of-a-tensor-category-is-simple	pending		
thm-the-word-category-is-the-free-monoidal-category-on-one-generator	pending		
thm-the-word-metric-is-a-left-invariant-metric-and-is-the-path-metric-of-the-cayley-graph	pending		
thm-there-is-in-general-no-constant-enriched-functor	pending		
thm-theta-mellin-representation-of-completed-zeta	pending		
thm-third-isomorphism-theorem-groups	pending		
thm-third-isomorphism-theorem-in-an-abelian-category	pending		A-R
thm-third-isomorphism-theorem-modules	pending		
thm-third-isomorphism-theorem-rings	pending		
thm-third-mertens-theorem-for-primes	pending		
thm-three-definitions-of-uniform-space-are-equivalent	pending		U-P
thm-three-point-transitivity-mobius-transformations	pending		
thm-three-sat-reduces-to-clique	pending		A-R
thm-three-sat-reduces-to-directed-hamiltonian-cycle	pending		A-R
thm-three-sat-reduces-to-subset-sum	pending		U-P
thm-three-sat-reduces-to-three-colourability	pending		A-R
thm-threshold-characterisations-of-real-and-extended-real-measurability	pending		
thm-tietze-extension-theorem	pending		U-P
thm-tietze-transformations-connect-finite-presentations	pending		
thm-tikhonov-regularised-least-squares-has-a-unique-minimiser	pending		
thm-tikhonov-regularised-solutions-converge-to-the-pseudoinverse-solution	pending		
thm-time-dependent-vector-fields-have-local-smooth-evolution-operators	pending		
thm-tonelli-and-fubini-for-completed-product-measures	pending		A-P
thm-tonelli-for-nonnegative-double-series	pending		
thm-tonelli-theorem-for-sigma-finite-product-spaces	pending		A-P
thm-top-is-complete-and-cocomplete-and-its-underlying-set-functor-preserves-both	pending		
thm-topological-burnside-basis-theorem	pending		
thm-topological-characterisation-of-pro-p-groups	pending		
thm-topological-characterisation-of-profinite-groups	pending		
thm-topological-group-uniformities-induce-the-given-topology	pending		
thm-topological-manifolds-are-metrizable-and-paracompact	pending		U-P
thm-topological-manifolds-are-sigma-compact	pending		
thm-tor-of-two-cyclic-abelian-groups	pending		A-R
thm-tor-one-of-a-cyclic-abelian-group-detects-n-torsion	pending		A-R
thm-tor-symmetry-over-a-commutative-ring	pending		A-R
thm-torsion-free-abelian-groups-are-reflective-in-abelian-groups	pending		
thm-torsion-theorem-for-c-prime-one-sixth-groups	pending		A-P
thm-total-derivative-computes-directional-and-partial-derivatives	pending		
thm-total-differentiability-gives-a-local-linear-bound-and-continuity	pending		
thm-total-variation-function-of-an-absolutely-continuous-function	pending		U-P
thm-total-variation-is-a-measure	pending		A-P
thm-total-variation-is-the-supremum-of-unit-bounded-simple-integrals	pending		
thm-total-variation-of-a-complex-measure-is-finite	pending		
thm-total-variation-of-an-absolutely-continuous-signed-or-complex-measure-has-density-the-absolute-value	pending		A-P
thm-totality-is-not-recognizable	pending		U-P
thm-totality-is-pi-two-complete	pending		A-P
thm-totient-of-a-prime-power	pending		
thm-tournament-property-s-k-existence	pending		
thm-tower-law-for-finite-field-extensions	pending		
thm-trace-form-is-nondegenerate-iff-separable	pending		
thm-trace-is-a-sigma-algebra	pending		
thm-trace-is-sum-of-eigenvalues	pending		
thm-trace-of-ab-equals-trace-of-ba	pending		
thm-transfer-matrix-cofactor-formula	pending		
thm-transfinite-description-of-generated-sigma-algebras	pending		
thm-transfinite-induction	pending		
thm-transfinite-recursion	pending		
thm-transitive-actions-are-coset-actions	pending		
thm-transitive-imprimitive-groups-embed-in-an-imprimitive-wreath-product	pending		
thm-transitivity-of-algebraicity	pending		
thm-transitivity-of-induction-for-finite-groups	pending		
thm-transitivity-of-integrality	pending		
thm-translation-is-continuous-in-l-p-for-one-le-p-less-infinity	pending		U-P
thm-transpose-kernel-range-and-rank	pending		
thm-transpositions-generate-the-symmetric-group	pending		
thm-transversality-homotopy-theorem	pending		
thm-transverse-fibre-product-theorem	pending		
thm-transverse-preimage-theorem	pending		
thm-tree-characterisations	pending		
thm-triangle-content-and-base-height-formula	pending		
thm-triangle-counting-lemma-for-regular-triples	pending		
thm-triangular-decomposition-from-a-chosen-positive-root-system	existing_finding	terra-lie-02-receipts.json	U-P
thm-triangularisation-splitting-criterion	pending		
thm-triangulations-of-a-convex-polygon-correspond-to-binary-trees	pending		
thm-trigonometric-integral-unit-circle-substitution	pending		
thm-triple-angle-identities	pending		
thm-trivial-zeros-and-critical-strip	pending		
thm-truncated-centering-criterion-for-an-iid-weak-law	pending		U-P
thm-truncated-perron-formula	pending		
thm-truncation-weak-law-for-independent-arrays	pending		U-P
thm-tubular-neighbourhood-theorem-in-a-smooth-ambient-manifold	pending		A-R
thm-tukey-finite-character-equivalent-to-choice	pending		
thm-turan-density-exists	pending		
thm-turan-exact-and-unique	pending		
thm-turing-degrees-form-an-upper-semilattice	pending		U-P
thm-twelvefold-way	pending		
thm-twisted-poisson-summation	pending		
thm-two-adic-hilbert-symbol-formula	pending		
thm-two-element-subsets-count	pending		
thm-two-finite-generating-sets-of-a-group-give-bilipschitz-equivalent-word-metrics	pending		
thm-two-maps-into-a-convex-set-are-homotopic	pending		
thm-two-metric-spaces-are-quasi-isometric-exactly-when-they-contain-bilipschitz-equivalent-separated-nets	pending		A-P
thm-two-out-of-three-for-quasi-isomorphisms	pending		
thm-two-sided-change-of-basis-formula	pending		
thm-two-sided-limit-iff-both-one-sided	pending		
thm-two-square-representation-count	pending		
thm-two-variable-constant-coefficient-canonical-principal-forms	pending		
thm-two-variable-type-and-characteristic-directions-are-coordinate-invariant	pending		
thm-two-vector-fields-commute-if-and-only-if-their-local-flows-commute	pending		
thm-tychonoff	pending		U-P
thm-tychonoff-embedding-theorem	pending		
thm-ultrafilter-characterisation	pending		
thm-ultrafilter-lemma	pending		
thm-unbracketed-tensor-strings-are-well-defined-expressions	pending		
thm-undecidable-languages-exist-in-p-poly	pending		U-P
thm-uniform-abel-test-for-function-series	pending		
thm-uniform-boundedness-principle	pending		U-P
thm-uniform-cauchy-criterion-complex-functions	pending		
thm-uniform-cauchy-criterion-real-functions	pending		
thm-uniform-completion-universal-property-and-uniqueness	pending		
thm-uniform-continuity-preserves-cauchy	pending		
thm-uniform-derivative-limit-on-a-closed-interval	pending		U-P
thm-uniform-dirichlet-test-for-function-series	pending		
thm-uniform-integrability-equivalent-to-l-one-boundedness-and-uniform-absolute-continuity-on-finite-measure-spaces	pending		
thm-uniform-integrability-plus-probability-convergence-implies-l1-convergence	pending		
thm-uniform-limit-continuous-complex-functions	pending		
thm-uniform-limit-continuous-real-functions	pending		
thm-uniform-limit-interchanges-complex-line-integrals	pending		
thm-uniform-limit-interchanges-riemann-integration	pending		
thm-uniform-limit-theorem	pending		
thm-uniform-limits-on-compacta-of-harmonic-functions-are-harmonic	pending		U-P
thm-uniformity-induces-a-topology	pending		
thm-uniformizable-iff-completely-regular	pending		U-P
thm-uniformly-continuous-extension-from-dense	pending		
thm-uniformly-continuous-maps-are-continuous	pending		
thm-unions-of-connected-sets	pending		
thm-unique-coordinates-with-respect-to-an-ordered-basis	pending		
thm-unique-extension-of-a-nonarchimedean-absolute-value	pending		
thm-unique-factorisation-of-ideals-in-dedekind-domains	pending		
thm-unique-maximal-integral-curve-through-each-point	pending		
thm-unique-reduced-path-characterisation-of-simplicial-trees	pending		
thm-unique-reduced-positive-definite-binary-quadratic-form	pending		
thm-uniqueness-complete-ordered-field	pending		
thm-uniqueness-in-weierstrass-preparation	pending		
thm-uniqueness-of-a-classical-quasilinear-solution-before-characteristic-crossing	pending		
thm-uniqueness-of-analytic-continuation	pending		
thm-uniqueness-of-dirichlet-series-coefficients	pending		
thm-uniqueness-of-finite-fields	pending		
thm-uniqueness-of-invariant-factors-and-elementary-divisors-over-a-pid	pending		
thm-uniqueness-of-lifts-from-a-connected-space	pending		
thm-uniqueness-of-the-lebesgue-stieltjes-measure-on-r	pending		A-P
thm-uniqueness-of-two-square-representation-of-a-prime	pending		
thm-uniqueness-of-wedderburn-artin-data	pending		
thm-unit-components-are-initial-in-their-comma-categories	pending		
thm-unit-criterion-modulo-n	pending		
thm-unit-disc-schwarz-lemma-with-rigidity	pending		
thm-unit-group-chinese-remainder-decomposition	pending		
thm-unit-group-modulo-odd-prime-power-is-cyclic	pending		
thm-unit-group-modulo-two-power-structure	pending		
thm-unit-isomorphisms-for-module-tensor-products	pending		
thm-unit-semicircle-arc-length-is-pi	pending		
thm-unit-square-criterion-modulo-n	pending		
thm-unit-square-criterion-modulo-odd-prime-powers	pending		
thm-unit-square-criterion-modulo-two-powers	pending		
thm-universal-arrows-are-initial-or-terminal-in-comma-categories	pending		
thm-universal-coefficient-sequence-for-group-cohomology-in-degree-two	pending		
thm-universal-coefficient-theorem-for-cohomology-over-a-pid	pending		A-P
thm-universal-coefficient-theorem-for-homology-over-a-pid	pending		
thm-universal-cover-existence	pending		
thm-universal-cover-uniqueness-and-dominating-property	pending		
thm-universal-covering-spaces-force-semilocal-simple-connectedness	pending		
thm-universal-elements-and-universal-factorisations	pending		
thm-universal-elements-are-initial-or-terminal-in-the-category-of-elements	pending		
thm-universal-nets-and-ultrafilters-correspond	pending		
thm-universal-property-and-uniqueness-of-complexification	pending		
thm-universal-property-and-uniqueness-of-exterior-powers	pending		
thm-universal-property-localisation-of-a-module	pending		
thm-universal-property-of-a-polynomial-ring	pending		
thm-universal-property-of-a-polynomial-ring-on-a-family	pending		
thm-universal-property-of-adjoining-an-irreducible-root	pending		
thm-universal-property-of-an-inverse-limit-of-modules	pending		
thm-universal-property-of-free-modules	pending		
thm-universal-property-of-localisation	pending		
thm-universal-property-of-module-direct-sums	pending		
thm-universal-property-of-module-tensor-products	pending		
thm-universal-property-of-profinite-completion	pending		
thm-universal-property-of-the-central-product	pending		
thm-universal-property-of-the-field-of-fractions	pending		
thm-universal-property-of-the-finite-dimensional-exterior-power	pending		
thm-universal-property-of-the-normed-quotient	pending		
thm-universal-property-of-the-quotient	pending		
thm-universal-property-of-verma-modules	pending		
thm-unlabelled-unlabelled-placement-counts	pending		
thm-unordered-summability-of-real-families	pending		U-P
thm-unparametrized-trajectory-space-is-a-smooth-manifold	pending		
thm-unpivoted-unit-lower-lu-exists-iff-leading-principal-minors-are-nonzero	pending		
thm-unramified-frobenius-element-exists-uniquely	pending		
thm-unrestarted-gmres-terminates-in-at-most-the-relative-grade-in-exact-arithmetic	pending		
thm-unshifted-qr-converges-under-separated-moduli-and-leading-minor-hypotheses	pending		
thm-upper-and-lower-central-characterizations-of-nilpotence	pending		
thm-upper-envelope-theorem-for-plane-subharmonic-functions	pending		
thm-upper-envelope-theorem-for-plurisubharmonic-functions	pending		
thm-upper-half-plane-automorphisms-are-real-mobius-maps	pending		
thm-upper-semicontinuity-fibre-dimension-projective	pending		U-P
thm-urysohn-lemma	pending		U-P
thm-valuation-ring-characterisations	pending		
thm-valuation-ring-is-integrally-closed	pending		
thm-van-der-waerden-with-monochromatic-difference	pending		
thm-van-kampen-lemma	pending		A-P
thm-vandermonde-identity	pending		
thm-variance-of-a-finite-sum	pending		
thm-vector-bundle-construction-from-a-smooth-cocycle	pending		
thm-vector-fields-form-a-lie-algebra	pending		A-P
thm-verifier-and-nondeterministic-definitions-of-np-agree	pending		U-P
thm-verma-embedding-for-an-arbitrary-positive-root	pending		U-P
thm-verma-homomorphism-spaces-have-dimension-at-most-one	pending		U-P
thm-verma-module-has-a-unique-simple-quotient	pending		
thm-vertex-cover-reduces-to-set-cover	pending		U-P
thm-vertical-egfs-for-the-stirling-triangles	pending		
thm-vieta-expansion-in-elementary-symmetric-polynomials	pending		
thm-viete-product-for-pi	pending		
thm-vitali-convergence-theorem-on-finite-and-sigma-finite-measure-spaces	excluded_inherited_impact_only_no_new_u_p	prior-findings-receipts.json	
thm-vitali-covering-lemma-for-balls-with-fivefold-dilates	pending		A-R
thm-vitali-covering-theorem-for-fine-covers-on-the-line	pending		U-P
thm-vitali-porter-convergence-theorem	pending		
thm-vitali-sets-exist-under-choice-on-r-over-q	pending		U-P
thm-volume-of-a-closed-three-ball-cavalieri-proof	pending		
thm-volume-of-a-solid-of-revolution-by-discs	pending		
thm-volume-recursion-for-closed-euclidean-balls	pending		
thm-von-dyck	pending		
thm-von-mangoldt-divisor-sum-identity	pending		
thm-von-mangoldt-explicit-formula-smoothed	pending		
thm-von-mangoldt-explicit-formula-truncated	pending		
thm-von-mangoldt-logarithmic-derivative-zeta	pending		
thm-wallis-product-for-pi	pending		
thm-weak-approximation-for-rational-places	pending		
thm-weak-enriched-yoneda-lemma	pending		
thm-weak-four-lemma-with-the-exactness-hypotheses-named	pending		
thm-weak-global-dimension-is-detected-by-tor-and-is-left-right-symmetric	no_candidate_found	tor-pilot.json	
thm-weak-maximum-principle-for-the-laplacian	pending		
thm-weak-whitney-immersion-theorem	pending		
thm-weak-whitney-proper-embedding-theorem	pending		A-P
thm-wedderburn-artin-theorem	pending		
thm-wedge-product-is-associative-and-graded-commutative	pending		
thm-weierstrass-convergence-holomorphic-functions	pending		
thm-weierstrass-division-theorem	pending		
thm-weierstrass-factorization-for-entire-functions	pending		
thm-weierstrass-m-test-for-complex-function-series	pending		
thm-weierstrass-m-test-for-function-series	pending		U-P
thm-weierstrass-preparation-theorem	pending		
thm-weierstrass-product-theorem-on-the-complex-plane	pending		
thm-weighted-am-gm-rational	pending		
thm-weighted-am-gm-real	pending		
thm-weighted-argument-principle	pending		
thm-weighted-limits-over-a-representable-weight-are-evaluation	pending		
thm-weighted-pattern-inventory-formula	pending		
thm-weighted-walks-are-entries-of-transfer-matrix-powers	pending		
thm-well-ordering-implies-ac	pending		
thm-well-ordering-principle	pending		
thm-well-ordering-theorem	pending		
thm-weyl-inequalities-for-self-adjoint-sums	pending		
thm-weyl-lemma-for-the-laplacian	pending		U-P
thm-when-a-category-is-tensored-every-limit-in-it-is-a-conical-enriched-limit	pending		
thm-whitney-approximation-for-euclidean-valued-maps	pending		A-R
thm-whitney-approximation-for-manifold-valued-maps	pending		A-R
thm-whitney-connectivity-inequalities	pending		
thm-whitney-sums-are-smooth-vector-bundles	pending		
thm-wiener-algebra-is-a-banach-algebra	pending		
thm-wiener-lemma-for-absolutely-convergent-fourier-series	pending		U-P
thm-wilkinson-shifted-symmetric-tridiagonal-qr-has-local-deflation-away-from-ties	pending		
thm-wilsons-theorem	pending		
thm-winding-number-chain-laws	pending		
thm-winding-number-circle-traversed-k-times	pending		
thm-winding-number-equals-circle-degree	pending		
thm-winding-number-is-integer	pending		
thm-winding-number-locally-constant	pending		
thm-winding-number-of-a-cycle-is-integer	pending		
thm-winding-number-zero-unbounded-component	pending		
thm-wirtinger-chain-rule-for-real-differentiable-maps	pending		
thm-word-problem-for-finitely-generated-abelian-groups	no_candidate_found	root-pilot.json	
thm-word-problem-for-free-groups	pending		
thm-word-problem-for-free-products-and-amalgams-with-decidable-membership	pending		
thm-word-quotient-model-is-a-group	pending		
thm-word-quotient-model-is-free	pending		
thm-words-avoiding-finitely-many-factors-have-rational-generating-functions	pending		
thm-worpitzky-identity	pending		
thm-x-adic-completeness-and-polynomial-density	pending		
thm-yoneda-embedding-is-fully-faithful	pending		
thm-yoneda-ext-one-is-naturally-isomorphic-to-derived-ext-one	pending		
thm-yoneda-lemma-is-natural-in-both-variables	pending		
thm-yoneda-product-is-associative-and-unital	pending		
thm-young-convolution-inequality	pending		A-P
thm-young-inequality	pending		
thm-young-inequality-real-exponents	pending		
thm-young-mixed-partial-theorem	pending		
thm-young-riemann-stieltjes-existence-rational	pending		
thm-z-mod-p-is-a-field	pending		
thm-zassenhaus-butterfly-lemma	pending		
thm-zassenhaus-butterfly-lemma-in-an-abelian-category	pending		
thm-zero-complex-derivative-on-a-domain-implies-constant	pending		
thm-zero-derivative-on-connected-open-euclidean-set-iff-constant	pending		
thm-zero-divisor-theorem-on-plane-domains	pending		
thm-zero-divisors-on-a-module	pending		
thm-zero-exponent-is-bounded-by-entire-order	pending		
thm-zero-order-factorization-holomorphic-function	pending		
thm-zero-set-has-no-isolated-points-in-several-complex-variables	pending		
thm-zero-th-left-derived-functor-of-a-right-exact-functor-recovers-the-functor	pending		
thm-zero-th-right-derived-functor-of-a-left-exact-functor-recovers-the-functor	pending		
thm-zeta-bounds-in-classical-zero-free-region	pending		
thm-zorn	pending		
thm-zorn-implies-ac	pending		
thm-zp-is-compact-hausdorff-totally-disconnected-and-complete	pending		
thm-zp-is-the-pro-p-completion-of-the-integers	pending		
